technique_i,technique_j,year,positive_excess,strict_positive,above_1e_minus12
T1003,T1053,2002,0.0,False,False
T1003,T1053,2003,0.0,False,False
T1003,T1053,2004,0.0,False,False
T1003,T1053,2005,0.0,False,False
T1003,T1053,2006,0.0,False,False
T1003,T1053,2007,0.0,False,False
T1003,T1053,2008,0.0016960521324106753,True,True
T1003,T1053,2009,1.691355389077387e-17,True,False
T1003,T1053,2010,0.003647195211687106,True,True
T1003,T1053,2011,0.00016086490154441566,True,True
T1003,T1053,2012,0.002915259127516578,True,True
T1003,T1053,2013,0.001767487833720148,True,True
T1003,T1053,2014,0.002111785730095346,True,True
T1003,T1053,2015,0.0009143020011805987,True,True
T1003,T1053,2016,0.004174996936047796,True,True
T1003,T1053,2017,0.004297071155678303,True,True
T1003,T1053,2018,0.006437484715128505,True,True
T1003,T1053,2019,0.006819966608630526,True,True
T1003,T1053,2020,0.007445028117593597,True,True
T1003,T1053,2021,0.010427642062423154,True,True
T1003,T1053,2022,0.02680609715050037,True,True
T1003,T1053,2023,0.0003803823773897083,True,True
T1012,T1027,2002,0.0,False,False
T1012,T1027,2003,0.0,False,False
T1012,T1027,2004,0.0,False,False
T1012,T1027,2005,0.0,False,False
T1012,T1027,2006,0.0,False,False
T1012,T1027,2007,0.0,False,False
T1012,T1027,2008,0.01741891379232565,True,True
T1012,T1027,2009,0.010705955161784337,True,True
T1012,T1027,2010,0.0007812360635362672,True,True
T1012,T1027,2011,3.903127820947816e-18,True,False
T1012,T1027,2012,0.006257915973353817,True,True
T1012,T1027,2013,4.730294912383507e-05,True,True
T1012,T1027,2014,0.002221455134242569,True,True
T1012,T1027,2015,0.0005221482911140394,True,True
T1012,T1027,2016,0.0,False,False
T1012,T1027,2017,0.0012517598095082238,True,True
T1012,T1027,2018,0.003611533187922464,True,True
T1012,T1027,2019,0.009351631392952382,True,True
T1012,T1027,2020,0.018103880496996717,True,True
T1012,T1027,2021,0.008259951172665465,True,True
T1012,T1027,2022,0.014545804465071088,True,True
T1012,T1027,2023,0.0009509559434745032,True,True
T1012,T1057,2002,0.0,False,False
T1012,T1057,2003,0.0,False,False
T1012,T1057,2004,0.0,False,False
T1012,T1057,2005,0.0,False,False
T1012,T1057,2006,0.0,False,False
T1012,T1057,2007,0.0,False,False
T1012,T1057,2008,0.012032802290751255,True,True
T1012,T1057,2009,0.004858856573425197,True,True
T1012,T1057,2010,0.0,False,False
T1012,T1057,2011,0.0019408842814910314,True,True
T1012,T1057,2012,0.006013241216159651,True,True
T1012,T1057,2013,0.0013938602341823027,True,True
T1012,T1057,2014,0.0011625996360022945,True,True
T1012,T1057,2015,0.0003942106578800356,True,True
T1012,T1057,2016,0.006432526134742084,True,True
T1012,T1057,2017,0.005494481539142369,True,True
T1012,T1057,2018,0.0009290095705121876,True,True
T1012,T1057,2019,0.018796528668490946,True,True
T1012,T1057,2020,0.03035595431792598,True,True
T1012,T1057,2021,0.01705872353293845,True,True
T1012,T1057,2022,3.469446951953614e-18,True,False
T1012,T1057,2023,0.0038038237738985195,True,True
T1056.001,T1113,2002,0.0,False,False
T1056.001,T1113,2003,0.0,False,False
T1056.001,T1113,2004,0.0,False,False
T1056.001,T1113,2005,0.0,False,False
T1056.001,T1113,2006,0.0,False,False
T1056.001,T1113,2007,0.0,False,False
T1056.001,T1113,2008,0.020742259186914067,True,True
T1056.001,T1113,2009,0.010273599280250744,True,True
T1056.001,T1113,2010,0.005363774178690082,True,True
T1056.001,T1113,2011,0.018295044877550473,True,True
T1056.001,T1113,2012,0.01743333494850571,True,True
T1056.001,T1113,2013,0.008157103052339918,True,True
T1056.001,T1113,2014,0.0,False,False
T1056.001,T1113,2015,0.0008946140721087211,True,True
T1056.001,T1113,2016,0.0,False,False
T1056.001,T1113,2017,0.0012616537564695933,True,True
T1056.001,T1113,2018,0.0,False,False
T1056.001,T1113,2019,0.004427858614253811,True,True
T1056.001,T1113,2020,0.005111468332560144,True,True
T1056.001,T1113,2021,0.008944826455082384,True,True
T1056.001,T1113,2022,0.0,False,False
T1056.001,T1113,2023,0.015334164588528683,True,True
T1057,T1083,2002,0.0,False,False
T1057,T1083,2003,0.0,False,False
T1057,T1083,2004,0.0,False,False
T1057,T1083,2005,0.0,False,False
T1057,T1083,2006,0.0,False,False
T1057,T1083,2007,0.0,False,False
T1057,T1083,2008,0.0,False,False
T1057,T1083,2009,0.005064740326536435,True,True
T1057,T1083,2010,0.0,False,False
T1057,T1083,2011,0.0020774552999450703,True,True
T1057,T1083,2012,0.0011051905326275066,True,True
T1057,T1083,2013,0.0,False,False
T1057,T1083,2014,0.002160690440690947,True,True
T1057,T1083,2015,0.0026820188413413213,True,True
T1057,T1083,2016,0.0023206791228811974,True,True
T1057,T1083,2017,0.002019348351871745,True,True
T1057,T1083,2018,0.008841322206171679,True,True
T1057,T1083,2019,0.0039409790701990695,True,True
T1057,T1083,2020,0.012103194080918632,True,True
T1057,T1083,2021,0.01652384975329866,True,True
T1057,T1083,2022,0.0,False,False
T1057,T1083,2023,0.028220749713018828,True,True
T1082,T1083,2002,0.0,False,False
T1082,T1083,2003,0.0,False,False
T1082,T1083,2004,0.0,False,False
T1082,T1083,2005,0.0,False,False
T1082,T1083,2006,0.0,False,False
T1082,T1083,2007,0.0,False,False
T1082,T1083,2008,0.0025669978220269523,True,True
T1082,T1083,2009,0.0,False,False
T1082,T1083,2010,0.0,False,False
T1082,T1083,2011,3.903127820947816e-18,True,False
T1082,T1083,2012,0.001215709585890257,True,True
T1082,T1083,2013,0.0,False,False
T1082,T1083,2014,0.0019854839992528295,True,True
T1082,T1083,2015,0.0026090838419476135,True,True
T1082,T1083,2016,0.0013048787080006197,True,True
T1082,T1083,2017,0.002751214809900639,True,True
T1082,T1083,2018,0.01116881228361927,True,True
T1082,T1083,2019,0.010431486345357023,True,True
T1082,T1083,2020,0.0078027559404442795,True,True
T1082,T1083,2021,0.014802779879328674,True,True
T1082,T1083,2022,0.0,False,False
T1082,T1083,2023,0.023932391244111798,True,True
