canonical_document_id,n_techniques,pair_potential
CANON-9876eba64c73548d,128,8128
CANON-59f1b14a3ff9354f,114,6441
CANON-8d8edb6360b2f71d,104,5356
CANON-e03ebe7af3504078,97,4656
CANON-63760f44e57b922d,86,3655
CANON-e789adf7a312471f,76,2850
CANON-f2455bdcf1836afc,74,2701
CANON-79ad72125da2c956,65,2080
CANON-fef3609f41e7904d,60,1770
CANON-9217efdaa1a7cdfd,59,1711
CANON-d1c29f20fc6ec4f6,59,1711
CANON-e2ed4ac613f3b23f,46,1035
CANON-946c60075e010a92,45,990
CANON-9d72c0a34b837157,43,903
CANON-b6aa6412294cdf30,43,903
CANON-2d7d71c2f072c528,41,820
CANON-cf031722ffa08180,41,820
CANON-b08925405f99641e,40,780
CANON-b8a7950e0ea2e40c,39,741
CANON-0125d8ecf108d7fa,34,561
CANON-e4c4763672a224ad,34,561
CANON-2d9aeab952f49393,33,528
CANON-13486832b28b8a8b,32,496
CANON-37d9a289cd029343,32,496
CANON-54f1a113ae41a2a1,31,465
CANON-a7958915da89c588,31,465
CANON-4ad9a9e15327d48d,29,406
CANON-7849da01528cb792,29,406
CANON-e722f9852c93d84f,29,406
CANON-047d4a9cc9e4feaa,28,378
CANON-3d24a24e90cb44fd,28,378
CANON-4cf6117e09c4d765,27,351
CANON-a92a0a0ae1522dae,27,351
CANON-a12a74f7cb26476c,25,300
CANON-81e1231cf4c76289,23,253
CANON-c8c943ddf2f81b2c,23,253
CANON-0614efa61e81250c,22,231
CANON-3ae30fca4fe64977,22,231
CANON-a5342a348b1ca839,22,231
CANON-be5e5a70ad1593cf,22,231
CANON-fb8c24c7cfbe49c4,22,231
CANON-1b85703d63d752a1,21,210
CANON-4d93ceb8cd8f0bbe,21,210
CANON-6406e7563a0bb426,21,210
CANON-a69dd5a93283b585,21,210
CANON-cc8f69228582a200,21,210
CANON-0b8e23bda20f8938,20,190
CANON-41a2d6e765a3a562,20,190
CANON-45cf5dff921103e3,20,190
CANON-54401ca689174c6f,20,190
CANON-d886eb748fe17592,20,190
CANON-f2869e75be09cb45,20,190
CANON-83fe2609899a13a3,19,171
CANON-a3d7997d10a45f85,19,171
CANON-b96313451a444ea5,19,171
CANON-f5463dd2df260001,19,171
CANON-018e393893a134a0,18,153
CANON-13e578cf695fd078,18,153
CANON-40b0705000abf1d6,18,153
CANON-a3059d85ffc003eb,18,153
CANON-abd41bc4efd36f90,18,153
CANON-e6155a2637946556,18,153
CANON-86e036010b2a66eb,17,136
CANON-91184f83c6910d79,17,136
CANON-934b16c0db009d9e,17,136
CANON-c4a684b791912370,17,136
CANON-70d19d67da772d43,16,120
CANON-d08d8acf911c805b,16,120
CANON-e12b1c742bd528d2,16,120
CANON-ffe8bdc647be8835,16,120
CANON-18b6a9bf786b88fe,15,105
CANON-2bffe570676228ab,15,105
CANON-9733cab3669838e7,15,105
CANON-b14885f36d6af45f,15,105
CANON-7ee66b6b99aa13ba,14,91
CANON-a1553fc7ee35e453,14,91
CANON-badcd2940575cee4,14,91
CANON-f184439acafe45dd,14,91
CANON-4af51c89d0c31753,13,78
CANON-97c38ef07b3173c9,13,78
CANON-0b9eeed5597456ef,12,66
CANON-2521f52079370f60,12,66
CANON-85f888aac6ca58b2,12,66
CANON-a117eac7394fdb26,12,66
CANON-b545dea14874f53b,12,66
CANON-f02b9aabe92fcdf3,12,66
CANON-04953c58b1c2c721,11,55
CANON-3bbf3e99a222655a,11,55
CANON-402d443f2f58ec23,11,55
CANON-66e6c3ebd246d4e8,11,55
CANON-6e65f9a883a27954,11,55
CANON-6efb9cd11460e54d,11,55
CANON-71f769b5586cd6f8,11,55
CANON-7b4a225a11f366ac,11,55
CANON-8952d860d53e7754,11,55
CANON-8f952ca55a6cd126,11,55
CANON-a293601832ea8423,11,55
CANON-af1784f71848867a,11,55
CANON-1fd6623f0e6f618d,10,45
CANON-3c78f567e2e82cc2,10,45
CANON-7361e280a38bad86,10,45
CANON-858d6e7056006d0f,10,45
CANON-86c3f766265d58c4,10,45
CANON-8aa08a122c207edd,10,45
CANON-ac0e44c0dd4c8409,10,45
CANON-ccec821927e7b0cc,10,45
CANON-e88901c261cfedb7,10,45
CANON-eb2bb158873b941d,10,45
CANON-f9b0323209563f78,10,45
CANON-110808eff8d2f05d,9,36
CANON-145a83f7a5e21e33,9,36
CANON-3dc48a0a53373eda,9,36
CANON-83c46716acc0357b,9,36
CANON-915bcd44e90b61b8,9,36
CANON-a9398002ecb8d8dd,9,36
CANON-b3c9986aad1678bb,9,36
CANON-b793eec36b376aa6,9,36
CANON-b862bc34c674c93a,9,36
CANON-bcfb459ab91ea39f,9,36
CANON-d37f63889a9b1490,9,36
CANON-f585800daa27a5b6,9,36
CANON-00cfa556de3ad8c2,8,28
CANON-2d434c0f078c3960,8,28
CANON-395af9726f48124d,8,28
CANON-47f088cb59e8b168,8,28
CANON-56e070f937718c8a,8,28
CANON-62588ba5363ad7a0,8,28
CANON-8d576eb35c39dfa6,8,28
CANON-a68efbc64a18653e,8,28
CANON-a9a7766085ee00ae,8,28
CANON-bddd213727efba48,8,28
CANON-d84566bc0fe9c517,8,28
CANON-eae2aea130723c63,8,28
CANON-fccad9a009a96665,8,28
CANON-03a15209fd6a0bbe,7,21
CANON-08f9aad4ead29418,7,21
CANON-110d67e00f4de706,7,21
CANON-141744b4951c729a,7,21
CANON-1c77e5cb6295f5c3,7,21
CANON-2b4e4b67a74dc09c,7,21
CANON-57180e22f5b32434,7,21
CANON-65007f9ebf6b51f3,7,21
CANON-6af70bb2c6542cd0,7,21
CANON-6d870b54d6ab063e,7,21
CANON-7513f4210e19b4bf,7,21
CANON-8184f22edc693c2d,7,21
CANON-15afe5dce76f442a,6,15
CANON-1c05128919ac783f,6,15
CANON-2410d5a7b2ae24d5,6,15
CANON-256a4ddb117e6c34,6,15
CANON-2f91f81b01ef7338,6,15
CANON-3b1e11c26a818def,6,15
CANON-41a4f41b318bf669,6,15
CANON-43c4fd3375965ebf,6,15
CANON-49c2b85aef2fe03f,6,15
CANON-527b5084e9588129,6,15
CANON-5e7dfe76fe7447ec,6,15
CANON-61f8d5a6dc7275d7,6,15
CANON-671924e5efc8ba1e,6,15
CANON-72d11e9c70fe0cc2,6,15
CANON-80281f5998c4bac3,6,15
CANON-94392375eccb433a,6,15
CANON-94e196d1a3c419ab,6,15
CANON-9e5a50cce2816d0e,6,15
CANON-b52e00c796ff55a1,6,15
CANON-bbdb61ee928be4eb,6,15
CANON-c485bbcddca5e855,6,15
CANON-dc8367f2b6d0a68c,6,15
CANON-e4b17fb477c8e2b5,6,15
CANON-ed068e7a2f5a9876,6,15
CANON-f20a33d125cc4239,6,15
CANON-fdd9315bf48bfea0,6,15
CANON-021f65cb3c07c94d,5,10
CANON-0bb5ab3ce71583d9,5,10
CANON-14172b08add3a36c,5,10
CANON-19473a747d0d0d28,5,10
CANON-1a30faf9664a0a21,5,10
CANON-23265b33f7c33993,5,10
CANON-271812b127cc0e5c,5,10
CANON-3515345338049be9,5,10
CANON-3e27074609e9bd65,5,10
CANON-53415d6ab5b2e23a,5,10
CANON-58ce629acaf8a1ee,5,10
CANON-5c552886c8b09b37,5,10
CANON-619695159f476d3e,5,10
CANON-62cc1150919ac077,5,10
CANON-761c8e4b84fbe553,5,10
CANON-79033790a0fc0d4a,5,10
CANON-7a32ed15d148729a,5,10
CANON-7bfe8d3ec44a134d,5,10
CANON-8599d327d62431f4,5,10
CANON-8599e324945b4d2d,5,10
CANON-875c381e4202efa8,5,10
CANON-87e063a78a80119a,5,10
CANON-8914f230763e3488,5,10
CANON-8cf93345b439de18,5,10
CANON-8de829d10e072183,5,10
CANON-8fcfa97f59c9e13a,5,10
CANON-9270a80b4f19283f,5,10
CANON-93ed708395e61508,5,10
CANON-968bad38db309bd5,5,10
CANON-9f3853028973177b,5,10
CANON-a201c000217ea1fa,5,10
CANON-a5b8dfc8572a68dd,5,10
CANON-a7d2376167dc053c,5,10
CANON-a8ae8071c5a8ca7b,5,10
CANON-ab738eeb1d6a07dc,5,10
CANON-bad9461330d02d51,5,10
CANON-be30edc26e5e58a4,5,10
CANON-cbcafb31213832f2,5,10
CANON-d01cf137fd566ff6,5,10
CANON-d1583df9fba7b8e6,5,10
CANON-d27734924a3f79ab,5,10
CANON-d3eefe0272e2f2b8,5,10
CANON-df0c6b72adddbda2,5,10
CANON-df5254773330bfeb,5,10
CANON-eb2cf9e2befb8739,5,10
CANON-ecb6881b72bbd109,5,10
CANON-f12799a44e2abf81,5,10
CANON-0c8efdfef7fd45a3,4,6
CANON-0d4a4c14afcdcd18,4,6
CANON-0db80a520878d406,4,6
CANON-0def1e199adfbf0d,4,6
CANON-10f0193535227395,4,6
CANON-13b706fa37969a26,4,6
CANON-1bf058bb4b190fe8,4,6
CANON-20b0af5cfcc8cc89,4,6
CANON-22e29a8fa6f3d360,4,6
CANON-2388bf68824c8f64,4,6
CANON-2a7cf9f5964299e1,4,6
CANON-2e82a0befb02ab3e,4,6
CANON-356ea7152e38ad9a,4,6
CANON-40cda198f957272a,4,6
CANON-4113b11fc2b11419,4,6
CANON-45aabfcc1ebe4bc0,4,6
CANON-4d7447fa51b2d90e,4,6
CANON-6502130609641323,4,6
CANON-65024f9defe8815d,4,6
CANON-692d45a65f7e92a1,4,6
CANON-6e06e47fd9fdc168,4,6
CANON-744c14b10424b826,4,6
CANON-78a5e5d24f4a97aa,4,6
CANON-7c452764ac2dc1d8,4,6
CANON-7cbd0b9303d9e42e,4,6
CANON-7d29305b6df30952,4,6
CANON-7d2be00507a4fa6f,4,6
CANON-844e2d430cc3c381,4,6
CANON-852028cf0730311c,4,6
CANON-854325874f37d9c2,4,6
CANON-8639b63a1b9cfe85,4,6
CANON-897297c6f18f550a,4,6
CANON-8cc1cd3b6e8a5e65,4,6
CANON-960a163c1f0ba8ab,4,6
CANON-9f72e5470f33b5bd,4,6
CANON-a54f20ab2417da3d,4,6
CANON-a655d9e1a873dcda,4,6
CANON-aaab78e6c38e1696,4,6
CANON-ab797a1d0dfe6517,4,6
CANON-b46aa83546e752ea,4,6
CANON-b4ee9b86810626f5,4,6
CANON-b9020b6ccd04b080,4,6
CANON-ba2b47b3a22d42e0,4,6
CANON-bb8cb0fa1309b703,4,6
CANON-bfacf578dc937b6c,4,6
CANON-cedb9d1559b5d6ac,4,6
CANON-cf5a40e77895f268,4,6
CANON-d7309b1598d7f9ff,4,6
CANON-d730c113b9f0aea9,4,6
CANON-da9f9a7bf164b5be,4,6
CANON-e5110e09ccbcbb23,4,6
CANON-e61ac4ba5751725c,4,6
CANON-ea285c0d0fa75f89,4,6
CANON-ee5f4105e9d9fc1d,4,6
CANON-ef7255fdd4605637,4,6
CANON-f2af395c4d2164b7,4,6
CANON-f599012a71396255,4,6
CANON-013acc903723bfa4,3,3
CANON-073916a0892452ff,3,3
CANON-095171e9e210d3ac,3,3
CANON-0ca40cf9cee62a38,3,3
CANON-0da640f8ef7f3f1c,3,3
CANON-0db3a9f98b009519,3,3
CANON-131bd8a296a537d0,3,3
CANON-159ab0a91a6e2aeb,3,3
CANON-15b59444b6f3353f,3,3
CANON-170bc0b0ab14f69d,3,3
CANON-1a0c8b244f5d3c04,3,3
CANON-1a35f251e192869b,3,3
CANON-1af6c4052170327e,3,3
CANON-1df65e1349874f98,3,3
CANON-1e58f072f3aad8d7,3,3
CANON-222be1f5e1e2793b,3,3
CANON-22881c1c6c72a007,3,3
CANON-22a969489fc23b3a,3,3
CANON-26f3be8592a025dc,3,3
CANON-2bda03134fc416e9,3,3
CANON-2be8d2818216b701,3,3
CANON-2eb03ba5c6a0bf54,3,3
CANON-304b3cff5e56f37c,3,3
CANON-30e9013df0cb66f8,3,3
CANON-3a33ec76797935c2,3,3
CANON-3b745d313884b00c,3,3
CANON-3ee729dac581a40b,3,3
CANON-400a2b20309f2c84,3,3
CANON-454bdac20c623582,3,3
CANON-4761818aa1d1929f,3,3
CANON-477b025b8520a438,3,3
CANON-49f70f284f8fcb00,3,3
CANON-4c746bc4a1b97e45,3,3
CANON-50e87e897f70f9bb,3,3
CANON-5200d42a68398b30,3,3
CANON-53bbd99415991bb0,3,3
CANON-5478d6ddedc14938,3,3
CANON-550c24a0ed81d873,3,3
CANON-58a5ddbe3b8aa03c,3,3
CANON-5c9356fe5b58f37a,3,3
CANON-5cccf34fbd0dcadf,3,3
CANON-5cceac374c047991,3,3
CANON-60666cda91302a86,3,3
CANON-61fb8e05d34e28fe,3,3
CANON-693afda35a571d9d,3,3
CANON-6aa4e7c96e175a5d,3,3
CANON-6b5f326fcca51b36,3,3
CANON-713317a3faadbf94,3,3
CANON-71620cbf87a8a7e0,3,3
CANON-73fafa70ee186219,3,3
CANON-74e46f228304931c,3,3
CANON-754e5de2d9aff5e4,3,3
CANON-76160928755f7308,3,3
CANON-77ddc0422088ac89,3,3
CANON-79a7e598fc69a054,3,3
CANON-7db66373f24d2fe8,3,3
CANON-8ccda80769fd6622,3,3
CANON-90f37fe27ecf45a2,3,3
CANON-917b1253b8f54c20,3,3
CANON-95db7ea96b0ae49a,3,3
CANON-967ced924049a675,3,3
CANON-9e7fef4fe7d9ab23,3,3
CANON-a0406cb4aa05cc07,3,3
CANON-a12eeb93af4c7484,3,3
CANON-a83a095e83a2b156,3,3
CANON-ad2f3f90c9ac0c37,3,3
CANON-ad3703817ae2974f,3,3
CANON-ad864f34cde60800,3,3
CANON-b36f06455eb4f3ea,3,3
CANON-b61fe3cfd67d5c79,3,3
CANON-b98adfa328c1ac52,3,3
CANON-bdba9008181a0344,3,3
CANON-bde77d7a7efd7dcf,3,3
CANON-bf47e42730535351,3,3
CANON-c51ca07769ec1e00,3,3
CANON-ca0ad55331ef5cfd,3,3
CANON-cb536858287c75a4,3,3
CANON-cb66744cec123208,3,3
CANON-cd32b0b08399b3fb,3,3
CANON-d1545c6220736954,3,3
CANON-d1fbd0127c57ce4e,3,3
CANON-d50886b06166d052,3,3
CANON-d64c4035e509aaa6,3,3
CANON-dd436b6224f13acd,3,3
CANON-dd600b0a0f2d07df,3,3
CANON-e9506100a54c33f9,3,3
CANON-e97246bf5997f01d,3,3
CANON-eac111a73edcb488,3,3
CANON-eee202d5913d1b17,3,3
CANON-ef0ba4e9fb692bbb,3,3
CANON-efaf147fe0edf35e,3,3
CANON-f344a577e2a5981e,3,3
CANON-f6e8a5f139233c14,3,3
CANON-f9bab7d02518ba94,3,3
CANON-fb6fc715ab970537,3,3
CANON-fe71f8c80f5b21d4,3,3
CANON-fed110ddb989b274,3,3
CANON-ff47042fdab124b1,3,3
CANON-01108237bc5ca32a,2,1
CANON-040fe10075104386,2,1
CANON-04ecf331d8a812f4,2,1
CANON-05baa5c68ddbd0df,2,1
CANON-061c179d06edf299,2,1
CANON-062ce5cdae6800a7,2,1
CANON-072722797a4173b6,2,1
CANON-080f80027b63aa14,2,1
CANON-0bf48794142aa2fb,2,1
CANON-0c96c71995d3d44b,2,1
CANON-0e08442ca94460e4,2,1
CANON-11706239312f8327,2,1
CANON-117616953ffeb06d,2,1
CANON-123f6a488732705c,2,1
CANON-143a29a6298b95fd,2,1
CANON-15b0f9e95ef8567e,2,1
CANON-166bf74a68fb80b5,2,1
CANON-175bc6c323bce668,2,1
CANON-1779a9d91cf51b29,2,1
CANON-1797fa84f331da39,2,1
CANON-188633567f4e01e1,2,1
CANON-1990eebb8964b8f3,2,1
CANON-1c3813563afed4af,2,1
CANON-209c64bf6b39f769,2,1
CANON-2117a67b872e6a34,2,1
CANON-227e017cc044b7b1,2,1
CANON-24667157797e159f,2,1
CANON-26012fa17f1cdc1d,2,1
CANON-2733e2b666c439b4,2,1
CANON-277fabcb05ed10ba,2,1
CANON-28402188888b3df6,2,1
CANON-28557447b09d020e,2,1
CANON-2900326af3b784c7,2,1
CANON-29982d8bc186732b,2,1
CANON-2aa98d1472d9fae7,2,1
CANON-2ab42ca4cd6b1ba1,2,1
CANON-2b411b1e73408696,2,1
CANON-2e9b5ce0ee1c0d6c,2,1
CANON-309aa1323d5e7524,2,1
CANON-3126ab9673314918,2,1
CANON-3142fcfce6699331,2,1
CANON-344b3980a3f4f604,2,1
CANON-34a5eaec6b1367d7,2,1
CANON-3570c230a7575917,2,1
CANON-37ba04bb9c72a800,2,1
CANON-386f272779e12fcf,2,1
CANON-3a555648e0a60baf,2,1
CANON-3c04f597f3236fcf,2,1
CANON-3c21f2cfa32d90d7,2,1
CANON-3d23193b9debeafa,2,1
CANON-3e3f421fe81bc7ab,2,1
CANON-4061ce81533ae794,2,1
CANON-40fc115d18f72848,2,1
CANON-41bd5f44cf6480bd,2,1
CANON-41c66fdf2b3ad358,2,1
CANON-442009ea2ddb3342,2,1
CANON-4497a7b6afc8ef6c,2,1
CANON-469c0fc010284269,2,1
CANON-4a8628f457112d71,2,1
CANON-4b29cc2e9759e174,2,1
CANON-4b6787c6822a469b,2,1
CANON-4bdff95a26142a02,2,1
CANON-4cb854e17ca37685,2,1
CANON-4d788d0b60ef9948,2,1
CANON-4da151b77e8c5fd3,2,1
CANON-506477e137a43189,2,1
CANON-50b33ba4f5847200,2,1
CANON-516e6867368eaa22,2,1
CANON-51b58aa45a8695a0,2,1
CANON-51ecf6fa56207b71,2,1
CANON-53c04d7d906a473f,2,1
CANON-54787243bddf5922,2,1
CANON-57490b9665fec712,2,1
CANON-575a840d46111605,2,1
CANON-59b9616bf3ee4709,2,1
CANON-59b98e12ac06157c,2,1
CANON-59dddba383376e25,2,1
CANON-5a09d6829e74e85d,2,1
CANON-5ac5521ee24d5036,2,1
CANON-5c98cee725077cc0,2,1
CANON-5ceff93beb19cd81,2,1
CANON-5d32e216bddfe257,2,1
CANON-5f3495c7d809207f,2,1
CANON-60ce91761ec88b45,2,1
CANON-60e2cc43481ceb27,2,1
CANON-63ea9f87b9fac5b0,2,1
CANON-65c9ba718108f9c3,2,1
CANON-676aa552d8016db6,2,1
CANON-691fd14dbf92dd09,2,1
CANON-6bc4beadef9ab0f0,2,1
CANON-6bd5ee995747c63c,2,1
CANON-6bebb134479e4a92,2,1
CANON-7192ea6fb6eec47b,2,1
CANON-748e943bc542798b,2,1
CANON-760e44e0e5ca41a0,2,1
CANON-76428b45fe10dbfe,2,1
CANON-76b58ebcec5d9c69,2,1
CANON-770001e7778721e7,2,1
CANON-78bb858a15d17d55,2,1
CANON-7a30d23245e5ea65,2,1
CANON-7c1b6e7e7f47083c,2,1
CANON-7c2472d570f6c943,2,1
CANON-7cc3fa51e468a812,2,1
CANON-80f632f78e3572c8,2,1
CANON-80fc3e2cd6a912ba,2,1
CANON-813d6ea3d4b75d6d,2,1
CANON-8260d6ba0f022acf,2,1
CANON-827d270d6648caa3,2,1
CANON-831b3fb13b53b29c,2,1
CANON-832fe2be887c78c1,2,1
CANON-85004d00c78a0ca5,2,1
CANON-86141e354003e39c,2,1
CANON-86184a2738a3a27f,2,1
CANON-8881fbae9e24024b,2,1
CANON-89b05d3f8d072acf,2,1
CANON-8cc65bc110f393cd,2,1
CANON-8dff02ebb1540db1,2,1
CANON-8f138883f1daf78b,2,1
CANON-8f55c56d57d3837a,2,1
CANON-90d6c2da4b86aada,2,1
CANON-917ee911746e49f0,2,1
CANON-928c166bcfbb5f0f,2,1
CANON-935ff61bcbe2e18b,2,1
CANON-94624600bcccd2e4,2,1
CANON-94ba57bd83218d6d,2,1
CANON-94c69da761552432,2,1
CANON-94dbab4e066be401,2,1
CANON-96745d37b3b0c01f,2,1
CANON-97393619a0e2460d,2,1
CANON-9809ddad43211dfd,2,1
CANON-98e66c251c3b0ccb,2,1
CANON-9931ed82ae5a7501,2,1
CANON-996f8f5bd0dc3890,2,1
CANON-9a481315471c8cda,2,1
CANON-9c5836fc8654ded0,2,1
CANON-9db8fd32e008c01e,2,1
CANON-9f92a15a77165d1d,2,1
CANON-a5f3d751a9a9d235,2,1
CANON-a6ba6a29a49ee0e8,2,1
CANON-a96d779f3816e4da,2,1
CANON-a98b8441804ba70e,2,1
CANON-ab9277bc8e323c78,2,1
CANON-ad200f43236ff4ae,2,1
CANON-ad3aebcb38fcbe1d,2,1
CANON-ada735e475366a53,2,1
CANON-addc8d1353620d99,2,1
CANON-b1308331dab2b9ba,2,1
CANON-b2b02eb293b8839c,2,1
CANON-b2f05e5db9e0e388,2,1
CANON-b33e4bfa77b6e56f,2,1
CANON-b3e3311875246994,2,1
CANON-b51d8e90b40a1509,2,1
CANON-b5a10f9b9314181e,2,1
CANON-b609d7a25984cecf,2,1
CANON-ba250ccae416170f,2,1
CANON-baff08b80fe4b6cc,2,1
CANON-bc1a347190914cb4,2,1
CANON-bc923cbd8bbe141c,2,1
CANON-bd9aed2db0009df1,2,1
CANON-bd9b8e7976d25c9f,2,1
CANON-bdb9cbba7e1d6591,2,1
CANON-beaa5cb5047eb136,2,1
CANON-bff01f53832ab7a4,2,1
CANON-bff47afe6b8a2b7d,2,1
CANON-c49babc3e7b1c26f,2,1
CANON-c7e2caeadf66eaee,2,1
CANON-c8a1ae28acd8f155,2,1
CANON-c8e116d187175461,2,1
CANON-c9b8e7e1dd845ace,2,1
CANON-ca8ddbaea1841530,2,1
CANON-cbdee4c71d717c57,2,1
CANON-ccf3e0ac4e72f534,2,1
CANON-cdc93c418599fb66,2,1
CANON-cf046dadf92e07c6,2,1
CANON-cf7239b8d88d1b12,2,1
CANON-d09f6f30a11b6fc1,2,1
CANON-d2bed1724faa7372,2,1
CANON-d366f8d5951479df,2,1
CANON-d4b74b0b23d63e56,2,1
CANON-d5d56741354d8cd5,2,1
CANON-d5db7d7b81f03fc5,2,1
CANON-d88cb3b31a9e0ab6,2,1
CANON-da2b8bdc39df949d,2,1
CANON-dc20a439d38eff64,2,1
CANON-dc9d02bc539c897e,2,1
CANON-dce41d8e88a92e27,2,1
CANON-de8c981ac1b9cd53,2,1
CANON-deb1334c2b7acc16,2,1
CANON-e10d63aae5a75d1e,2,1
CANON-e2c2c458e1debd26,2,1
CANON-e2cd69f01b0d9e6c,2,1
CANON-e3f346c9d44ba463,2,1
CANON-e3ff4a00f3b88bce,2,1
CANON-e4118b18809a02e7,2,1
CANON-e479eab5f6bff0e7,2,1
CANON-e4aaf0e537d09be5,2,1
CANON-e8d0845a659cbd29,2,1
CANON-e8d5d8251d8fda42,2,1
CANON-e9476a5b54fb3e56,2,1
CANON-eadbbd3a5b0f3b79,2,1
CANON-eec1ed111eed0600,2,1
CANON-f02825d9dd6f7cdc,2,1
CANON-f1a5b90b59f55cc6,2,1
CANON-f3e20e019c098179,2,1
CANON-f84456392179e488,2,1
CANON-f86c792971429787,2,1
CANON-fb2b5cad1044ced8,2,1
CANON-fce6c2145f57033b,2,1
CANON-fe2523ca8e17075a,2,1
CANON-fe51566d84483a9c,2,1
CANON-feb3204add883242,2,1
CANON-ff2179257889a601,2,1
CANON-ff96ee2e78f9533d,2,1
CANON-ffe34da6679053cf,2,1
CANON-00a504750efeb82c,1,0
CANON-00aa93a449cecb5c,1,0
CANON-01331c463c24c2fc,1,0
CANON-01d3cf264d5c9ea2,1,0
CANON-051c220321e4c49f,1,0
CANON-060b5755623aa979,1,0
CANON-07a52f4aa3c8b6ca,1,0
CANON-089c9b32ca21d244,1,0
CANON-09883fa96369606c,1,0
CANON-0ad55bb54afe9d78,1,0
CANON-0b5f1e0e07db1cd5,1,0
CANON-0bbee46a86c7bb23,1,0
CANON-0c4231f046b3efaf,1,0
CANON-0d5a3a44aadaaba0,1,0
CANON-0e5357fa37d5ca7d,1,0
CANON-0ecea800d61f4383,1,0
CANON-11b44f9d03a29faa,1,0
CANON-1251ba19eb41215e,1,0
CANON-128c8fd0b346abd1,1,0
CANON-13ce589f6e13333e,1,0
CANON-15e14132f264aff7,1,0
CANON-161930fb72207961,1,0
CANON-179f8e34bbc53ad9,1,0
CANON-1810022ddb65e9a3,1,0
CANON-18334d87dafcb23b,1,0
CANON-18eec00648fee919,1,0
CANON-191a86fa70090c93,1,0
CANON-19e230d22fc85f89,1,0
CANON-1b08285c830830f9,1,0
CANON-1bdbbf6f3ee3f219,1,0
CANON-1c7d19fa26a87c5a,1,0
CANON-1cf0360320f58c4b,1,0
CANON-1d2bd34e80dcc294,1,0
CANON-1d3bda06c00e5e19,1,0
CANON-1d6126bd4bb4dd0e,1,0
CANON-1dcf88cc549f0d67,1,0
CANON-1e770dae39b0a24f,1,0
CANON-1e79c36bdf6e81c7,1,0
CANON-1eca8229c8e7276c,1,0
CANON-1ed5b38ca51cb1e5,1,0
CANON-1f68d9707bf11389,1,0
CANON-2035667389064f4e,1,0
CANON-204dab52ae05e7b2,1,0
CANON-21845aab2a851d23,1,0
CANON-221a572b6850ae88,1,0
CANON-224c3fc5db46f920,1,0
CANON-2588d971040a2f89,1,0
CANON-25cd909e1a17576f,1,0
CANON-2622d4be95172ced,1,0
CANON-2705b3c5717f1e65,1,0
CANON-27e847d6cc8578a0,1,0
CANON-28668c7f5f799799,1,0
CANON-288d74eeaae9ae4f,1,0
CANON-28c9a0ff07eadce9,1,0
CANON-2986620689cffb17,1,0
CANON-2a743579eb9e1add,1,0
CANON-2a7e7829456ebb98,1,0
CANON-2d08a04f628cb8b6,1,0
CANON-2d25838f3ce1226e,1,0
CANON-2e0ed5eb4e52ef00,1,0
CANON-2ebcb1980f286f29,1,0
CANON-2ef9bddc058dfe44,1,0
CANON-2f5647aae51bfd33,1,0
CANON-310ad84a5bad7fef,1,0
CANON-313950b9180b6260,1,0
CANON-31476b91e7c88c32,1,0
CANON-31cb9337d95f3a21,1,0
CANON-32e66aaf55c583a0,1,0
CANON-330207388549781f,1,0
CANON-35449d62df625e4c,1,0
CANON-3626f56fa06a67b3,1,0
CANON-36e71a498c045300,1,0
CANON-371fa5b2ca84f573,1,0
CANON-3992dff57ee23a7c,1,0
CANON-3a02e6b8fc772ff5,1,0
CANON-3c3113d6edcc14b7,1,0
CANON-3c3ab2014f13c949,1,0
CANON-3cbb34c09c36d44e,1,0
CANON-3d7f5dce0dd8ad7c,1,0
CANON-3e17571b7511005f,1,0
CANON-406801ebd72421ed,1,0
CANON-4377bd14fb446c29,1,0
CANON-4548f2b45929ab82,1,0
CANON-4653db44a4cd6737,1,0
CANON-468ca0282575e615,1,0
CANON-46c7473d34aa728a,1,0
CANON-4709d568b9f057f9,1,0
CANON-4727683d9596d36b,1,0
CANON-47e9401d28e55526,1,0
CANON-482425f64784f043,1,0
CANON-48493c3bd7b607d5,1,0
CANON-48d3fc3701e9d436,1,0
CANON-491f7b3f36d81d48,1,0
CANON-496ae5c61772b68b,1,0
CANON-4b10778f44d3e046,1,0
CANON-4b3f5e045a8e0468,1,0
CANON-4b69ffae7f6ca8da,1,0
CANON-4b93f83df979c334,1,0
CANON-4bc92bb502f16ce8,1,0
CANON-4bf6212ac720776b,1,0
CANON-4c2210fcb2ef20d7,1,0
CANON-4e543c8fe4a5a0d0,1,0
CANON-4ea7aaefc1f1d0ba,1,0
CANON-4f9878d5e9b6a105,1,0
CANON-50e226d48498a56f,1,0
CANON-515510fa129f7cde,1,0
CANON-519afb15ce750428,1,0
CANON-5272f6755d3e11eb,1,0
CANON-53989f8bf511d501,1,0
CANON-53adc07844cee04e,1,0
CANON-53df2cba5abb2cd2,1,0
CANON-5465bdaac89b917f,1,0
CANON-550e425c11fa906a,1,0
CANON-5588ce1433e698ec,1,0
CANON-55b1d4eed3542a85,1,0
CANON-55d0c21ff542bead,1,0
CANON-560a995a08d1acee,1,0
CANON-5633cf395a479743,1,0
CANON-5653d908aaff0ad4,1,0
CANON-56d0542a645d8da2,1,0
CANON-5774c6cd826c65a6,1,0
CANON-5902a9569a2e291f,1,0
CANON-590abaae10175146,1,0
CANON-59e00215d6c940e6,1,0
CANON-5a49a4c2e070f000,1,0
CANON-5a5e601f549dcfd3,1,0
CANON-5a8ea6665a0d003e,1,0
CANON-5ad72eb1b56fb6b1,1,0
CANON-5c52d766871b4ae4,1,0
CANON-5cbb18f8f0a742ab,1,0
CANON-5e30e92255c26e64,1,0
CANON-5f25be9f8cbe7c69,1,0
CANON-5fcbd442f5fd98b5,1,0
CANON-5ff62d77ff72d786,1,0
CANON-6014934ebbbef999,1,0
CANON-623f6eb41e1cd2f0,1,0
CANON-646a615ff9a3b204,1,0
CANON-67fe6b5ae78589ca,1,0
CANON-69d9a6f4ecc4e589,1,0
CANON-6b1b0b19737c87d0,1,0
CANON-6ba38de28e8626d1,1,0
CANON-6c8f8c13e61e03c0,1,0
CANON-6d0ffbe0848958bd,1,0
CANON-6df920925642796c,1,0
CANON-6fe64034af279087,1,0
CANON-70034f67265e64f2,1,0
CANON-703982142d46acb6,1,0
CANON-71787647582da4eb,1,0
CANON-72c714dc7bc8c9b1,1,0
CANON-7501a044f45ec769,1,0
CANON-75fcf9022179a7d1,1,0
CANON-7678234fcdb6dad0,1,0
CANON-7825389db6ef58fb,1,0
CANON-7a319f21d984350c,1,0
CANON-7a4fd56b8253e152,1,0
CANON-7aa4ba583898939d,1,0
CANON-7bd9e760bf8037db,1,0
CANON-7d073e528d56f2ba,1,0
CANON-7d5fed1802187f87,1,0
CANON-7da4cb82e9caca23,1,0
CANON-7dc056522936beba,1,0
CANON-7e77163aa8a0e789,1,0
CANON-7f2281310321c54b,1,0
CANON-7f6c47b3bbc42b5e,1,0
CANON-7f94e6be18d5c293,1,0
CANON-80333b2d67cce137,1,0
CANON-81403f7d7694d2c5,1,0
CANON-817fedc117744c2e,1,0
CANON-818279c1f2300430,1,0
CANON-8217bd43f958e318,1,0
CANON-8222e86c5c0b9bf2,1,0
CANON-83a716d669171735,1,0
CANON-83f50b37da536546,1,0
CANON-84aa5807df1481cc,1,0
CANON-84ae9b3e85208a83,1,0
CANON-856f67cc62f90c8e,1,0
CANON-8658ed1f959cd0ad,1,0
CANON-86a8bf00782a58e9,1,0
CANON-894100118e2aab42,1,0
CANON-8b2c778f7e9cd0bb,1,0
CANON-8c4ae347e50b7ad8,1,0
CANON-8c4ef555e4a1235b,1,0
CANON-8c93e8dd694e1f80,1,0
CANON-8e6e00fd8b1d44a8,1,0
CANON-8e72e00b2e6b2e70,1,0
CANON-90c569c26aacd68f,1,0
CANON-90d0031fcc223f5d,1,0
CANON-921a9aa27c0ad889,1,0
CANON-928acaf6ebf312c3,1,0
CANON-92d6bb329889ae03,1,0
CANON-932da1cea758aae3,1,0
CANON-93d54614d81b8651,1,0
CANON-964a0ed891ebca98,1,0
CANON-96df9ae1c994af3c,1,0
CANON-97099f3a860de060,1,0
CANON-97e1b3b552fd42fe,1,0
CANON-98ee7ccb038209fb,1,0
CANON-993005a47c3b4c62,1,0
CANON-9941c7c6b7c8dbd0,1,0
CANON-99b99db587fded9e,1,0
CANON-9a5189ff9a44eb8c,1,0
CANON-9b1001b96d6aa5e4,1,0
CANON-9b52168c514a7613,1,0
CANON-9b67f150a7e97f98,1,0
CANON-9c225195c63654c1,1,0
CANON-9c33bd10b8282199,1,0
CANON-9c8667f7d9678161,1,0
CANON-9c898acfb2f15f12,1,0
CANON-9caa06ae1c7b2b5a,1,0
CANON-9d49549b3e00143f,1,0
CANON-9f6cf95098ea6743,1,0
CANON-9fb977bf83c76871,1,0
CANON-9fbce46bf486d820,1,0
CANON-a084a46e26670ca4,1,0
CANON-a0ef7ac2156bc202,1,0
CANON-a220f95d428e7a8e,1,0
CANON-a2e3818afd01b431,1,0
CANON-a346851e86377d33,1,0
CANON-a38249acdd6f6e09,1,0
CANON-a4679c49184dcb92,1,0
CANON-a501b97c939da453,1,0
CANON-a591bccf33e6ce01,1,0
CANON-a598f82fe38e20e0,1,0
CANON-a7cf7bd555a6285e,1,0
CANON-a853784960b2f50d,1,0
CANON-a8f6c6a788131c38,1,0
CANON-aa576253ba677b2a,1,0
CANON-aaed80c186064a2b,1,0
CANON-abd901e7cf4c0f40,1,0
CANON-ac1489ca1cb551a5,1,0
CANON-ad3e97522bc4c030,1,0
CANON-ad9473407749c546,1,0
CANON-ae77817eb7b17a44,1,0
CANON-aedc2122a84be848,1,0
CANON-af31a20e3dfe19ca,1,0
CANON-b0f9ce91e2d80c2a,1,0
CANON-b252fafee084560b,1,0
CANON-b382376dda1754f6,1,0
CANON-b3f2e2a74bafe4ef,1,0
CANON-b44e4c43a61d4adb,1,0
CANON-b50b63c7eae43f6b,1,0
CANON-b5c1de52f5d044e7,1,0
CANON-b5d7b536ac2bce58,1,0
CANON-b6e4d47e868a4f14,1,0
CANON-b70da120fee4f505,1,0
CANON-b85c81863d380c5e,1,0
CANON-b867e54fee4f3f99,1,0
CANON-b9ef9751ce5a84a8,1,0
CANON-ba17338a2209db47,1,0
CANON-bb69b690e69659bb,1,0
CANON-bccc6b57dcdec424,1,0
CANON-bd040ac7467ab96d,1,0
CANON-bdec6a433fa8338e,1,0
CANON-be29a3948bba6010,1,0
CANON-be42fe8615d17cea,1,0
CANON-be77505d7691f195,1,0
CANON-bf840cd1f285a4cf,1,0
CANON-bfe70ad01aa1233e,1,0
CANON-c049c8721732bbe2,1,0
CANON-c1ec1db6904c4097,1,0
CANON-c39aee50dfe85068,1,0
CANON-c3c65b447cfb43c7,1,0
CANON-c482b84884768763,1,0
CANON-c572e33794ada760,1,0
CANON-c5ca15244e12256e,1,0
CANON-c6712aeefd39a436,1,0
CANON-c724ce0fad3e9de1,1,0
CANON-c77f5cc40199f448,1,0
CANON-c87afeda94136413,1,0
CANON-c9b51563bab472a4,1,0
CANON-cad573a7f843b758,1,0
CANON-cb4054da160f44a3,1,0
CANON-cbadd30c30003a4c,1,0
CANON-cc89e29d4ce3468a,1,0
CANON-ccdc93b3b94719e1,1,0
CANON-cdabe65624810b15,1,0
CANON-cdc4665da942e52d,1,0
CANON-cdd6f1c9d5f94524,1,0
CANON-cf392ccd412cae6c,1,0
CANON-cfd50d6a7b13fbb7,1,0
CANON-cffc33574a2c349c,1,0
CANON-d023b32bcabfb032,1,0
CANON-d1579a6c92b8c3f4,1,0
CANON-d1c630d2f058b5cd,1,0
CANON-d27443237d0a73e8,1,0
CANON-d335dc5fb46c8b4f,1,0
CANON-d38058605625a634,1,0
CANON-d48662fa2565318b,1,0
CANON-d5cf473070d6876d,1,0
CANON-d5e2cc97b6920d2e,1,0
CANON-d6e7cc2e23ea77ef,1,0
CANON-d8d7cad771aa4049,1,0
CANON-d959f9e93dc51aae,1,0
CANON-d995d1610bc23516,1,0
CANON-d9fe3066573def6f,1,0
CANON-da3434008f0b093c,1,0
CANON-da683e3b8c7e2d23,1,0
CANON-dac18ce23db6f0d7,1,0
CANON-db19945c18ae0ccd,1,0
CANON-db1dbbf8ac21c993,1,0
CANON-db8c316da0145024,1,0
CANON-dc76e2834ddc15f4,1,0
CANON-dd4f1ad1a283ea23,1,0
CANON-ddfad3ec3ee23df6,1,0
CANON-decef70ca687dbfd,1,0
CANON-df57652943d6bfad,1,0
CANON-df9e4601d4f85764,1,0
CANON-e105f69e5aaa45c3,1,0
CANON-e11756185c36d3a4,1,0
CANON-e1815feceb7a28a4,1,0
CANON-e2e247ab4a68c3a2,1,0
CANON-e4e7ee23ac2a2c43,1,0
CANON-e5567e5e5ab65d16,1,0
CANON-e68bb5559817e9b7,1,0
CANON-e7a8ffaf7db57c50,1,0
CANON-ea8581e24346a539,1,0
CANON-eb1d7c369485d73f,1,0
CANON-ec6671e7906c5516,1,0
CANON-eca1f8e2b06786dc,1,0
CANON-ee42c8399ca3c638,1,0
CANON-ef074ca33dc3d17b,1,0
CANON-ef488f0fbdc0d821,1,0
CANON-ef855c26aaa41cc2,1,0
CANON-f35e2e473c1f1f19,1,0
CANON-f3af24ffb7c9cfd6,1,0
CANON-f4130fd1d0b9e55a,1,0
CANON-f489d51f9bd95125,1,0
CANON-f4f8ee2cddeaafe0,1,0
CANON-f50588f297c26898,1,0
CANON-f561ff33daa0a2ad,1,0
CANON-f6793c2e684ef503,1,0
CANON-f7250e88cda8ea1a,1,0
CANON-f7ae9189b2f173ca,1,0
CANON-f899d8f66622e9d0,1,0
CANON-f92f20d6a1356c9f,1,0
CANON-f97ac1992187b3c8,1,0
CANON-f997e9466704d1a2,1,0
CANON-f9cb7392074c5580,1,0
CANON-f9e72426ba7d244c,1,0
CANON-fa3d0582684c8e9a,1,0
CANON-fa4ac977e07b25bf,1,0
CANON-fa85420aeebace93,1,0
CANON-fab64a02b720acc3,1,0
CANON-fb0816f2a4cb8e85,1,0
CANON-fbdd14b8349d331f,1,0
CANON-fc2e19e9b95be4c3,1,0
CANON-fcfda125983d5616,1,0
CANON-fd14895a7b548654,1,0
CANON-fd91a3245c3cddf4,1,0
CANON-fe95a67ec11d5bd1,1,0
CANON-fec4ab82b67b7ba7,1,0
CANON-ff00f30201383ca9,1,0
CANON-ffdabb80fceac544,1,0
CANON-00cdd309be3d6cde,0,0
CANON-011d6ac22312f3c5,0,0
CANON-01a7ebdbffb32705,0,0
CANON-01e51e8dc7624ec8,0,0
CANON-02fa8225cc38d4fd,0,0
CANON-037651290f69af0a,0,0
CANON-038f9e717e30ac83,0,0
CANON-044d020c8dd86be9,0,0
CANON-05dd68c968fb587e,0,0
CANON-0720da10a605006b,0,0
CANON-0739f966760745a6,0,0
CANON-0740a6fdba18d8c3,0,0
CANON-07d946945cbabe1a,0,0
CANON-087b613d297e811e,0,0
CANON-093f1993a308de2a,0,0
CANON-0a1129df1b380aeb,0,0
CANON-0a46916fecfed3d1,0,0
CANON-0b5d6139d8a0f7dc,0,0
CANON-0b652f0c50d9bea2,0,0
CANON-0be8941e8b8f503b,0,0
CANON-0c4291f775b24d05,0,0
CANON-0cd369a3e20de252,0,0
CANON-0d262fb0e1345986,0,0
CANON-0d494b799ef68bcd,0,0
CANON-0dd161efd2de5271,0,0
CANON-0df0f1357d9efe99,0,0
CANON-0dfd6a04f3027e1f,0,0
CANON-0e036d934cb7e215,0,0
CANON-0e3d3d0f10531bfb,0,0
CANON-0f0eec83dac3de17,0,0
CANON-0f16a8a3bdd2ebda,0,0
CANON-10395a2472c4f151,0,0
CANON-12241c5da202a821,0,0
CANON-12531a076ddeba18,0,0
CANON-1282711b7a2c55c3,0,0
CANON-12f28458b7c500c9,0,0
CANON-13bcca8a7618f80b,0,0
CANON-1470eac5249c96b1,0,0
CANON-154b886504753932,0,0
CANON-15a8af81a3100721,0,0
CANON-167cbe0c6ff19640,0,0
CANON-168b1e5aeb59d137,0,0
CANON-17242acd695afacc,0,0
CANON-1745504c8107c87f,0,0
CANON-176e3c8fe87bc7d4,0,0
CANON-18390537b48eac09,0,0
CANON-18f2a82c46695a61,0,0
CANON-197821c07d42ad74,0,0
CANON-19ed40f1b30b08b1,0,0
CANON-1a4e2eb8c8adcb26,0,0
CANON-1b0b0e03432183c8,0,0
CANON-1b49a29790817141,0,0
CANON-1bb31545768d8735,0,0
CANON-1bc83efe95ad09e6,0,0
CANON-1bcc9746ddb272c2,0,0
CANON-1bd6fc98006a41a4,0,0
CANON-1c327cedc21ad6c2,0,0
CANON-1d89a3699d00101f,0,0
CANON-1e6cae6b0d83f543,0,0
CANON-1ed16ecf2885292a,0,0
CANON-1f40efdf29f27ef2,0,0
CANON-1fa605d4a13c5c69,0,0
CANON-1fb97aa080eb0c21,0,0
CANON-2083abd669600d5a,0,0
CANON-20ead0a89fbddc7c,0,0
CANON-211ed8793b6851c1,0,0
CANON-223d2f1f131fea0c,0,0
CANON-22acf1c6295a4209,0,0
CANON-235dba85ab3388df,0,0
CANON-239c83502c64c2de,0,0
CANON-23f5554ba8704c2b,0,0
CANON-2458427f4d90e2f9,0,0
CANON-24d4a96b6b556799,0,0
CANON-24d5068c54d28756,0,0
CANON-254edb24b4e8be40,0,0
CANON-259ad4c511448190,0,0
CANON-25eef0554677b9e3,0,0
CANON-2621b79067996813,0,0
CANON-2732816fa842ef5e,0,0
CANON-2816c23b967c4569,0,0
CANON-28a16ef3529c2d7a,0,0
CANON-29113d0672f8ca45,0,0
CANON-2974f016a8efd3ee,0,0
CANON-29ad6beed974591b,0,0
CANON-29fe40c9fedacaac,0,0
CANON-2a7cac855e89395e,0,0
CANON-2abfcecdb0936392,0,0
CANON-2bcc9187a1ede6cb,0,0
CANON-2bdfeaf4168aa879,0,0
CANON-2bec538a550edc5d,0,0
CANON-2bfaad5cc0c04d5b,0,0
CANON-2ddf2b7245c1bb99,0,0
CANON-2e22caeef195b872,0,0
CANON-2f0e0761dd42b30c,0,0
CANON-2f1be81e65cb2f33,0,0
CANON-302bdbc685c856cd,0,0
CANON-3178328d79543bce,0,0
CANON-32158f947a931639,0,0
CANON-3222b3c4aa88e86c,0,0
CANON-3291570ddd04fea0,0,0
CANON-3316134b154cdf9e,0,0
CANON-333c601a4b24c367,0,0
CANON-33ae47e9d83792f9,0,0
CANON-3489536c363e7ab9,0,0
CANON-35a45cdbfbae87de,0,0
CANON-360e76430b33e228,0,0
CANON-361231821e8d869b,0,0
CANON-36e8e69c2a83e374,0,0
CANON-371c004bfad796c8,0,0
CANON-37c75a44b54c19a7,0,0
CANON-37d5df57b5a6c1af,0,0
CANON-3806ccbb66482110,0,0
CANON-385a84143ca0a8c3,0,0
CANON-385d169e6258fbd8,0,0
CANON-3965a4975152f592,0,0
CANON-399cd50401a6dd03,0,0
CANON-3a4ed2fa5fe5810a,0,0
CANON-3c03b7a8f122c81f,0,0
CANON-3cbe9811067eaaf2,0,0
CANON-3cc32f995aa32f06,0,0
CANON-3ccf102074aa2663,0,0
CANON-3d296e34a8e100fb,0,0
CANON-3d95e3e595b891a6,0,0
CANON-3de1ea0206383306,0,0
CANON-3df8772100e0d9cd,0,0
CANON-3e5ece9c7452b681,0,0
CANON-3ef09b323c4a8b11,0,0
CANON-3f45c283c03afc56,0,0
CANON-3fe7d118ecf764a8,0,0
CANON-3ff66cab7f5cd451,0,0
CANON-4001e452f851083c,0,0
CANON-40a99349ebb5dc85,0,0
CANON-40af2e5a3b625e27,0,0
CANON-4157f70d10d4737b,0,0
CANON-41bc87a1b01a5921,0,0
CANON-41c9d2850ca447ef,0,0
CANON-41cef20210f6d66a,0,0
CANON-4243fc4c18251e10,0,0
CANON-42d74d0a32271aa2,0,0
CANON-42f624a37e4a969b,0,0
CANON-43c32e2cf8b31b3c,0,0
CANON-43f5453ab334d621,0,0
CANON-4441d257530737b3,0,0
CANON-445f696693957607,0,0
CANON-44bf0e4d10e7fa15,0,0
CANON-44c05321ca8fe40a,0,0
CANON-44d1394933b71985,0,0
CANON-453587da0871559e,0,0
CANON-453a6b25135f7cd8,0,0
CANON-4612c589c7970088,0,0
CANON-462488a3063db468,0,0
CANON-46b3a1e34822218f,0,0
CANON-4771875103b1ecc0,0,0
CANON-48b985ba46c7becd,0,0
CANON-48f8a7830a10423c,0,0
CANON-4904cf56dbd01718,0,0
CANON-4961182fbd4e72d4,0,0
CANON-49c8680b852f4fe7,0,0
CANON-4a55693d29af9f48,0,0
CANON-4aa9c97b56a2e249,0,0
CANON-4b1f86616f831a50,0,0
CANON-4b6c6043a33d6ce5,0,0
CANON-4c098997aae6941b,0,0
CANON-4c61b2cee96e0d51,0,0
CANON-4cbd5de45f86724f,0,0
CANON-4d008918567ff1d6,0,0
CANON-4dcc01976e57a2d7,0,0
CANON-4ddb1b3684e689bd,0,0
CANON-4f0ff040308a30a5,0,0
CANON-505295872ed7ba8e,0,0
CANON-50549ba6311467f9,0,0
CANON-51468f64cef44217,0,0
CANON-51581de0373db950,0,0
CANON-528d753f2a39f266,0,0
CANON-5291cdd23e873515,0,0
CANON-529eb42d07f07ade,0,0
CANON-52f140e4335c3542,0,0
CANON-55048f8aaefdd3b8,0,0
CANON-551d7cb3737fb9ae,0,0
CANON-5597bdd394cc0816,0,0
CANON-55e4be04a34fbe47,0,0
CANON-560a8de564e05d38,0,0
CANON-56389af1913333d4,0,0
CANON-564c784f4fc119a8,0,0
CANON-568ea3347b0c2c00,0,0
CANON-56983069d27d19fd,0,0
CANON-574d68625ad02a06,0,0
CANON-587acf95b22c38d7,0,0
CANON-5a5c2e71af5ef470,0,0
CANON-5aaf2206c906a055,0,0
CANON-5afc40953675e8ff,0,0
CANON-5b10f9b2f4cf2e12,0,0
CANON-5b35f6e05d1120f4,0,0
CANON-5ba3424a613ca02a,0,0
CANON-5bb1251000dd2938,0,0
CANON-5bb3369f8fa93dbb,0,0
CANON-5c1e714e02640e86,0,0
CANON-5c474ec6fb6ac9f6,0,0
CANON-5d468a5395445aee,0,0
CANON-5dc3ea9b9030b81a,0,0
CANON-5e938094508e05c8,0,0
CANON-5ea31ea35b0b7a95,0,0
CANON-5ead926cce284177,0,0
CANON-5eb251a2a57d8bb5,0,0
CANON-5f9af7265c235ffb,0,0
CANON-5ff90a8c280adaca,0,0
CANON-602d085c8b341995,0,0
CANON-60b8dd880913ef3b,0,0
CANON-61e6ce7637ba418e,0,0
CANON-620e06fedefb1ec5,0,0
CANON-62b30147430a4069,0,0
CANON-6302c099b623845a,0,0
CANON-6349022131317b01,0,0
CANON-65190a004fc022de,0,0
CANON-6557efd6deea43a2,0,0
CANON-65a60ecab8b2cacc,0,0
CANON-65ff5519af0a6a6a,0,0
CANON-669f90ef27a80953,0,0
CANON-66d9f5d09bdb32f7,0,0
CANON-671311e15a1db888,0,0
CANON-673f526b5bac8fcb,0,0
CANON-67ca1f50d29b08df,0,0
CANON-68594f3837badf43,0,0
CANON-69a991b0d634cda6,0,0
CANON-6ab6cd5e950807ee,0,0
CANON-6ca2dd39aff3d8cd,0,0
CANON-6cd15614afd2499f,0,0
CANON-6d3de691a0decf66,0,0
CANON-6d8e9d851506cb32,0,0
CANON-6ffa5269c10ee1dc,0,0
CANON-6ffd0c7f98fee2cf,0,0
CANON-704497cba0ed1f5a,0,0
CANON-70cb6e7707970016,0,0
CANON-71337e6028ab8f05,0,0
CANON-71bf64804fe177db,0,0
CANON-72002a9d4fa4b6ef,0,0
CANON-7337851a73b7af92,0,0
CANON-740fb175bf062043,0,0
CANON-7445d2857111339e,0,0
CANON-74bf1881851955da,0,0
CANON-7645990ffd74d6e4,0,0
CANON-76579f06450fbe1e,0,0
CANON-768218451afa00e2,0,0
CANON-76f8dd60cc22cec0,0,0
CANON-7762abf2ebd88abc,0,0
CANON-78017576dd69dcee,0,0
CANON-783d8b6dcba8e0bb,0,0
CANON-78779720d9561dc5,0,0
CANON-78deb25213ac9f41,0,0
CANON-7923d118f9992602,0,0
CANON-7a13d4e6142db91b,0,0
CANON-7a8bd3c18fbf6c57,0,0
CANON-7be2ebcd55247b63,0,0
CANON-7db664be95099420,0,0
CANON-7de7206bd4ac7330,0,0
CANON-7f4ec7172874b90e,0,0
CANON-7f53e6971a748c02,0,0
CANON-7f6271fa52bce77b,0,0
CANON-7f980300d8cd8426,0,0
CANON-7fb60b1952a11c1c,0,0
CANON-8039651b00885afe,0,0
CANON-80c7f64a7df7150a,0,0
CANON-80e3effa0701e31c,0,0
CANON-8148480371804e24,0,0
CANON-818c8b64a1f3895b,0,0
CANON-820b4629ee3fbab1,0,0
CANON-826f9816accc1a3b,0,0
CANON-82d6547ff56ef614,0,0
CANON-82f860f22e9cab1f,0,0
CANON-8322b3e99c47690c,0,0
CANON-84118d9a8917fc75,0,0
CANON-841e1efe535060b3,0,0
CANON-8443027c05864a3a,0,0
CANON-846c87bf54d17992,0,0
CANON-8623d9618772ee36,0,0
CANON-8629386d0068a155,0,0
CANON-86c7579520b2e919,0,0
CANON-8717492425d660bc,0,0
CANON-877878e4421f881f,0,0
CANON-87d1576d8b76278f,0,0
CANON-884acf4a8d027adb,0,0
CANON-88a91ae73804b90a,0,0
CANON-88ead4e9ddfd2fbf,0,0
CANON-8917efd5558dda6a,0,0
CANON-89745f08b6fd3b84,0,0
CANON-897cb7574ab3e0db,0,0
CANON-89ce856e38542b0b,0,0
CANON-89f1ff2f99936194,0,0
CANON-8aac5b1e01b2ad62,0,0
CANON-8b284a82d3c159b4,0,0
CANON-8b470ce3b066f3f2,0,0
CANON-8b6e070985b3b680,0,0
CANON-8d8c7fc6041c3b01,0,0
CANON-8dbc368298235136,0,0
CANON-8e950781725af7a5,0,0
CANON-8ea8bfe5f05696b4,0,0
CANON-8ece5f86472a3b69,0,0
CANON-8f52d31b5cd47754,0,0
CANON-8fd1e92725ba17aa,0,0
CANON-906ed69de5ea61db,0,0
CANON-9088bcd9a5633451,0,0
CANON-90ed52b61791e570,0,0
CANON-91385fc36868c32e,0,0
CANON-91bc42554d42d53e,0,0
CANON-92359c377e11bc96,0,0
CANON-92502fd2d6c4233b,0,0
CANON-929bdf92a828ac8d,0,0
CANON-93710e1b079a3321,0,0
CANON-945d25b38aa1da73,0,0
CANON-9474356f820d2f9b,0,0
CANON-948715d81e573728,0,0
CANON-94f5930c383d6f22,0,0
CANON-95007562b9856037,0,0
CANON-950b14841c06d731,0,0
CANON-9536e6c955469d4e,0,0
CANON-9546e0e26fc0bce6,0,0
CANON-961d8fe10ec4b408,0,0
CANON-9680e4e35642624d,0,0
CANON-9692448604a51c65,0,0
CANON-969a895fc0987b14,0,0
CANON-96aed95e4a626d93,0,0
CANON-971a11c033d93738,0,0
CANON-980547d8fe39dc15,0,0
CANON-987f61ba9dd8700f,0,0
CANON-99321eec95f7964b,0,0
CANON-99c11cc7e1dbf54c,0,0
CANON-99f1d7dfce084c04,0,0
CANON-99f9a24162556f90,0,0
CANON-9a3284ab7d238b00,0,0
CANON-9b7f1a1ec81a0704,0,0
CANON-9ba66524a7602bc3,0,0
CANON-9caae92901609a44,0,0
CANON-9cd1f7a13ce3eace,0,0
CANON-9d097695d2f38123,0,0
CANON-9d46a0110d186a0a,0,0
CANON-9dcbebcf66284ed0,0,0
CANON-9e3e8c3d819fd936,0,0
CANON-9e453045869edc80,0,0
CANON-9e4d84f4d466d9ec,0,0
CANON-9ea936ace68a225e,0,0
CANON-9f1a5f482db70366,0,0
CANON-9f684de9ad4de2c8,0,0
CANON-a005b8c2b9f22332,0,0
CANON-a06b4ced9deef96e,0,0
CANON-a079070e3a0b2ab9,0,0
CANON-a0bd64e670bc6181,0,0
CANON-a0d137e2c78c1ab1,0,0
CANON-a15b891c98ab536c,0,0
CANON-a1ccc7dbf76f17af,0,0
CANON-a2369eadac5298a8,0,0
CANON-a2cee5f3b4d6f9d1,0,0
CANON-a2d93720d963bdb5,0,0
CANON-a3733c82b24e3477,0,0
CANON-a376af6c97d78a24,0,0
CANON-a4148f3d19c13c2c,0,0
CANON-a4581ee1ad04846d,0,0
CANON-a56d9fa035ae9a54,0,0
CANON-a5a6506744dd9066,0,0
CANON-a616741b9db658fa,0,0
CANON-a6f71746fb54346f,0,0
CANON-a6fc07a786de7f63,0,0
CANON-a74a209c61f9bb34,0,0
CANON-a7ee7d001b3fad32,0,0
CANON-a9629e4ad47fe02a,0,0
CANON-a9681e3b2b39c098,0,0
CANON-a99732e0110c7d96,0,0
CANON-a9e8684e4dc20013,0,0
CANON-aa85eb4bacbafa6b,0,0
CANON-aaf61af70902f62b,0,0
CANON-abbcf6801544895a,0,0
CANON-abd425832bcf9f84,0,0
CANON-abecbf8f2ec2f08e,0,0
CANON-ac0f112809755744,0,0
CANON-ac8b1de2cb6dbff6,0,0
CANON-acb62a249a780373,0,0
CANON-acc816d7cb695cac,0,0
CANON-ace293ebbea1e7dc,0,0
CANON-ad0f5072e4383b12,0,0
CANON-ad8b66dcd427a4f3,0,0
CANON-ade503ac2eb28c47,0,0
CANON-ae5d13f3d5ddfba7,0,0
CANON-afe158ca68c1c655,0,0
CANON-afe2132f04f67a08,0,0
CANON-b0448bcd0d30cb78,0,0
CANON-b0599988a0ff65f1,0,0
CANON-b05a6793c15231d0,0,0
CANON-b0894e38482b56ba,0,0
CANON-b0b5f994ef368a4f,0,0
CANON-b1ec6b136c96924d,0,0
CANON-b26f6a0777cd26b3,0,0
CANON-b2a23d4de3de144c,0,0
CANON-b2b49478b0c6c30d,0,0
CANON-b2f490ba40522757,0,0
CANON-b30419e13ab717e2,0,0
CANON-b3f116dc7480cea6,0,0
CANON-b417567ae2720f12,0,0
CANON-b4274e00dd799ad7,0,0
CANON-b4da642667968fa2,0,0
CANON-b52a4f0cddcb7e69,0,0
CANON-b54b3d1776bfa35e,0,0
CANON-b5a58c27f437b943,0,0
CANON-b5e0bd2ed94a68e4,0,0
CANON-b63d87f0960fd494,0,0
CANON-b66be281b0b8be6a,0,0
CANON-b6b4e5b3e7c3d708,0,0
CANON-b6e717709f698d76,0,0
CANON-b7f5a2c0ec263aca,0,0
CANON-b8001027127f50e4,0,0
CANON-b9f737d5bff1b311,0,0
CANON-bb11d29a4c8f46f8,0,0
CANON-bb89c2d202adbdc1,0,0
CANON-bc07da32cac49dd9,0,0
CANON-bc7fde2047aa1a0f,0,0
CANON-bd1446be1ac0b84c,0,0
CANON-be55c0e4c920ae63,0,0
CANON-be8d0b9e4c5ecc16,0,0
CANON-c058bd98d1bc0dab,0,0
CANON-c0647d88999673d0,0,0
CANON-c09158a134c8a02f,0,0
CANON-c16786b44f2d6b99,0,0
CANON-c176096e1f02a179,0,0
CANON-c1aa88a02bb20b44,0,0
CANON-c2a207f0dcbd6afd,0,0
CANON-c3660b58487e99c5,0,0
CANON-c3e76bd812936310,0,0
CANON-c41bcfcd6dc8bd81,0,0
CANON-c46f461ab92cde6d,0,0
CANON-c4937eea23d0955e,0,0
CANON-c4be819ccfb89515,0,0
CANON-c4d4a57220fd5626,0,0
CANON-c55fc9a090a96384,0,0
CANON-c713c2d2d5707364,0,0
CANON-c739bab68f3f27f9,0,0
CANON-c8cdfe7fb4a3f867,0,0
CANON-c8ebe201f3da436f,0,0
CANON-c9adf4710f5a0096,0,0
CANON-ca90136e33856207,0,0
CANON-cad810a4c216a496,0,0
CANON-cb45e3f34252c34c,0,0
CANON-cb5a9a79447df379,0,0
CANON-cbc3b4625e259ac6,0,0
CANON-cc639bea2ce3ca91,0,0
CANON-cc73936694d6b232,0,0
CANON-cce110daeab21858,0,0
CANON-cd1f50ba0c6ade20,0,0
CANON-ce813f73621520cf,0,0
CANON-cf6da039c3f20cdb,0,0
CANON-cfaf4a25b4eefa77,0,0
CANON-cfca107797bc8926,0,0
CANON-d0f0bdec0fa6b981,0,0
CANON-d146b8a8c7dc1e2f,0,0
CANON-d232f556e68a4e13,0,0
CANON-d2383ac9833a66ce,0,0
CANON-d276f78b92262c7f,0,0
CANON-d2b7075b53475135,0,0
CANON-d2c4184436e3571f,0,0
CANON-d2ff60dee0dee644,0,0
CANON-d34e8f0041704bb6,0,0
CANON-d3532820956075da,0,0
CANON-d3859b7fe38adcef,0,0
CANON-d4769f344849da34,0,0
CANON-d53d8e5e6eefd329,0,0
CANON-d58fd9f706a33a20,0,0
CANON-d5c8366fbf8e508b,0,0
CANON-d5f968113367da93,0,0
CANON-d699e76fb625af9a,0,0
CANON-d71bd607d2b1848d,0,0
CANON-d7e5f39f078c793a,0,0
CANON-d80fb4f5f22bda9b,0,0
CANON-d8966094953cb951,0,0
CANON-d9f60eb96e7173e1,0,0
CANON-da0f744588fafd49,0,0
CANON-da8289b7602c65f7,0,0
CANON-dabb6358a60c3270,0,0
CANON-db0d317658afa6b5,0,0
CANON-dbf31ab90d2fcc87,0,0
CANON-dcb54e38b3cb8f73,0,0
CANON-df6c09fea0a1633e,0,0
CANON-df9a6c993105c190,0,0
CANON-dfffa7e9334d3f4a,0,0
CANON-e013a0cad2a92cb5,0,0
CANON-e123df637053d1be,0,0
CANON-e1a0d7ab66a5f9a6,0,0
CANON-e27e890c69013913,0,0
CANON-e32796977af5c748,0,0
CANON-e3b563748a18babf,0,0
CANON-e42e6e0429b57074,0,0
CANON-e52ea8b2aaad5eeb,0,0
CANON-e551a62a87d4c2da,0,0
CANON-e567c5f26cc2cb9d,0,0
CANON-e618420ea16fd5b9,0,0
CANON-e63a7bc51aa34540,0,0
CANON-e7fd3246a1250163,0,0
CANON-e84675bbbdbef94f,0,0
CANON-e8bec814ae549406,0,0
CANON-eadb734d86d4894a,0,0
CANON-eb2df68e879fd301,0,0
CANON-eb59220d2dbeaea1,0,0
CANON-eb80ffed190c8fc7,0,0
CANON-edafa7cd3c057258,0,0
CANON-edb2e0a99832f7de,0,0
CANON-edcc48ce555eb135,0,0
CANON-ee69da6f0a95bee4,0,0
CANON-eeffb2c58d6835ee,0,0
CANON-ef3160325277b309,0,0
CANON-efec52bee545b193,0,0
CANON-f00064eac20a2f86,0,0
CANON-f17c04193d8d63e0,0,0
CANON-f1974d31fe642819,0,0
CANON-f1ceed2605768275,0,0
CANON-f1f9a4929c6b81f9,0,0
CANON-f2d165ab2efe10a4,0,0
CANON-f2dcc5a4f963066e,0,0
CANON-f3065ed669fbcc82,0,0
CANON-f30ab7f1d32ada16,0,0
CANON-f3650ed54b544173,0,0
CANON-f5ba8d772dcec5d2,0,0
CANON-f62aa0cfa0b33003,0,0
CANON-f8d6cff81657d1e6,0,0
CANON-fa58e99337d4eddd,0,0
CANON-fad9c872bd920e42,0,0
CANON-fae953e8a46539ee,0,0
CANON-fb91c604907cdb32,0,0
CANON-fbd4248550aebef4,0,0
CANON-fca83d4585b2f7c3,0,0
CANON-fcebd79a0021056f,0,0
CANON-fcedebc2fdd1f9e1,0,0
CANON-fd55d517bd16b71c,0,0
CANON-fe4ffb89be02b96c,0,0
CANON-feb3e593af57ed64,0,0
CANON-fedc222ac0e2dfb1,0,0
CANON-ff56dd30aaf1e078,0,0
CANON-ff686e82538f10e0,0,0
