annual_window,feature_dimension,nonzero_expected_edges,expected_mass,mean,maximum,calibration_draws,heldout_used_in_expectation
A2_W0::2002,28195,66,2.139555165776293,7.588420520575608e-05,0.1862565649994602,200,False
A2_W0::2003,28195,320,4.347708969583838,0.0001542014176124,0.0848146360322854,200,False
A2_W0::2004,28195,269,7.718027305305069,0.0002737374465438,0.1067483870372102,200,False
A2_W0::2005,28195,3097,31.90978511460472,0.0011317533291223,0.0383813594484231,200,False
A2_W0::2006,28195,210,2.2467252994322884,7.968523849733245e-05,0.1408222671057623,200,False
A2_W0::2007,28195,1130,4.657264256681628,0.000165180502099,0.0346041288899339,200,False
A2_W0::2008,28195,2298,12.21198833447232,0.0004331260271137,0.0481416271736464,200,False
A2_W0::2009,28195,5182,20.43757687595597,0.0007248652908656,0.0686145825575828,200,False
A2_W0::2010,28195,2478,5.428731791256292,0.000192542358264,0.077776769609518,200,False
A2_W0::2011,28195,11103,17.081905292510232,0.0006058487424192,0.0465563031730078,200,False
A2_W0::2012,28195,14021,17.02209613869823,0.0006037274743287,0.044521784371885,200,False
A2_W0::2013,28195,7683,9.362381588409432,0.0003320582226781,0.0340548136683797,200,False
A2_W0::2014,28195,14064,55.48204730524407,0.0019677973862473,0.0417347253192062,200,False
A2_W0::2015,28195,9200,6.1735464637336674,0.0002189589098681,0.041971677942031,200,False
A2_W0::2016,28195,15646,15.856354107871626,0.0005623817736432,0.0432256331438796,200,False
A2_W0::2017,28195,20388,24.27920439834304,0.0008611173753624,0.0418617476139009,200,False
A2_W0::2018,28195,19628,84.33079262924745,0.0029909839556392,0.0633142053984702,200,False
A2_W0::2019,28195,22189,77.235368081495,0.0027393285363183,0.05967189006118,200,False
A2_W0::2020,28195,25210,66.7517911891825,0.0023675045642554,0.077796036509982,200,False
A2_W0::2021,28195,15649,76.57353623664044,0.0027158551600156,0.0803721098832535,200,False
A2_W0::2022,28195,8635,21.78612768470523,0.000772694721926,0.0435619119968322,200,False
A2_W0::2023,28195,7707,269.69453508292844,0.0095653319766954,0.0994654633258124,200,False
