Index,dataset_id,provenance,direction,scheme,primary_scheme,B,seed_uint64,delta_RSS_observed,RSS_reduced,partial_R2,extreme_count_upper,p_add_one_upper,shared_multiplier_across_9_dimensions,null_array_key,p_holm_two_directions,dataset_family,scenario,replicate_id,level,p_recomputed,p_recomputed_match,holm_recomputed,holm_recomputed_match,raw_support_p_lt_0_05,holm_support_p_lt_0_05,at_exact_0_05
0,BASELINE_STAGE15_S0,BASELINE,TIME_GIVEN_COVERAGE,LEGACY_RADEMACHER,False,10000,3799440583009682871,15.547926633440506,177.7714976056802,0.0874601769285185,1344,0.1344865513448655,True,3db03bd665ee6aec0bc0,0.1344865513448655,BASELINE,S0_FULL,,BASELINE_STORED,0.1344865513448655,True,0.1344865513448655,True,False,False,False
5,BASELINE_STAGE15_S0,BASELINE,COVERAGE_GIVEN_TIME,LEGACY_RADEMACHER,False,10000,14679254775481005891,36.916590659022525,199.14016163126223,0.1853799372091457,1,0.0001999800019998,True,6fec5e559fa69f751d74,0.0003999600039996,BASELINE,S0_FULL,,BASELINE_STORED,0.0001999800019998,True,0.0003999600039996,True,True,True,False
1,BASELINE_STAGE15_S0,BASELINE,TIME_GIVEN_COVERAGE,GAUSSIAN_L1,False,10000,17553844253032751855,15.547926633440506,177.7714976056802,0.0874601769285185,2063,0.2063793620637936,True,8712623be9b5e2e31206,0.2063793620637936,BASELINE,S0_FULL,,BASELINE_STORED,0.2063793620637936,True,0.2063793620637936,True,False,False,False
6,BASELINE_STAGE15_S0,BASELINE,COVERAGE_GIVEN_TIME,GAUSSIAN_L1,False,10000,6333170349217207589,36.916590659022525,199.14016163126223,0.1853799372091457,120,0.0120987901209879,True,b1f6fb7219801e1cbcb8,0.0241975802419758,BASELINE,S0_FULL,,BASELINE_STORED,0.0120987901209879,True,0.0241975802419758,True,True,True,False
2,BASELINE_STAGE15_S0,BASELINE,TIME_GIVEN_COVERAGE,DWB_L2,False,10000,11595261326928366891,15.547926633440506,177.7714976056802,0.0874601769285185,2423,0.2423757624237576,True,f14439a784a85459cd4b,0.2423757624237576,BASELINE,S0_FULL,,BASELINE_STORED,0.2423757624237576,True,0.2423757624237576,True,False,False,False
7,BASELINE_STAGE15_S0,BASELINE,COVERAGE_GIVEN_TIME,DWB_L2,False,10000,16005437537843875786,36.916590659022525,199.14016163126223,0.1853799372091457,249,0.024997500249975,True,6f25a14a51e2310acb0a,0.04999500049995,BASELINE,S0_FULL,,BASELINE_STORED,0.024997500249975,True,0.04999500049995,True,True,True,False
3,BASELINE_STAGE15_S0,BASELINE,TIME_GIVEN_COVERAGE,DWB_L3,True,10000,7883372862708444154,15.547926633440506,177.7714976056802,0.0874601769285185,2488,0.2488751124887511,True,784c8b3397548532ca3c,0.2488751124887511,BASELINE,S0_FULL,,BASELINE_STORED,0.2488751124887511,True,0.2488751124887511,True,False,False,False
8,BASELINE_STAGE15_S0,BASELINE,COVERAGE_GIVEN_TIME,DWB_L3,True,10000,8258755251271224740,36.916590659022525,199.14016163126223,0.1853799372091457,491,0.0491950804919508,True,887564f902387ad938e7,0.0983901609839016,BASELINE,S0_FULL,,BASELINE_STORED,0.0491950804919508,True,0.0983901609839016,True,True,False,False
4,BASELINE_STAGE15_S0,BASELINE,TIME_GIVEN_COVERAGE,DWB_L4,False,10000,5913069990956307999,15.547926633440506,177.7714976056802,0.0874601769285185,2516,0.2516748325167483,True,010985c4fe5ca4057cf9,0.2516748325167483,BASELINE,S0_FULL,,BASELINE_STORED,0.2516748325167483,True,0.2516748325167483,True,False,False,False
9,BASELINE_STAGE15_S0,BASELINE,COVERAGE_GIVEN_TIME,DWB_L4,False,10000,14976703976802733976,36.916590659022525,199.14016163126223,0.1853799372091457,647,0.0647935206479352,True,9c2567d99108e36ea1df,0.1295870412958704,BASELINE,S0_FULL,,BASELINE_STORED,0.0647935206479352,True,0.1295870412958704,True,False,False,False
