change_id,dataset_id,model_comparison,scheme,scoring_scale_id,left_role,right_role,left_status,right_status,decision_changed
PREPROCESSING_BLOCK3,BASELINE_STAGE15_S0,R1_MINUS_R0,MOVING_BLOCK_L3,H0_COMMON,PRIMARY,PREPROCESSING_SENSITIVITY,NO_CLEAR_DIFFERENCE,NO_CLEAR_DIFFERENCE,False
PREPROCESSING_BLOCK3,BASELINE_STAGE15_S0,R1_MINUS_R2,MOVING_BLOCK_L3,H0_COMMON,PRIMARY,PREPROCESSING_SENSITIVITY,NO_CLEAR_DIFFERENCE,NO_CLEAR_DIFFERENCE,False
PREPROCESSING_BLOCK3,BASELINE_V06_S0_FULL,R1_MINUS_R0,MOVING_BLOCK_L3,H0_COMMON,PRIMARY,PREPROCESSING_SENSITIVITY,NO_CLEAR_DIFFERENCE,NO_CLEAR_DIFFERENCE,False
PREPROCESSING_BLOCK3,BASELINE_V06_S0_FULL,R1_MINUS_R2,MOVING_BLOCK_L3,H0_COMMON,PRIMARY,PREPROCESSING_SENSITIVITY,NO_CLEAR_DIFFERENCE,NO_CLEAR_DIFFERENCE,False
PREPROCESSING_BLOCK3,BASELINE_V06_S1_DROP_TOP1,R1_MINUS_R0,MOVING_BLOCK_L3,H0_COMMON,PRIMARY,PREPROCESSING_SENSITIVITY,R1_LOWER_ERROR,R1_LOWER_ERROR,False
PREPROCESSING_BLOCK3,BASELINE_V06_S1_DROP_TOP1,R1_MINUS_R2,MOVING_BLOCK_L3,H0_COMMON,PRIMARY,PREPROCESSING_SENSITIVITY,R1_LOWER_ERROR,R1_LOWER_ERROR,False
PREPROCESSING_BLOCK3,BASELINE_V06_S2_DROP_TOP5,R1_MINUS_R0,MOVING_BLOCK_L3,H0_COMMON,PRIMARY,PREPROCESSING_SENSITIVITY,NO_CLEAR_DIFFERENCE,NO_CLEAR_DIFFERENCE,False
PREPROCESSING_BLOCK3,BASELINE_V06_S2_DROP_TOP5,R1_MINUS_R2,MOVING_BLOCK_L3,H0_COMMON,PRIMARY,PREPROCESSING_SENSITIVITY,NO_CLEAR_DIFFERENCE,NO_CLEAR_DIFFERENCE,False
PREPROCESSING_BLOCK3,MC_S0_FULL_R0_L0_STAGE15_MATCHED,R1_MINUS_R0,MOVING_BLOCK_L3,H0_COMMON,PRIMARY,PREPROCESSING_SENSITIVITY,NO_CLEAR_DIFFERENCE,NO_CLEAR_DIFFERENCE,False
PREPROCESSING_BLOCK3,MC_S0_FULL_R0_L0_STAGE15_MATCHED,R1_MINUS_R2,MOVING_BLOCK_L3,H0_COMMON,PRIMARY,PREPROCESSING_SENSITIVITY,NO_CLEAR_DIFFERENCE,NO_CLEAR_DIFFERENCE,False
PREPROCESSING_BLOCK3,MC_S0_FULL_R0_L1_EXTENDED,R1_MINUS_R0,MOVING_BLOCK_L3,H0_COMMON,PRIMARY,PREPROCESSING_SENSITIVITY,NO_CLEAR_DIFFERENCE,NO_CLEAR_DIFFERENCE,False
PREPROCESSING_BLOCK3,MC_S0_FULL_R0_L1_EXTENDED,R1_MINUS_R2,MOVING_BLOCK_L3,H0_COMMON,PRIMARY,PREPROCESSING_SENSITIVITY,NO_CLEAR_DIFFERENCE,NO_CLEAR_DIFFERENCE,False
PREPROCESSING_BLOCK3,MC_S0_FULL_R0_L2_HIGH,R1_MINUS_R0,MOVING_BLOCK_L3,H0_COMMON,PRIMARY,PREPROCESSING_SENSITIVITY,NO_CLEAR_DIFFERENCE,NO_CLEAR_DIFFERENCE,False
PREPROCESSING_BLOCK3,MC_S0_FULL_R0_L2_HIGH,R1_MINUS_R2,MOVING_BLOCK_L3,H0_COMMON,PRIMARY,PREPROCESSING_SENSITIVITY,NO_CLEAR_DIFFERENCE,NO_CLEAR_DIFFERENCE,False
PREPROCESSING_BLOCK3,MC_S0_FULL_R1_L0_STAGE15_MATCHED,R1_MINUS_R0,MOVING_BLOCK_L3,H0_COMMON,PRIMARY,PREPROCESSING_SENSITIVITY,NO_CLEAR_DIFFERENCE,NO_CLEAR_DIFFERENCE,False
PREPROCESSING_BLOCK3,MC_S0_FULL_R1_L0_STAGE15_MATCHED,R1_MINUS_R2,MOVING_BLOCK_L3,H0_COMMON,PRIMARY,PREPROCESSING_SENSITIVITY,NO_CLEAR_DIFFERENCE,NO_CLEAR_DIFFERENCE,False
PREPROCESSING_BLOCK3,MC_S0_FULL_R1_L1_EXTENDED,R1_MINUS_R0,MOVING_BLOCK_L3,H0_COMMON,PRIMARY,PREPROCESSING_SENSITIVITY,NO_CLEAR_DIFFERENCE,NO_CLEAR_DIFFERENCE,False
PREPROCESSING_BLOCK3,MC_S0_FULL_R1_L1_EXTENDED,R1_MINUS_R2,MOVING_BLOCK_L3,H0_COMMON,PRIMARY,PREPROCESSING_SENSITIVITY,NO_CLEAR_DIFFERENCE,NO_CLEAR_DIFFERENCE,False
PREPROCESSING_BLOCK3,MC_S0_FULL_R1_L2_HIGH,R1_MINUS_R0,MOVING_BLOCK_L3,H0_COMMON,PRIMARY,PREPROCESSING_SENSITIVITY,NO_CLEAR_DIFFERENCE,NO_CLEAR_DIFFERENCE,False
PREPROCESSING_BLOCK3,MC_S0_FULL_R1_L2_HIGH,R1_MINUS_R2,MOVING_BLOCK_L3,H0_COMMON,PRIMARY,PREPROCESSING_SENSITIVITY,NO_CLEAR_DIFFERENCE,NO_CLEAR_DIFFERENCE,False
PREPROCESSING_BLOCK3,MC_S0_FULL_R2_L0_STAGE15_MATCHED,R1_MINUS_R0,MOVING_BLOCK_L3,H0_COMMON,PRIMARY,PREPROCESSING_SENSITIVITY,NO_CLEAR_DIFFERENCE,NO_CLEAR_DIFFERENCE,False
PREPROCESSING_BLOCK3,MC_S0_FULL_R2_L0_STAGE15_MATCHED,R1_MINUS_R2,MOVING_BLOCK_L3,H0_COMMON,PRIMARY,PREPROCESSING_SENSITIVITY,NO_CLEAR_DIFFERENCE,NO_CLEAR_DIFFERENCE,False
PREPROCESSING_BLOCK3,MC_S0_FULL_R2_L1_EXTENDED,R1_MINUS_R0,MOVING_BLOCK_L3,H0_COMMON,PRIMARY,PREPROCESSING_SENSITIVITY,NO_CLEAR_DIFFERENCE,NO_CLEAR_DIFFERENCE,False
PREPROCESSING_BLOCK3,MC_S0_FULL_R2_L1_EXTENDED,R1_MINUS_R2,MOVING_BLOCK_L3,H0_COMMON,PRIMARY,PREPROCESSING_SENSITIVITY,NO_CLEAR_DIFFERENCE,NO_CLEAR_DIFFERENCE,False
PREPROCESSING_BLOCK3,MC_S0_FULL_R2_L2_HIGH,R1_MINUS_R0,MOVING_BLOCK_L3,H0_COMMON,PRIMARY,PREPROCESSING_SENSITIVITY,NO_CLEAR_DIFFERENCE,NO_CLEAR_DIFFERENCE,False
PREPROCESSING_BLOCK3,MC_S0_FULL_R2_L2_HIGH,R1_MINUS_R2,MOVING_BLOCK_L3,H0_COMMON,PRIMARY,PREPROCESSING_SENSITIVITY,NO_CLEAR_DIFFERENCE,NO_CLEAR_DIFFERENCE,False
PREPROCESSING_BLOCK3,MC_S0_FULL_R3_L0_STAGE15_MATCHED,R1_MINUS_R0,MOVING_BLOCK_L3,H0_COMMON,PRIMARY,PREPROCESSING_SENSITIVITY,NO_CLEAR_DIFFERENCE,NO_CLEAR_DIFFERENCE,False
PREPROCESSING_BLOCK3,MC_S0_FULL_R3_L0_STAGE15_MATCHED,R1_MINUS_R2,MOVING_BLOCK_L3,H0_COMMON,PRIMARY,PREPROCESSING_SENSITIVITY,NO_CLEAR_DIFFERENCE,NO_CLEAR_DIFFERENCE,False
PREPROCESSING_BLOCK3,MC_S0_FULL_R3_L1_EXTENDED,R1_MINUS_R0,MOVING_BLOCK_L3,H0_COMMON,PRIMARY,PREPROCESSING_SENSITIVITY,NO_CLEAR_DIFFERENCE,NO_CLEAR_DIFFERENCE,False
PREPROCESSING_BLOCK3,MC_S0_FULL_R3_L1_EXTENDED,R1_MINUS_R2,MOVING_BLOCK_L3,H0_COMMON,PRIMARY,PREPROCESSING_SENSITIVITY,NO_CLEAR_DIFFERENCE,NO_CLEAR_DIFFERENCE,False
PREPROCESSING_BLOCK3,MC_S0_FULL_R3_L2_HIGH,R1_MINUS_R0,MOVING_BLOCK_L3,H0_COMMON,PRIMARY,PREPROCESSING_SENSITIVITY,NO_CLEAR_DIFFERENCE,NO_CLEAR_DIFFERENCE,False
PREPROCESSING_BLOCK3,MC_S0_FULL_R3_L2_HIGH,R1_MINUS_R2,MOVING_BLOCK_L3,H0_COMMON,PRIMARY,PREPROCESSING_SENSITIVITY,NO_CLEAR_DIFFERENCE,NO_CLEAR_DIFFERENCE,False
PREPROCESSING_BLOCK3,MC_S0_FULL_R4_L0_STAGE15_MATCHED,R1_MINUS_R0,MOVING_BLOCK_L3,H0_COMMON,PRIMARY,PREPROCESSING_SENSITIVITY,NO_CLEAR_DIFFERENCE,NO_CLEAR_DIFFERENCE,False
PREPROCESSING_BLOCK3,MC_S0_FULL_R4_L0_STAGE15_MATCHED,R1_MINUS_R2,MOVING_BLOCK_L3,H0_COMMON,PRIMARY,PREPROCESSING_SENSITIVITY,NO_CLEAR_DIFFERENCE,NO_CLEAR_DIFFERENCE,False
PREPROCESSING_BLOCK3,MC_S0_FULL_R4_L1_EXTENDED,R1_MINUS_R0,MOVING_BLOCK_L3,H0_COMMON,PRIMARY,PREPROCESSING_SENSITIVITY,NO_CLEAR_DIFFERENCE,NO_CLEAR_DIFFERENCE,False
PREPROCESSING_BLOCK3,MC_S0_FULL_R4_L1_EXTENDED,R1_MINUS_R2,MOVING_BLOCK_L3,H0_COMMON,PRIMARY,PREPROCESSING_SENSITIVITY,NO_CLEAR_DIFFERENCE,NO_CLEAR_DIFFERENCE,False
PREPROCESSING_BLOCK3,MC_S0_FULL_R4_L2_HIGH,R1_MINUS_R0,MOVING_BLOCK_L3,H0_COMMON,PRIMARY,PREPROCESSING_SENSITIVITY,NO_CLEAR_DIFFERENCE,NO_CLEAR_DIFFERENCE,False
PREPROCESSING_BLOCK3,MC_S0_FULL_R4_L2_HIGH,R1_MINUS_R2,MOVING_BLOCK_L3,H0_COMMON,PRIMARY,PREPROCESSING_SENSITIVITY,NO_CLEAR_DIFFERENCE,NO_CLEAR_DIFFERENCE,False
PREPROCESSING_BLOCK3,MC_S1_DROP_TOP1_R0_L0_STAGE15_MATCHED,R1_MINUS_R0,MOVING_BLOCK_L3,H0_COMMON,PRIMARY,PREPROCESSING_SENSITIVITY,R1_LOWER_ERROR,R1_LOWER_ERROR,False
PREPROCESSING_BLOCK3,MC_S1_DROP_TOP1_R0_L0_STAGE15_MATCHED,R1_MINUS_R2,MOVING_BLOCK_L3,H0_COMMON,PRIMARY,PREPROCESSING_SENSITIVITY,R1_LOWER_ERROR,R1_LOWER_ERROR,False
PREPROCESSING_BLOCK3,MC_S1_DROP_TOP1_R0_L1_EXTENDED,R1_MINUS_R0,MOVING_BLOCK_L3,H0_COMMON,PRIMARY,PREPROCESSING_SENSITIVITY,R1_LOWER_ERROR,R1_LOWER_ERROR,False
PREPROCESSING_BLOCK3,MC_S1_DROP_TOP1_R0_L1_EXTENDED,R1_MINUS_R2,MOVING_BLOCK_L3,H0_COMMON,PRIMARY,PREPROCESSING_SENSITIVITY,R1_LOWER_ERROR,R1_LOWER_ERROR,False
PREPROCESSING_BLOCK3,MC_S1_DROP_TOP1_R0_L2_HIGH,R1_MINUS_R0,MOVING_BLOCK_L3,H0_COMMON,PRIMARY,PREPROCESSING_SENSITIVITY,R1_LOWER_ERROR,R1_LOWER_ERROR,False
PREPROCESSING_BLOCK3,MC_S1_DROP_TOP1_R0_L2_HIGH,R1_MINUS_R2,MOVING_BLOCK_L3,H0_COMMON,PRIMARY,PREPROCESSING_SENSITIVITY,R1_LOWER_ERROR,NO_CLEAR_DIFFERENCE,True
PREPROCESSING_BLOCK3,MC_S1_DROP_TOP1_R1_L0_STAGE15_MATCHED,R1_MINUS_R0,MOVING_BLOCK_L3,H0_COMMON,PRIMARY,PREPROCESSING_SENSITIVITY,R1_LOWER_ERROR,R1_LOWER_ERROR,False
PREPROCESSING_BLOCK3,MC_S1_DROP_TOP1_R1_L0_STAGE15_MATCHED,R1_MINUS_R2,MOVING_BLOCK_L3,H0_COMMON,PRIMARY,PREPROCESSING_SENSITIVITY,R1_LOWER_ERROR,R1_LOWER_ERROR,False
PREPROCESSING_BLOCK3,MC_S1_DROP_TOP1_R1_L1_EXTENDED,R1_MINUS_R0,MOVING_BLOCK_L3,H0_COMMON,PRIMARY,PREPROCESSING_SENSITIVITY,R1_LOWER_ERROR,R1_LOWER_ERROR,False
PREPROCESSING_BLOCK3,MC_S1_DROP_TOP1_R1_L1_EXTENDED,R1_MINUS_R2,MOVING_BLOCK_L3,H0_COMMON,PRIMARY,PREPROCESSING_SENSITIVITY,R1_LOWER_ERROR,R1_LOWER_ERROR,False
PREPROCESSING_BLOCK3,MC_S1_DROP_TOP1_R1_L2_HIGH,R1_MINUS_R0,MOVING_BLOCK_L3,H0_COMMON,PRIMARY,PREPROCESSING_SENSITIVITY,R1_LOWER_ERROR,R1_LOWER_ERROR,False
PREPROCESSING_BLOCK3,MC_S1_DROP_TOP1_R1_L2_HIGH,R1_MINUS_R2,MOVING_BLOCK_L3,H0_COMMON,PRIMARY,PREPROCESSING_SENSITIVITY,R1_LOWER_ERROR,NO_CLEAR_DIFFERENCE,True
PREPROCESSING_BLOCK3,MC_S1_DROP_TOP1_R2_L0_STAGE15_MATCHED,R1_MINUS_R0,MOVING_BLOCK_L3,H0_COMMON,PRIMARY,PREPROCESSING_SENSITIVITY,R1_LOWER_ERROR,R1_LOWER_ERROR,False
PREPROCESSING_BLOCK3,MC_S1_DROP_TOP1_R2_L0_STAGE15_MATCHED,R1_MINUS_R2,MOVING_BLOCK_L3,H0_COMMON,PRIMARY,PREPROCESSING_SENSITIVITY,R1_LOWER_ERROR,R1_LOWER_ERROR,False
PREPROCESSING_BLOCK3,MC_S1_DROP_TOP1_R2_L1_EXTENDED,R1_MINUS_R0,MOVING_BLOCK_L3,H0_COMMON,PRIMARY,PREPROCESSING_SENSITIVITY,R1_LOWER_ERROR,R1_LOWER_ERROR,False
PREPROCESSING_BLOCK3,MC_S1_DROP_TOP1_R2_L1_EXTENDED,R1_MINUS_R2,MOVING_BLOCK_L3,H0_COMMON,PRIMARY,PREPROCESSING_SENSITIVITY,NO_CLEAR_DIFFERENCE,R1_LOWER_ERROR,True
PREPROCESSING_BLOCK3,MC_S1_DROP_TOP1_R2_L2_HIGH,R1_MINUS_R0,MOVING_BLOCK_L3,H0_COMMON,PRIMARY,PREPROCESSING_SENSITIVITY,R1_LOWER_ERROR,R1_LOWER_ERROR,False
PREPROCESSING_BLOCK3,MC_S1_DROP_TOP1_R2_L2_HIGH,R1_MINUS_R2,MOVING_BLOCK_L3,H0_COMMON,PRIMARY,PREPROCESSING_SENSITIVITY,R1_LOWER_ERROR,NO_CLEAR_DIFFERENCE,True
PREPROCESSING_BLOCK3,MC_S1_DROP_TOP1_R3_L0_STAGE15_MATCHED,R1_MINUS_R0,MOVING_BLOCK_L3,H0_COMMON,PRIMARY,PREPROCESSING_SENSITIVITY,R1_LOWER_ERROR,R1_LOWER_ERROR,False
PREPROCESSING_BLOCK3,MC_S1_DROP_TOP1_R3_L0_STAGE15_MATCHED,R1_MINUS_R2,MOVING_BLOCK_L3,H0_COMMON,PRIMARY,PREPROCESSING_SENSITIVITY,R1_LOWER_ERROR,R1_LOWER_ERROR,False
PREPROCESSING_BLOCK3,MC_S1_DROP_TOP1_R3_L1_EXTENDED,R1_MINUS_R0,MOVING_BLOCK_L3,H0_COMMON,PRIMARY,PREPROCESSING_SENSITIVITY,R1_LOWER_ERROR,R1_LOWER_ERROR,False
PREPROCESSING_BLOCK3,MC_S1_DROP_TOP1_R3_L1_EXTENDED,R1_MINUS_R2,MOVING_BLOCK_L3,H0_COMMON,PRIMARY,PREPROCESSING_SENSITIVITY,R1_LOWER_ERROR,R1_LOWER_ERROR,False
PREPROCESSING_BLOCK3,MC_S1_DROP_TOP1_R3_L2_HIGH,R1_MINUS_R0,MOVING_BLOCK_L3,H0_COMMON,PRIMARY,PREPROCESSING_SENSITIVITY,R1_LOWER_ERROR,R1_LOWER_ERROR,False
PREPROCESSING_BLOCK3,MC_S1_DROP_TOP1_R3_L2_HIGH,R1_MINUS_R2,MOVING_BLOCK_L3,H0_COMMON,PRIMARY,PREPROCESSING_SENSITIVITY,R1_LOWER_ERROR,NO_CLEAR_DIFFERENCE,True
PREPROCESSING_BLOCK3,MC_S1_DROP_TOP1_R4_L0_STAGE15_MATCHED,R1_MINUS_R0,MOVING_BLOCK_L3,H0_COMMON,PRIMARY,PREPROCESSING_SENSITIVITY,R1_LOWER_ERROR,R1_LOWER_ERROR,False
PREPROCESSING_BLOCK3,MC_S1_DROP_TOP1_R4_L0_STAGE15_MATCHED,R1_MINUS_R2,MOVING_BLOCK_L3,H0_COMMON,PRIMARY,PREPROCESSING_SENSITIVITY,R1_LOWER_ERROR,R1_LOWER_ERROR,False
PREPROCESSING_BLOCK3,MC_S1_DROP_TOP1_R4_L1_EXTENDED,R1_MINUS_R0,MOVING_BLOCK_L3,H0_COMMON,PRIMARY,PREPROCESSING_SENSITIVITY,R1_LOWER_ERROR,R1_LOWER_ERROR,False
PREPROCESSING_BLOCK3,MC_S1_DROP_TOP1_R4_L1_EXTENDED,R1_MINUS_R2,MOVING_BLOCK_L3,H0_COMMON,PRIMARY,PREPROCESSING_SENSITIVITY,NO_CLEAR_DIFFERENCE,R1_LOWER_ERROR,True
PREPROCESSING_BLOCK3,MC_S1_DROP_TOP1_R4_L2_HIGH,R1_MINUS_R0,MOVING_BLOCK_L3,H0_COMMON,PRIMARY,PREPROCESSING_SENSITIVITY,R1_LOWER_ERROR,R1_LOWER_ERROR,False
PREPROCESSING_BLOCK3,MC_S1_DROP_TOP1_R4_L2_HIGH,R1_MINUS_R2,MOVING_BLOCK_L3,H0_COMMON,PRIMARY,PREPROCESSING_SENSITIVITY,NO_CLEAR_DIFFERENCE,NO_CLEAR_DIFFERENCE,False
PREPROCESSING_BLOCK3,MC_S2_DROP_TOP5_R0_L0_STAGE15_MATCHED,R1_MINUS_R0,MOVING_BLOCK_L3,H0_COMMON,PRIMARY,PREPROCESSING_SENSITIVITY,NO_CLEAR_DIFFERENCE,NO_CLEAR_DIFFERENCE,False
PREPROCESSING_BLOCK3,MC_S2_DROP_TOP5_R0_L0_STAGE15_MATCHED,R1_MINUS_R2,MOVING_BLOCK_L3,H0_COMMON,PRIMARY,PREPROCESSING_SENSITIVITY,NO_CLEAR_DIFFERENCE,NO_CLEAR_DIFFERENCE,False
PREPROCESSING_BLOCK3,MC_S2_DROP_TOP5_R0_L1_EXTENDED,R1_MINUS_R0,MOVING_BLOCK_L3,H0_COMMON,PRIMARY,PREPROCESSING_SENSITIVITY,NO_CLEAR_DIFFERENCE,NO_CLEAR_DIFFERENCE,False
PREPROCESSING_BLOCK3,MC_S2_DROP_TOP5_R0_L1_EXTENDED,R1_MINUS_R2,MOVING_BLOCK_L3,H0_COMMON,PRIMARY,PREPROCESSING_SENSITIVITY,R1_LOWER_ERROR,NO_CLEAR_DIFFERENCE,True
PREPROCESSING_BLOCK3,MC_S2_DROP_TOP5_R0_L2_HIGH,R1_MINUS_R0,MOVING_BLOCK_L3,H0_COMMON,PRIMARY,PREPROCESSING_SENSITIVITY,NO_CLEAR_DIFFERENCE,NO_CLEAR_DIFFERENCE,False
PREPROCESSING_BLOCK3,MC_S2_DROP_TOP5_R0_L2_HIGH,R1_MINUS_R2,MOVING_BLOCK_L3,H0_COMMON,PRIMARY,PREPROCESSING_SENSITIVITY,NO_CLEAR_DIFFERENCE,NO_CLEAR_DIFFERENCE,False
PREPROCESSING_BLOCK3,MC_S2_DROP_TOP5_R1_L0_STAGE15_MATCHED,R1_MINUS_R0,MOVING_BLOCK_L3,H0_COMMON,PRIMARY,PREPROCESSING_SENSITIVITY,NO_CLEAR_DIFFERENCE,NO_CLEAR_DIFFERENCE,False
PREPROCESSING_BLOCK3,MC_S2_DROP_TOP5_R1_L0_STAGE15_MATCHED,R1_MINUS_R2,MOVING_BLOCK_L3,H0_COMMON,PRIMARY,PREPROCESSING_SENSITIVITY,NO_CLEAR_DIFFERENCE,NO_CLEAR_DIFFERENCE,False
PREPROCESSING_BLOCK3,MC_S2_DROP_TOP5_R1_L1_EXTENDED,R1_MINUS_R0,MOVING_BLOCK_L3,H0_COMMON,PRIMARY,PREPROCESSING_SENSITIVITY,NO_CLEAR_DIFFERENCE,NO_CLEAR_DIFFERENCE,False
PREPROCESSING_BLOCK3,MC_S2_DROP_TOP5_R1_L1_EXTENDED,R1_MINUS_R2,MOVING_BLOCK_L3,H0_COMMON,PRIMARY,PREPROCESSING_SENSITIVITY,R1_LOWER_ERROR,R1_LOWER_ERROR,False
PREPROCESSING_BLOCK3,MC_S2_DROP_TOP5_R1_L2_HIGH,R1_MINUS_R0,MOVING_BLOCK_L3,H0_COMMON,PRIMARY,PREPROCESSING_SENSITIVITY,NO_CLEAR_DIFFERENCE,NO_CLEAR_DIFFERENCE,False
PREPROCESSING_BLOCK3,MC_S2_DROP_TOP5_R1_L2_HIGH,R1_MINUS_R2,MOVING_BLOCK_L3,H0_COMMON,PRIMARY,PREPROCESSING_SENSITIVITY,NO_CLEAR_DIFFERENCE,NO_CLEAR_DIFFERENCE,False
PREPROCESSING_BLOCK3,MC_S2_DROP_TOP5_R2_L0_STAGE15_MATCHED,R1_MINUS_R0,MOVING_BLOCK_L3,H0_COMMON,PRIMARY,PREPROCESSING_SENSITIVITY,NO_CLEAR_DIFFERENCE,NO_CLEAR_DIFFERENCE,False
PREPROCESSING_BLOCK3,MC_S2_DROP_TOP5_R2_L0_STAGE15_MATCHED,R1_MINUS_R2,MOVING_BLOCK_L3,H0_COMMON,PRIMARY,PREPROCESSING_SENSITIVITY,NO_CLEAR_DIFFERENCE,NO_CLEAR_DIFFERENCE,False
PREPROCESSING_BLOCK3,MC_S2_DROP_TOP5_R2_L1_EXTENDED,R1_MINUS_R0,MOVING_BLOCK_L3,H0_COMMON,PRIMARY,PREPROCESSING_SENSITIVITY,NO_CLEAR_DIFFERENCE,NO_CLEAR_DIFFERENCE,False
PREPROCESSING_BLOCK3,MC_S2_DROP_TOP5_R2_L1_EXTENDED,R1_MINUS_R2,MOVING_BLOCK_L3,H0_COMMON,PRIMARY,PREPROCESSING_SENSITIVITY,NO_CLEAR_DIFFERENCE,R1_LOWER_ERROR,True
PREPROCESSING_BLOCK3,MC_S2_DROP_TOP5_R2_L2_HIGH,R1_MINUS_R0,MOVING_BLOCK_L3,H0_COMMON,PRIMARY,PREPROCESSING_SENSITIVITY,NO_CLEAR_DIFFERENCE,NO_CLEAR_DIFFERENCE,False
PREPROCESSING_BLOCK3,MC_S2_DROP_TOP5_R2_L2_HIGH,R1_MINUS_R2,MOVING_BLOCK_L3,H0_COMMON,PRIMARY,PREPROCESSING_SENSITIVITY,NO_CLEAR_DIFFERENCE,NO_CLEAR_DIFFERENCE,False
PREPROCESSING_BLOCK3,MC_S2_DROP_TOP5_R3_L0_STAGE15_MATCHED,R1_MINUS_R0,MOVING_BLOCK_L3,H0_COMMON,PRIMARY,PREPROCESSING_SENSITIVITY,NO_CLEAR_DIFFERENCE,NO_CLEAR_DIFFERENCE,False
PREPROCESSING_BLOCK3,MC_S2_DROP_TOP5_R3_L0_STAGE15_MATCHED,R1_MINUS_R2,MOVING_BLOCK_L3,H0_COMMON,PRIMARY,PREPROCESSING_SENSITIVITY,NO_CLEAR_DIFFERENCE,NO_CLEAR_DIFFERENCE,False
PREPROCESSING_BLOCK3,MC_S2_DROP_TOP5_R3_L1_EXTENDED,R1_MINUS_R0,MOVING_BLOCK_L3,H0_COMMON,PRIMARY,PREPROCESSING_SENSITIVITY,NO_CLEAR_DIFFERENCE,NO_CLEAR_DIFFERENCE,False
PREPROCESSING_BLOCK3,MC_S2_DROP_TOP5_R3_L1_EXTENDED,R1_MINUS_R2,MOVING_BLOCK_L3,H0_COMMON,PRIMARY,PREPROCESSING_SENSITIVITY,NO_CLEAR_DIFFERENCE,NO_CLEAR_DIFFERENCE,False
PREPROCESSING_BLOCK3,MC_S2_DROP_TOP5_R3_L2_HIGH,R1_MINUS_R0,MOVING_BLOCK_L3,H0_COMMON,PRIMARY,PREPROCESSING_SENSITIVITY,NO_CLEAR_DIFFERENCE,NO_CLEAR_DIFFERENCE,False
PREPROCESSING_BLOCK3,MC_S2_DROP_TOP5_R3_L2_HIGH,R1_MINUS_R2,MOVING_BLOCK_L3,H0_COMMON,PRIMARY,PREPROCESSING_SENSITIVITY,NO_CLEAR_DIFFERENCE,NO_CLEAR_DIFFERENCE,False
PREPROCESSING_BLOCK3,MC_S2_DROP_TOP5_R4_L0_STAGE15_MATCHED,R1_MINUS_R0,MOVING_BLOCK_L3,H0_COMMON,PRIMARY,PREPROCESSING_SENSITIVITY,NO_CLEAR_DIFFERENCE,NO_CLEAR_DIFFERENCE,False
PREPROCESSING_BLOCK3,MC_S2_DROP_TOP5_R4_L0_STAGE15_MATCHED,R1_MINUS_R2,MOVING_BLOCK_L3,H0_COMMON,PRIMARY,PREPROCESSING_SENSITIVITY,NO_CLEAR_DIFFERENCE,NO_CLEAR_DIFFERENCE,False
PREPROCESSING_BLOCK3,MC_S2_DROP_TOP5_R4_L1_EXTENDED,R1_MINUS_R0,MOVING_BLOCK_L3,H0_COMMON,PRIMARY,PREPROCESSING_SENSITIVITY,NO_CLEAR_DIFFERENCE,NO_CLEAR_DIFFERENCE,False
PREPROCESSING_BLOCK3,MC_S2_DROP_TOP5_R4_L1_EXTENDED,R1_MINUS_R2,MOVING_BLOCK_L3,H0_COMMON,PRIMARY,PREPROCESSING_SENSITIVITY,NO_CLEAR_DIFFERENCE,R1_LOWER_ERROR,True
PREPROCESSING_BLOCK3,MC_S2_DROP_TOP5_R4_L2_HIGH,R1_MINUS_R0,MOVING_BLOCK_L3,H0_COMMON,PRIMARY,PREPROCESSING_SENSITIVITY,NO_CLEAR_DIFFERENCE,NO_CLEAR_DIFFERENCE,False
PREPROCESSING_BLOCK3,MC_S2_DROP_TOP5_R4_L2_HIGH,R1_MINUS_R2,MOVING_BLOCK_L3,H0_COMMON,PRIMARY,PREPROCESSING_SENSITIVITY,NO_CLEAR_DIFFERENCE,NO_CLEAR_DIFFERENCE,False
ADJACENCY_BLOCK3,BASELINE_STAGE15_S0,R1_MINUS_R0,MOVING_BLOCK_L3,GAP1_COMMON,ADJACENCY_SENSITIVITY,ADJACENCY_MATCHED_REFERENCE,NO_CLEAR_DIFFERENCE,NO_CLEAR_DIFFERENCE,False
ADJACENCY_BLOCK3,BASELINE_STAGE15_S0,R1_MINUS_R2,MOVING_BLOCK_L3,GAP1_COMMON,ADJACENCY_SENSITIVITY,ADJACENCY_MATCHED_REFERENCE,NO_CLEAR_DIFFERENCE,NO_CLEAR_DIFFERENCE,False
ADJACENCY_BLOCK3,BASELINE_V06_S0_FULL,R1_MINUS_R0,MOVING_BLOCK_L3,GAP1_COMMON,ADJACENCY_SENSITIVITY,ADJACENCY_MATCHED_REFERENCE,NO_CLEAR_DIFFERENCE,NO_CLEAR_DIFFERENCE,False
ADJACENCY_BLOCK3,BASELINE_V06_S0_FULL,R1_MINUS_R2,MOVING_BLOCK_L3,GAP1_COMMON,ADJACENCY_SENSITIVITY,ADJACENCY_MATCHED_REFERENCE,NO_CLEAR_DIFFERENCE,NO_CLEAR_DIFFERENCE,False
ADJACENCY_BLOCK3,BASELINE_V06_S1_DROP_TOP1,R1_MINUS_R0,MOVING_BLOCK_L3,GAP1_COMMON,ADJACENCY_SENSITIVITY,ADJACENCY_MATCHED_REFERENCE,R1_LOWER_ERROR,R1_LOWER_ERROR,False
ADJACENCY_BLOCK3,BASELINE_V06_S1_DROP_TOP1,R1_MINUS_R2,MOVING_BLOCK_L3,GAP1_COMMON,ADJACENCY_SENSITIVITY,ADJACENCY_MATCHED_REFERENCE,R1_LOWER_ERROR,R1_LOWER_ERROR,False
ADJACENCY_BLOCK3,BASELINE_V06_S2_DROP_TOP5,R1_MINUS_R0,MOVING_BLOCK_L3,GAP1_COMMON,ADJACENCY_SENSITIVITY,ADJACENCY_MATCHED_REFERENCE,NO_CLEAR_DIFFERENCE,NO_CLEAR_DIFFERENCE,False
ADJACENCY_BLOCK3,BASELINE_V06_S2_DROP_TOP5,R1_MINUS_R2,MOVING_BLOCK_L3,GAP1_COMMON,ADJACENCY_SENSITIVITY,ADJACENCY_MATCHED_REFERENCE,NO_CLEAR_DIFFERENCE,NO_CLEAR_DIFFERENCE,False
ADJACENCY_BLOCK3,MC_S0_FULL_R0_L0_STAGE15_MATCHED,R1_MINUS_R0,MOVING_BLOCK_L3,GAP1_COMMON,ADJACENCY_SENSITIVITY,ADJACENCY_MATCHED_REFERENCE,NO_CLEAR_DIFFERENCE,NO_CLEAR_DIFFERENCE,False
ADJACENCY_BLOCK3,MC_S0_FULL_R0_L0_STAGE15_MATCHED,R1_MINUS_R2,MOVING_BLOCK_L3,GAP1_COMMON,ADJACENCY_SENSITIVITY,ADJACENCY_MATCHED_REFERENCE,NO_CLEAR_DIFFERENCE,NO_CLEAR_DIFFERENCE,False
ADJACENCY_BLOCK3,MC_S0_FULL_R0_L1_EXTENDED,R1_MINUS_R0,MOVING_BLOCK_L3,GAP1_COMMON,ADJACENCY_SENSITIVITY,ADJACENCY_MATCHED_REFERENCE,NO_CLEAR_DIFFERENCE,NO_CLEAR_DIFFERENCE,False
ADJACENCY_BLOCK3,MC_S0_FULL_R0_L1_EXTENDED,R1_MINUS_R2,MOVING_BLOCK_L3,GAP1_COMMON,ADJACENCY_SENSITIVITY,ADJACENCY_MATCHED_REFERENCE,NO_CLEAR_DIFFERENCE,NO_CLEAR_DIFFERENCE,False
ADJACENCY_BLOCK3,MC_S0_FULL_R0_L2_HIGH,R1_MINUS_R0,MOVING_BLOCK_L3,GAP1_COMMON,ADJACENCY_SENSITIVITY,ADJACENCY_MATCHED_REFERENCE,NO_CLEAR_DIFFERENCE,NO_CLEAR_DIFFERENCE,False
ADJACENCY_BLOCK3,MC_S0_FULL_R0_L2_HIGH,R1_MINUS_R2,MOVING_BLOCK_L3,GAP1_COMMON,ADJACENCY_SENSITIVITY,ADJACENCY_MATCHED_REFERENCE,NO_CLEAR_DIFFERENCE,NO_CLEAR_DIFFERENCE,False
ADJACENCY_BLOCK3,MC_S0_FULL_R1_L0_STAGE15_MATCHED,R1_MINUS_R0,MOVING_BLOCK_L3,GAP1_COMMON,ADJACENCY_SENSITIVITY,ADJACENCY_MATCHED_REFERENCE,NO_CLEAR_DIFFERENCE,NO_CLEAR_DIFFERENCE,False
ADJACENCY_BLOCK3,MC_S0_FULL_R1_L0_STAGE15_MATCHED,R1_MINUS_R2,MOVING_BLOCK_L3,GAP1_COMMON,ADJACENCY_SENSITIVITY,ADJACENCY_MATCHED_REFERENCE,NO_CLEAR_DIFFERENCE,NO_CLEAR_DIFFERENCE,False
ADJACENCY_BLOCK3,MC_S0_FULL_R1_L1_EXTENDED,R1_MINUS_R0,MOVING_BLOCK_L3,GAP1_COMMON,ADJACENCY_SENSITIVITY,ADJACENCY_MATCHED_REFERENCE,NO_CLEAR_DIFFERENCE,NO_CLEAR_DIFFERENCE,False
ADJACENCY_BLOCK3,MC_S0_FULL_R1_L1_EXTENDED,R1_MINUS_R2,MOVING_BLOCK_L3,GAP1_COMMON,ADJACENCY_SENSITIVITY,ADJACENCY_MATCHED_REFERENCE,NO_CLEAR_DIFFERENCE,NO_CLEAR_DIFFERENCE,False
ADJACENCY_BLOCK3,MC_S0_FULL_R1_L2_HIGH,R1_MINUS_R0,MOVING_BLOCK_L3,GAP1_COMMON,ADJACENCY_SENSITIVITY,ADJACENCY_MATCHED_REFERENCE,NO_CLEAR_DIFFERENCE,NO_CLEAR_DIFFERENCE,False
ADJACENCY_BLOCK3,MC_S0_FULL_R1_L2_HIGH,R1_MINUS_R2,MOVING_BLOCK_L3,GAP1_COMMON,ADJACENCY_SENSITIVITY,ADJACENCY_MATCHED_REFERENCE,NO_CLEAR_DIFFERENCE,NO_CLEAR_DIFFERENCE,False
ADJACENCY_BLOCK3,MC_S0_FULL_R2_L0_STAGE15_MATCHED,R1_MINUS_R0,MOVING_BLOCK_L3,GAP1_COMMON,ADJACENCY_SENSITIVITY,ADJACENCY_MATCHED_REFERENCE,NO_CLEAR_DIFFERENCE,NO_CLEAR_DIFFERENCE,False
ADJACENCY_BLOCK3,MC_S0_FULL_R2_L0_STAGE15_MATCHED,R1_MINUS_R2,MOVING_BLOCK_L3,GAP1_COMMON,ADJACENCY_SENSITIVITY,ADJACENCY_MATCHED_REFERENCE,NO_CLEAR_DIFFERENCE,NO_CLEAR_DIFFERENCE,False
ADJACENCY_BLOCK3,MC_S0_FULL_R2_L1_EXTENDED,R1_MINUS_R0,MOVING_BLOCK_L3,GAP1_COMMON,ADJACENCY_SENSITIVITY,ADJACENCY_MATCHED_REFERENCE,NO_CLEAR_DIFFERENCE,NO_CLEAR_DIFFERENCE,False
ADJACENCY_BLOCK3,MC_S0_FULL_R2_L1_EXTENDED,R1_MINUS_R2,MOVING_BLOCK_L3,GAP1_COMMON,ADJACENCY_SENSITIVITY,ADJACENCY_MATCHED_REFERENCE,NO_CLEAR_DIFFERENCE,NO_CLEAR_DIFFERENCE,False
ADJACENCY_BLOCK3,MC_S0_FULL_R2_L2_HIGH,R1_MINUS_R0,MOVING_BLOCK_L3,GAP1_COMMON,ADJACENCY_SENSITIVITY,ADJACENCY_MATCHED_REFERENCE,NO_CLEAR_DIFFERENCE,NO_CLEAR_DIFFERENCE,False
ADJACENCY_BLOCK3,MC_S0_FULL_R2_L2_HIGH,R1_MINUS_R2,MOVING_BLOCK_L3,GAP1_COMMON,ADJACENCY_SENSITIVITY,ADJACENCY_MATCHED_REFERENCE,NO_CLEAR_DIFFERENCE,NO_CLEAR_DIFFERENCE,False
ADJACENCY_BLOCK3,MC_S0_FULL_R3_L0_STAGE15_MATCHED,R1_MINUS_R0,MOVING_BLOCK_L3,GAP1_COMMON,ADJACENCY_SENSITIVITY,ADJACENCY_MATCHED_REFERENCE,NO_CLEAR_DIFFERENCE,NO_CLEAR_DIFFERENCE,False
ADJACENCY_BLOCK3,MC_S0_FULL_R3_L0_STAGE15_MATCHED,R1_MINUS_R2,MOVING_BLOCK_L3,GAP1_COMMON,ADJACENCY_SENSITIVITY,ADJACENCY_MATCHED_REFERENCE,NO_CLEAR_DIFFERENCE,NO_CLEAR_DIFFERENCE,False
ADJACENCY_BLOCK3,MC_S0_FULL_R3_L1_EXTENDED,R1_MINUS_R0,MOVING_BLOCK_L3,GAP1_COMMON,ADJACENCY_SENSITIVITY,ADJACENCY_MATCHED_REFERENCE,NO_CLEAR_DIFFERENCE,NO_CLEAR_DIFFERENCE,False
ADJACENCY_BLOCK3,MC_S0_FULL_R3_L1_EXTENDED,R1_MINUS_R2,MOVING_BLOCK_L3,GAP1_COMMON,ADJACENCY_SENSITIVITY,ADJACENCY_MATCHED_REFERENCE,NO_CLEAR_DIFFERENCE,NO_CLEAR_DIFFERENCE,False
ADJACENCY_BLOCK3,MC_S0_FULL_R3_L2_HIGH,R1_MINUS_R0,MOVING_BLOCK_L3,GAP1_COMMON,ADJACENCY_SENSITIVITY,ADJACENCY_MATCHED_REFERENCE,NO_CLEAR_DIFFERENCE,NO_CLEAR_DIFFERENCE,False
ADJACENCY_BLOCK3,MC_S0_FULL_R3_L2_HIGH,R1_MINUS_R2,MOVING_BLOCK_L3,GAP1_COMMON,ADJACENCY_SENSITIVITY,ADJACENCY_MATCHED_REFERENCE,NO_CLEAR_DIFFERENCE,NO_CLEAR_DIFFERENCE,False
ADJACENCY_BLOCK3,MC_S0_FULL_R4_L0_STAGE15_MATCHED,R1_MINUS_R0,MOVING_BLOCK_L3,GAP1_COMMON,ADJACENCY_SENSITIVITY,ADJACENCY_MATCHED_REFERENCE,NO_CLEAR_DIFFERENCE,NO_CLEAR_DIFFERENCE,False
ADJACENCY_BLOCK3,MC_S0_FULL_R4_L0_STAGE15_MATCHED,R1_MINUS_R2,MOVING_BLOCK_L3,GAP1_COMMON,ADJACENCY_SENSITIVITY,ADJACENCY_MATCHED_REFERENCE,NO_CLEAR_DIFFERENCE,NO_CLEAR_DIFFERENCE,False
ADJACENCY_BLOCK3,MC_S0_FULL_R4_L1_EXTENDED,R1_MINUS_R0,MOVING_BLOCK_L3,GAP1_COMMON,ADJACENCY_SENSITIVITY,ADJACENCY_MATCHED_REFERENCE,NO_CLEAR_DIFFERENCE,NO_CLEAR_DIFFERENCE,False
ADJACENCY_BLOCK3,MC_S0_FULL_R4_L1_EXTENDED,R1_MINUS_R2,MOVING_BLOCK_L3,GAP1_COMMON,ADJACENCY_SENSITIVITY,ADJACENCY_MATCHED_REFERENCE,NO_CLEAR_DIFFERENCE,NO_CLEAR_DIFFERENCE,False
ADJACENCY_BLOCK3,MC_S0_FULL_R4_L2_HIGH,R1_MINUS_R0,MOVING_BLOCK_L3,GAP1_COMMON,ADJACENCY_SENSITIVITY,ADJACENCY_MATCHED_REFERENCE,NO_CLEAR_DIFFERENCE,NO_CLEAR_DIFFERENCE,False
ADJACENCY_BLOCK3,MC_S0_FULL_R4_L2_HIGH,R1_MINUS_R2,MOVING_BLOCK_L3,GAP1_COMMON,ADJACENCY_SENSITIVITY,ADJACENCY_MATCHED_REFERENCE,NO_CLEAR_DIFFERENCE,NO_CLEAR_DIFFERENCE,False
ADJACENCY_BLOCK3,MC_S1_DROP_TOP1_R0_L0_STAGE15_MATCHED,R1_MINUS_R0,MOVING_BLOCK_L3,GAP1_COMMON,ADJACENCY_SENSITIVITY,ADJACENCY_MATCHED_REFERENCE,R1_LOWER_ERROR,R1_LOWER_ERROR,False
ADJACENCY_BLOCK3,MC_S1_DROP_TOP1_R0_L0_STAGE15_MATCHED,R1_MINUS_R2,MOVING_BLOCK_L3,GAP1_COMMON,ADJACENCY_SENSITIVITY,ADJACENCY_MATCHED_REFERENCE,R1_LOWER_ERROR,NO_CLEAR_DIFFERENCE,True
ADJACENCY_BLOCK3,MC_S1_DROP_TOP1_R0_L1_EXTENDED,R1_MINUS_R0,MOVING_BLOCK_L3,GAP1_COMMON,ADJACENCY_SENSITIVITY,ADJACENCY_MATCHED_REFERENCE,R1_LOWER_ERROR,R1_LOWER_ERROR,False
ADJACENCY_BLOCK3,MC_S1_DROP_TOP1_R0_L1_EXTENDED,R1_MINUS_R2,MOVING_BLOCK_L3,GAP1_COMMON,ADJACENCY_SENSITIVITY,ADJACENCY_MATCHED_REFERENCE,R1_LOWER_ERROR,R1_LOWER_ERROR,False
ADJACENCY_BLOCK3,MC_S1_DROP_TOP1_R0_L2_HIGH,R1_MINUS_R0,MOVING_BLOCK_L3,GAP1_COMMON,ADJACENCY_SENSITIVITY,ADJACENCY_MATCHED_REFERENCE,R1_LOWER_ERROR,R1_LOWER_ERROR,False
ADJACENCY_BLOCK3,MC_S1_DROP_TOP1_R0_L2_HIGH,R1_MINUS_R2,MOVING_BLOCK_L3,GAP1_COMMON,ADJACENCY_SENSITIVITY,ADJACENCY_MATCHED_REFERENCE,NO_CLEAR_DIFFERENCE,R1_LOWER_ERROR,True
ADJACENCY_BLOCK3,MC_S1_DROP_TOP1_R1_L0_STAGE15_MATCHED,R1_MINUS_R0,MOVING_BLOCK_L3,GAP1_COMMON,ADJACENCY_SENSITIVITY,ADJACENCY_MATCHED_REFERENCE,R1_LOWER_ERROR,R1_LOWER_ERROR,False
ADJACENCY_BLOCK3,MC_S1_DROP_TOP1_R1_L0_STAGE15_MATCHED,R1_MINUS_R2,MOVING_BLOCK_L3,GAP1_COMMON,ADJACENCY_SENSITIVITY,ADJACENCY_MATCHED_REFERENCE,R1_LOWER_ERROR,R1_LOWER_ERROR,False
ADJACENCY_BLOCK3,MC_S1_DROP_TOP1_R1_L1_EXTENDED,R1_MINUS_R0,MOVING_BLOCK_L3,GAP1_COMMON,ADJACENCY_SENSITIVITY,ADJACENCY_MATCHED_REFERENCE,R1_LOWER_ERROR,R1_LOWER_ERROR,False
ADJACENCY_BLOCK3,MC_S1_DROP_TOP1_R1_L1_EXTENDED,R1_MINUS_R2,MOVING_BLOCK_L3,GAP1_COMMON,ADJACENCY_SENSITIVITY,ADJACENCY_MATCHED_REFERENCE,R1_LOWER_ERROR,R1_LOWER_ERROR,False
ADJACENCY_BLOCK3,MC_S1_DROP_TOP1_R1_L2_HIGH,R1_MINUS_R0,MOVING_BLOCK_L3,GAP1_COMMON,ADJACENCY_SENSITIVITY,ADJACENCY_MATCHED_REFERENCE,R1_LOWER_ERROR,R1_LOWER_ERROR,False
ADJACENCY_BLOCK3,MC_S1_DROP_TOP1_R1_L2_HIGH,R1_MINUS_R2,MOVING_BLOCK_L3,GAP1_COMMON,ADJACENCY_SENSITIVITY,ADJACENCY_MATCHED_REFERENCE,R1_LOWER_ERROR,R1_LOWER_ERROR,False
ADJACENCY_BLOCK3,MC_S1_DROP_TOP1_R2_L0_STAGE15_MATCHED,R1_MINUS_R0,MOVING_BLOCK_L3,GAP1_COMMON,ADJACENCY_SENSITIVITY,ADJACENCY_MATCHED_REFERENCE,R1_LOWER_ERROR,R1_LOWER_ERROR,False
ADJACENCY_BLOCK3,MC_S1_DROP_TOP1_R2_L0_STAGE15_MATCHED,R1_MINUS_R2,MOVING_BLOCK_L3,GAP1_COMMON,ADJACENCY_SENSITIVITY,ADJACENCY_MATCHED_REFERENCE,R1_LOWER_ERROR,R1_LOWER_ERROR,False
ADJACENCY_BLOCK3,MC_S1_DROP_TOP1_R2_L1_EXTENDED,R1_MINUS_R0,MOVING_BLOCK_L3,GAP1_COMMON,ADJACENCY_SENSITIVITY,ADJACENCY_MATCHED_REFERENCE,R1_LOWER_ERROR,R1_LOWER_ERROR,False
ADJACENCY_BLOCK3,MC_S1_DROP_TOP1_R2_L1_EXTENDED,R1_MINUS_R2,MOVING_BLOCK_L3,GAP1_COMMON,ADJACENCY_SENSITIVITY,ADJACENCY_MATCHED_REFERENCE,R1_LOWER_ERROR,NO_CLEAR_DIFFERENCE,True
ADJACENCY_BLOCK3,MC_S1_DROP_TOP1_R2_L2_HIGH,R1_MINUS_R0,MOVING_BLOCK_L3,GAP1_COMMON,ADJACENCY_SENSITIVITY,ADJACENCY_MATCHED_REFERENCE,R1_LOWER_ERROR,R1_LOWER_ERROR,False
ADJACENCY_BLOCK3,MC_S1_DROP_TOP1_R2_L2_HIGH,R1_MINUS_R2,MOVING_BLOCK_L3,GAP1_COMMON,ADJACENCY_SENSITIVITY,ADJACENCY_MATCHED_REFERENCE,R1_LOWER_ERROR,R1_LOWER_ERROR,False
ADJACENCY_BLOCK3,MC_S1_DROP_TOP1_R3_L0_STAGE15_MATCHED,R1_MINUS_R0,MOVING_BLOCK_L3,GAP1_COMMON,ADJACENCY_SENSITIVITY,ADJACENCY_MATCHED_REFERENCE,R1_LOWER_ERROR,R1_LOWER_ERROR,False
ADJACENCY_BLOCK3,MC_S1_DROP_TOP1_R3_L0_STAGE15_MATCHED,R1_MINUS_R2,MOVING_BLOCK_L3,GAP1_COMMON,ADJACENCY_SENSITIVITY,ADJACENCY_MATCHED_REFERENCE,R1_LOWER_ERROR,R1_LOWER_ERROR,False
ADJACENCY_BLOCK3,MC_S1_DROP_TOP1_R3_L1_EXTENDED,R1_MINUS_R0,MOVING_BLOCK_L3,GAP1_COMMON,ADJACENCY_SENSITIVITY,ADJACENCY_MATCHED_REFERENCE,R1_LOWER_ERROR,R1_LOWER_ERROR,False
ADJACENCY_BLOCK3,MC_S1_DROP_TOP1_R3_L1_EXTENDED,R1_MINUS_R2,MOVING_BLOCK_L3,GAP1_COMMON,ADJACENCY_SENSITIVITY,ADJACENCY_MATCHED_REFERENCE,R1_LOWER_ERROR,R1_LOWER_ERROR,False
ADJACENCY_BLOCK3,MC_S1_DROP_TOP1_R3_L2_HIGH,R1_MINUS_R0,MOVING_BLOCK_L3,GAP1_COMMON,ADJACENCY_SENSITIVITY,ADJACENCY_MATCHED_REFERENCE,R1_LOWER_ERROR,R1_LOWER_ERROR,False
ADJACENCY_BLOCK3,MC_S1_DROP_TOP1_R3_L2_HIGH,R1_MINUS_R2,MOVING_BLOCK_L3,GAP1_COMMON,ADJACENCY_SENSITIVITY,ADJACENCY_MATCHED_REFERENCE,R1_LOWER_ERROR,R1_LOWER_ERROR,False
ADJACENCY_BLOCK3,MC_S1_DROP_TOP1_R4_L0_STAGE15_MATCHED,R1_MINUS_R0,MOVING_BLOCK_L3,GAP1_COMMON,ADJACENCY_SENSITIVITY,ADJACENCY_MATCHED_REFERENCE,R1_LOWER_ERROR,R1_LOWER_ERROR,False
ADJACENCY_BLOCK3,MC_S1_DROP_TOP1_R4_L0_STAGE15_MATCHED,R1_MINUS_R2,MOVING_BLOCK_L3,GAP1_COMMON,ADJACENCY_SENSITIVITY,ADJACENCY_MATCHED_REFERENCE,R1_LOWER_ERROR,R1_LOWER_ERROR,False
ADJACENCY_BLOCK3,MC_S1_DROP_TOP1_R4_L1_EXTENDED,R1_MINUS_R0,MOVING_BLOCK_L3,GAP1_COMMON,ADJACENCY_SENSITIVITY,ADJACENCY_MATCHED_REFERENCE,R1_LOWER_ERROR,R1_LOWER_ERROR,False
ADJACENCY_BLOCK3,MC_S1_DROP_TOP1_R4_L1_EXTENDED,R1_MINUS_R2,MOVING_BLOCK_L3,GAP1_COMMON,ADJACENCY_SENSITIVITY,ADJACENCY_MATCHED_REFERENCE,R1_LOWER_ERROR,NO_CLEAR_DIFFERENCE,True
ADJACENCY_BLOCK3,MC_S1_DROP_TOP1_R4_L2_HIGH,R1_MINUS_R0,MOVING_BLOCK_L3,GAP1_COMMON,ADJACENCY_SENSITIVITY,ADJACENCY_MATCHED_REFERENCE,R1_LOWER_ERROR,R1_LOWER_ERROR,False
ADJACENCY_BLOCK3,MC_S1_DROP_TOP1_R4_L2_HIGH,R1_MINUS_R2,MOVING_BLOCK_L3,GAP1_COMMON,ADJACENCY_SENSITIVITY,ADJACENCY_MATCHED_REFERENCE,NO_CLEAR_DIFFERENCE,NO_CLEAR_DIFFERENCE,False
ADJACENCY_BLOCK3,MC_S2_DROP_TOP5_R0_L0_STAGE15_MATCHED,R1_MINUS_R0,MOVING_BLOCK_L3,GAP1_COMMON,ADJACENCY_SENSITIVITY,ADJACENCY_MATCHED_REFERENCE,NO_CLEAR_DIFFERENCE,NO_CLEAR_DIFFERENCE,False
ADJACENCY_BLOCK3,MC_S2_DROP_TOP5_R0_L0_STAGE15_MATCHED,R1_MINUS_R2,MOVING_BLOCK_L3,GAP1_COMMON,ADJACENCY_SENSITIVITY,ADJACENCY_MATCHED_REFERENCE,NO_CLEAR_DIFFERENCE,NO_CLEAR_DIFFERENCE,False
ADJACENCY_BLOCK3,MC_S2_DROP_TOP5_R0_L1_EXTENDED,R1_MINUS_R0,MOVING_BLOCK_L3,GAP1_COMMON,ADJACENCY_SENSITIVITY,ADJACENCY_MATCHED_REFERENCE,NO_CLEAR_DIFFERENCE,NO_CLEAR_DIFFERENCE,False
ADJACENCY_BLOCK3,MC_S2_DROP_TOP5_R0_L1_EXTENDED,R1_MINUS_R2,MOVING_BLOCK_L3,GAP1_COMMON,ADJACENCY_SENSITIVITY,ADJACENCY_MATCHED_REFERENCE,R1_LOWER_ERROR,R1_LOWER_ERROR,False
ADJACENCY_BLOCK3,MC_S2_DROP_TOP5_R0_L2_HIGH,R1_MINUS_R0,MOVING_BLOCK_L3,GAP1_COMMON,ADJACENCY_SENSITIVITY,ADJACENCY_MATCHED_REFERENCE,NO_CLEAR_DIFFERENCE,NO_CLEAR_DIFFERENCE,False
ADJACENCY_BLOCK3,MC_S2_DROP_TOP5_R0_L2_HIGH,R1_MINUS_R2,MOVING_BLOCK_L3,GAP1_COMMON,ADJACENCY_SENSITIVITY,ADJACENCY_MATCHED_REFERENCE,NO_CLEAR_DIFFERENCE,NO_CLEAR_DIFFERENCE,False
ADJACENCY_BLOCK3,MC_S2_DROP_TOP5_R1_L0_STAGE15_MATCHED,R1_MINUS_R0,MOVING_BLOCK_L3,GAP1_COMMON,ADJACENCY_SENSITIVITY,ADJACENCY_MATCHED_REFERENCE,NO_CLEAR_DIFFERENCE,NO_CLEAR_DIFFERENCE,False
ADJACENCY_BLOCK3,MC_S2_DROP_TOP5_R1_L0_STAGE15_MATCHED,R1_MINUS_R2,MOVING_BLOCK_L3,GAP1_COMMON,ADJACENCY_SENSITIVITY,ADJACENCY_MATCHED_REFERENCE,NO_CLEAR_DIFFERENCE,NO_CLEAR_DIFFERENCE,False
ADJACENCY_BLOCK3,MC_S2_DROP_TOP5_R1_L1_EXTENDED,R1_MINUS_R0,MOVING_BLOCK_L3,GAP1_COMMON,ADJACENCY_SENSITIVITY,ADJACENCY_MATCHED_REFERENCE,NO_CLEAR_DIFFERENCE,NO_CLEAR_DIFFERENCE,False
ADJACENCY_BLOCK3,MC_S2_DROP_TOP5_R1_L1_EXTENDED,R1_MINUS_R2,MOVING_BLOCK_L3,GAP1_COMMON,ADJACENCY_SENSITIVITY,ADJACENCY_MATCHED_REFERENCE,NO_CLEAR_DIFFERENCE,NO_CLEAR_DIFFERENCE,False
ADJACENCY_BLOCK3,MC_S2_DROP_TOP5_R1_L2_HIGH,R1_MINUS_R0,MOVING_BLOCK_L3,GAP1_COMMON,ADJACENCY_SENSITIVITY,ADJACENCY_MATCHED_REFERENCE,NO_CLEAR_DIFFERENCE,NO_CLEAR_DIFFERENCE,False
ADJACENCY_BLOCK3,MC_S2_DROP_TOP5_R1_L2_HIGH,R1_MINUS_R2,MOVING_BLOCK_L3,GAP1_COMMON,ADJACENCY_SENSITIVITY,ADJACENCY_MATCHED_REFERENCE,NO_CLEAR_DIFFERENCE,NO_CLEAR_DIFFERENCE,False
ADJACENCY_BLOCK3,MC_S2_DROP_TOP5_R2_L0_STAGE15_MATCHED,R1_MINUS_R0,MOVING_BLOCK_L3,GAP1_COMMON,ADJACENCY_SENSITIVITY,ADJACENCY_MATCHED_REFERENCE,NO_CLEAR_DIFFERENCE,NO_CLEAR_DIFFERENCE,False
ADJACENCY_BLOCK3,MC_S2_DROP_TOP5_R2_L0_STAGE15_MATCHED,R1_MINUS_R2,MOVING_BLOCK_L3,GAP1_COMMON,ADJACENCY_SENSITIVITY,ADJACENCY_MATCHED_REFERENCE,NO_CLEAR_DIFFERENCE,NO_CLEAR_DIFFERENCE,False
ADJACENCY_BLOCK3,MC_S2_DROP_TOP5_R2_L1_EXTENDED,R1_MINUS_R0,MOVING_BLOCK_L3,GAP1_COMMON,ADJACENCY_SENSITIVITY,ADJACENCY_MATCHED_REFERENCE,NO_CLEAR_DIFFERENCE,NO_CLEAR_DIFFERENCE,False
ADJACENCY_BLOCK3,MC_S2_DROP_TOP5_R2_L1_EXTENDED,R1_MINUS_R2,MOVING_BLOCK_L3,GAP1_COMMON,ADJACENCY_SENSITIVITY,ADJACENCY_MATCHED_REFERENCE,R1_LOWER_ERROR,NO_CLEAR_DIFFERENCE,True
ADJACENCY_BLOCK3,MC_S2_DROP_TOP5_R2_L2_HIGH,R1_MINUS_R0,MOVING_BLOCK_L3,GAP1_COMMON,ADJACENCY_SENSITIVITY,ADJACENCY_MATCHED_REFERENCE,NO_CLEAR_DIFFERENCE,NO_CLEAR_DIFFERENCE,False
ADJACENCY_BLOCK3,MC_S2_DROP_TOP5_R2_L2_HIGH,R1_MINUS_R2,MOVING_BLOCK_L3,GAP1_COMMON,ADJACENCY_SENSITIVITY,ADJACENCY_MATCHED_REFERENCE,NO_CLEAR_DIFFERENCE,NO_CLEAR_DIFFERENCE,False
ADJACENCY_BLOCK3,MC_S2_DROP_TOP5_R3_L0_STAGE15_MATCHED,R1_MINUS_R0,MOVING_BLOCK_L3,GAP1_COMMON,ADJACENCY_SENSITIVITY,ADJACENCY_MATCHED_REFERENCE,NO_CLEAR_DIFFERENCE,NO_CLEAR_DIFFERENCE,False
ADJACENCY_BLOCK3,MC_S2_DROP_TOP5_R3_L0_STAGE15_MATCHED,R1_MINUS_R2,MOVING_BLOCK_L3,GAP1_COMMON,ADJACENCY_SENSITIVITY,ADJACENCY_MATCHED_REFERENCE,NO_CLEAR_DIFFERENCE,NO_CLEAR_DIFFERENCE,False
ADJACENCY_BLOCK3,MC_S2_DROP_TOP5_R3_L1_EXTENDED,R1_MINUS_R0,MOVING_BLOCK_L3,GAP1_COMMON,ADJACENCY_SENSITIVITY,ADJACENCY_MATCHED_REFERENCE,NO_CLEAR_DIFFERENCE,NO_CLEAR_DIFFERENCE,False
ADJACENCY_BLOCK3,MC_S2_DROP_TOP5_R3_L1_EXTENDED,R1_MINUS_R2,MOVING_BLOCK_L3,GAP1_COMMON,ADJACENCY_SENSITIVITY,ADJACENCY_MATCHED_REFERENCE,NO_CLEAR_DIFFERENCE,NO_CLEAR_DIFFERENCE,False
ADJACENCY_BLOCK3,MC_S2_DROP_TOP5_R3_L2_HIGH,R1_MINUS_R0,MOVING_BLOCK_L3,GAP1_COMMON,ADJACENCY_SENSITIVITY,ADJACENCY_MATCHED_REFERENCE,NO_CLEAR_DIFFERENCE,NO_CLEAR_DIFFERENCE,False
ADJACENCY_BLOCK3,MC_S2_DROP_TOP5_R3_L2_HIGH,R1_MINUS_R2,MOVING_BLOCK_L3,GAP1_COMMON,ADJACENCY_SENSITIVITY,ADJACENCY_MATCHED_REFERENCE,NO_CLEAR_DIFFERENCE,NO_CLEAR_DIFFERENCE,False
ADJACENCY_BLOCK3,MC_S2_DROP_TOP5_R4_L0_STAGE15_MATCHED,R1_MINUS_R0,MOVING_BLOCK_L3,GAP1_COMMON,ADJACENCY_SENSITIVITY,ADJACENCY_MATCHED_REFERENCE,NO_CLEAR_DIFFERENCE,NO_CLEAR_DIFFERENCE,False
ADJACENCY_BLOCK3,MC_S2_DROP_TOP5_R4_L0_STAGE15_MATCHED,R1_MINUS_R2,MOVING_BLOCK_L3,GAP1_COMMON,ADJACENCY_SENSITIVITY,ADJACENCY_MATCHED_REFERENCE,NO_CLEAR_DIFFERENCE,NO_CLEAR_DIFFERENCE,False
ADJACENCY_BLOCK3,MC_S2_DROP_TOP5_R4_L1_EXTENDED,R1_MINUS_R0,MOVING_BLOCK_L3,GAP1_COMMON,ADJACENCY_SENSITIVITY,ADJACENCY_MATCHED_REFERENCE,NO_CLEAR_DIFFERENCE,NO_CLEAR_DIFFERENCE,False
ADJACENCY_BLOCK3,MC_S2_DROP_TOP5_R4_L1_EXTENDED,R1_MINUS_R2,MOVING_BLOCK_L3,GAP1_COMMON,ADJACENCY_SENSITIVITY,ADJACENCY_MATCHED_REFERENCE,NO_CLEAR_DIFFERENCE,NO_CLEAR_DIFFERENCE,False
ADJACENCY_BLOCK3,MC_S2_DROP_TOP5_R4_L2_HIGH,R1_MINUS_R0,MOVING_BLOCK_L3,GAP1_COMMON,ADJACENCY_SENSITIVITY,ADJACENCY_MATCHED_REFERENCE,NO_CLEAR_DIFFERENCE,NO_CLEAR_DIFFERENCE,False
ADJACENCY_BLOCK3,MC_S2_DROP_TOP5_R4_L2_HIGH,R1_MINUS_R2,MOVING_BLOCK_L3,GAP1_COMMON,ADJACENCY_SENSITIVITY,ADJACENCY_MATCHED_REFERENCE,NO_CLEAR_DIFFERENCE,NO_CLEAR_DIFFERENCE,False
