aggregation_scope,scheme,model_comparison,scenario,level,n,n_R1_LOWER_ERROR,n_R1_HIGHER_ERROR,n_NO_CLEAR_DIFFERENCE
PRIMARY_ALL_49,IID,R1_MINUS_R0,ALL,ALL,49,8,0,41
PRIMARY_ALL_49,IID,R1_MINUS_R2,ALL,ALL,49,18,0,31
PRIMARY_ALL_49,MOVING_BLOCK_L2,R1_MINUS_R0,ALL,ALL,49,16,0,33
PRIMARY_ALL_49,MOVING_BLOCK_L2,R1_MINUS_R2,ALL,ALL,49,15,0,34
PRIMARY_ALL_49,MOVING_BLOCK_L3,R1_MINUS_R0,ALL,ALL,49,16,0,33
PRIMARY_ALL_49,MOVING_BLOCK_L3,R1_MINUS_R2,ALL,ALL,49,15,0,34
PRIMARY_ALL_49,MOVING_BLOCK_L4,R1_MINUS_R0,ALL,ALL,49,16,0,33
PRIMARY_ALL_49,MOVING_BLOCK_L4,R1_MINUS_R2,ALL,ALL,49,18,0,31
PRIMARY_L2_B0_BLOCK3,MOVING_BLOCK_L3,R1_MINUS_R0,S0_FULL,L2_HIGH,5,0,0,5
PRIMARY_L2_B0_BLOCK3,MOVING_BLOCK_L3,R1_MINUS_R2,S0_FULL,L2_HIGH,5,0,0,5
PRIMARY_L2_B0_BLOCK3,MOVING_BLOCK_L3,R1_MINUS_R0,S1_DROP_TOP1,L2_HIGH,5,5,0,0
PRIMARY_L2_B0_BLOCK3,MOVING_BLOCK_L3,R1_MINUS_R2,S1_DROP_TOP1,L2_HIGH,5,4,0,1
PRIMARY_L2_B0_BLOCK3,MOVING_BLOCK_L3,R1_MINUS_R0,S2_DROP_TOP5,L2_HIGH,5,0,0,5
PRIMARY_L2_B0_BLOCK3,MOVING_BLOCK_L3,R1_MINUS_R2,S2_DROP_TOP5,L2_HIGH,5,0,0,5
