aggregation_scope,comparison,model,n,n_decrease,n_equal,n_increase,n_percent_defined,percent_change_mean,percent_change_min,percent_change_max,provenance,dataset_family,scenario,level
OVERALL,ADJACENCY_GAP1_MINUS_H0,R0,49,0,0,49,49,4.502300931202947,1.691138223259547,6.377107940843407,,,,
OVERALL,ADJACENCY_GAP1_MINUS_H0,R1,49,0,0,49,49,11.24033126465056,6.952892432761337,14.540677160896909,,,,
OVERALL,ADJACENCY_GAP1_MINUS_H0,R2,49,0,0,49,49,12.276522435188646,3.220116964774311,21.4866462015674,,,,
OVERALL,PREPROCESSING_FOLDLOCAL_MINUS_LEGACY,R0,49,0,49,0,49,-4.531522549490435e-16,-2.220446049250313e-14,2.220446049250313e-14,,,,
OVERALL,PREPROCESSING_FOLDLOCAL_MINUS_LEGACY,R1,49,0,49,0,49,1.812609019796174e-15,-3.3306690738754696e-14,2.220446049250313e-14,,,,
OVERALL,PREPROCESSING_FOLDLOCAL_MINUS_LEGACY,R2,49,18,20,11,49,-1.0852543264032946,-8.568891406609701,2.7280944028024834,,,,
PROVENANCE,ADJACENCY_GAP1_MINUS_H0,R0,4,0,0,4,4,3.91640139381918,2.053077617527954,5.768007122296193,BASELINE,,,
PROVENANCE,ADJACENCY_GAP1_MINUS_H0,R0,45,0,0,45,45,4.554380890081504,1.691138223259547,6.377107940843407,NEW_MC,,,
PROVENANCE,ADJACENCY_GAP1_MINUS_H0,R1,4,0,0,4,4,9.927156485099925,7.810191241745801,12.106086690711091,BASELINE,,,
PROVENANCE,ADJACENCY_GAP1_MINUS_H0,R1,45,0,0,45,45,11.357057911721729,6.952892432761337,14.540677160896909,NEW_MC,,,
PROVENANCE,ADJACENCY_GAP1_MINUS_H0,R2,4,0,0,4,4,11.103111526442316,5.124640100629785,17.90936055244552,BASELINE,,,
PROVENANCE,ADJACENCY_GAP1_MINUS_H0,R2,45,0,0,45,45,12.38082562707721,3.220116964774311,21.4866462015674,NEW_MC,,,
PROVENANCE,PREPROCESSING_FOLDLOCAL_MINUS_LEGACY,R0,4,0,4,0,4,0.0,0.0,0.0,BASELINE,,,
PROVENANCE,PREPROCESSING_FOLDLOCAL_MINUS_LEGACY,R0,45,0,45,0,45,-4.934324553889585e-16,-2.220446049250313e-14,2.220446049250313e-14,NEW_MC,,,
PROVENANCE,PREPROCESSING_FOLDLOCAL_MINUS_LEGACY,R1,4,0,4,0,4,5.551115123125783e-15,0.0,2.220446049250313e-14,BASELINE,,,
PROVENANCE,PREPROCESSING_FOLDLOCAL_MINUS_LEGACY,R1,45,0,45,0,45,1.4802973661668757e-15,-3.3306690738754696e-14,2.220446049250313e-14,NEW_MC,,,
PROVENANCE,PREPROCESSING_FOLDLOCAL_MINUS_LEGACY,R2,4,2,2,0,4,-2.1515413694808663,-8.275087128730496,0.0,BASELINE,,,
PROVENANCE,PREPROCESSING_FOLDLOCAL_MINUS_LEGACY,R2,45,16,18,11,45,-0.99047325590751,-8.568891406609701,2.7280944028024834,NEW_MC,,,
SCENARIO_LEVEL,ADJACENCY_GAP1_MINUS_H0,R0,2,0,0,2,2,3.9222604177262874,3.829162120546492,4.015358714906081,,BASELINE,S0_FULL,BASELINE_STORED
SCENARIO_LEVEL,ADJACENCY_GAP1_MINUS_H0,R0,1,0,0,1,1,5.768007122296193,5.768007122296193,5.768007122296193,,BASELINE,S1_DROP_TOP1,BASELINE_STORED
SCENARIO_LEVEL,ADJACENCY_GAP1_MINUS_H0,R0,1,0,0,1,1,2.053077617527954,2.053077617527954,2.053077617527954,,BASELINE,S2_DROP_TOP5,BASELINE_STORED
SCENARIO_LEVEL,ADJACENCY_GAP1_MINUS_H0,R0,5,0,0,5,5,4.5386734411706575,4.293618150478817,5.034991192993044,,NEW_MC,S0_FULL,L0_STAGE15_MATCHED
SCENARIO_LEVEL,ADJACENCY_GAP1_MINUS_H0,R0,5,0,0,5,5,3.688057252321495,3.631827793453568,3.816360718228129,,NEW_MC,S0_FULL,L1_EXTENDED
SCENARIO_LEVEL,ADJACENCY_GAP1_MINUS_H0,R0,5,0,0,5,5,5.0856020256972645,5.05417112040667,5.127807532563455,,NEW_MC,S0_FULL,L2_HIGH
SCENARIO_LEVEL,ADJACENCY_GAP1_MINUS_H0,R0,5,0,0,5,5,6.200667642812427,6.052867109878912,6.377107940843407,,NEW_MC,S1_DROP_TOP1,L0_STAGE15_MATCHED
SCENARIO_LEVEL,ADJACENCY_GAP1_MINUS_H0,R0,5,0,0,5,5,5.678303505524957,5.567640382762606,5.797630933293019,,NEW_MC,S1_DROP_TOP1,L1_EXTENDED
SCENARIO_LEVEL,ADJACENCY_GAP1_MINUS_H0,R0,5,0,0,5,5,6.133383698357275,6.10355355209371,6.199157049980486,,NEW_MC,S1_DROP_TOP1,L2_HIGH
SCENARIO_LEVEL,ADJACENCY_GAP1_MINUS_H0,R0,5,0,0,5,5,3.3973255969985106,3.1976401724264525,3.655240776854596,,NEW_MC,S2_DROP_TOP5,L0_STAGE15_MATCHED
SCENARIO_LEVEL,ADJACENCY_GAP1_MINUS_H0,R0,5,0,0,5,5,1.9837496960187688,1.691138223259547,2.270328993643078,,NEW_MC,S2_DROP_TOP5,L1_EXTENDED
SCENARIO_LEVEL,ADJACENCY_GAP1_MINUS_H0,R0,5,0,0,5,5,4.283665151832179,4.221478191953465,4.416734890678242,,NEW_MC,S2_DROP_TOP5,L2_HIGH
SCENARIO_LEVEL,ADJACENCY_GAP1_MINUS_H0,R1,2,0,0,2,2,7.873549454148598,7.810191241745801,7.936907666551396,,BASELINE,S0_FULL,BASELINE_STORED
SCENARIO_LEVEL,ADJACENCY_GAP1_MINUS_H0,R1,1,0,0,1,1,12.106086690711091,12.106086690711091,12.106086690711091,,BASELINE,S1_DROP_TOP1,BASELINE_STORED
SCENARIO_LEVEL,ADJACENCY_GAP1_MINUS_H0,R1,1,0,0,1,1,11.855440341391413,11.855440341391413,11.855440341391413,,BASELINE,S2_DROP_TOP5,BASELINE_STORED
SCENARIO_LEVEL,ADJACENCY_GAP1_MINUS_H0,R1,5,0,0,5,5,10.15050880234138,9.275345494958495,12.525395953513671,,NEW_MC,S0_FULL,L0_STAGE15_MATCHED
SCENARIO_LEVEL,ADJACENCY_GAP1_MINUS_H0,R1,5,0,0,5,5,7.24767699305819,6.952892432761337,7.626078794964264,,NEW_MC,S0_FULL,L1_EXTENDED
SCENARIO_LEVEL,ADJACENCY_GAP1_MINUS_H0,R1,5,0,0,5,5,11.721432782955716,11.572397149284308,11.853344672209952,,NEW_MC,S0_FULL,L2_HIGH
SCENARIO_LEVEL,ADJACENCY_GAP1_MINUS_H0,R1,5,0,0,5,5,13.29150475087154,12.361219905562828,14.540677160896909,,NEW_MC,S1_DROP_TOP1,L0_STAGE15_MATCHED
SCENARIO_LEVEL,ADJACENCY_GAP1_MINUS_H0,R1,5,0,0,5,5,11.639410904881968,11.06085717909584,12.121606302787802,,NEW_MC,S1_DROP_TOP1,L1_EXTENDED
SCENARIO_LEVEL,ADJACENCY_GAP1_MINUS_H0,R1,5,0,0,5,5,12.16429102806921,11.926722064814598,12.343610103189029,,NEW_MC,S1_DROP_TOP1,L2_HIGH
SCENARIO_LEVEL,ADJACENCY_GAP1_MINUS_H0,R1,5,0,0,5,5,11.053450176952126,10.542406987899522,11.773290614444054,,NEW_MC,S2_DROP_TOP5,L0_STAGE15_MATCHED
SCENARIO_LEVEL,ADJACENCY_GAP1_MINUS_H0,R1,5,0,0,5,5,11.455057948331042,9.615746995031582,12.914606134648963,,NEW_MC,S2_DROP_TOP5,L1_EXTENDED
SCENARIO_LEVEL,ADJACENCY_GAP1_MINUS_H0,R1,5,0,0,5,5,13.490187818034366,13.01242168511174,14.36131046400102,,NEW_MC,S2_DROP_TOP5,L2_HIGH
SCENARIO_LEVEL,ADJACENCY_GAP1_MINUS_H0,R2,2,0,0,2,2,6.660119293225764,5.124640100629785,8.195598485821742,,BASELINE,S0_FULL,BASELINE_STORED
SCENARIO_LEVEL,ADJACENCY_GAP1_MINUS_H0,R2,1,0,0,1,1,13.18284696687222,13.18284696687222,13.18284696687222,,BASELINE,S1_DROP_TOP1,BASELINE_STORED
SCENARIO_LEVEL,ADJACENCY_GAP1_MINUS_H0,R2,1,0,0,1,1,17.90936055244552,17.90936055244552,17.90936055244552,,BASELINE,S2_DROP_TOP5,BASELINE_STORED
SCENARIO_LEVEL,ADJACENCY_GAP1_MINUS_H0,R2,5,0,0,5,5,11.248703691929318,9.71712501081774,15.64448965099916,,NEW_MC,S0_FULL,L0_STAGE15_MATCHED
SCENARIO_LEVEL,ADJACENCY_GAP1_MINUS_H0,R2,5,0,0,5,5,3.930915983253143,3.220116964774311,4.568872117926448,,NEW_MC,S0_FULL,L1_EXTENDED
SCENARIO_LEVEL,ADJACENCY_GAP1_MINUS_H0,R2,5,0,0,5,5,13.759103370945422,13.41887272878004,14.15689103022495,,NEW_MC,S0_FULL,L2_HIGH
SCENARIO_LEVEL,ADJACENCY_GAP1_MINUS_H0,R2,5,0,0,5,5,13.549126137367912,10.806152198252118,16.966267957253798,,NEW_MC,S1_DROP_TOP1,L0_STAGE15_MATCHED
SCENARIO_LEVEL,ADJACENCY_GAP1_MINUS_H0,R2,5,0,0,5,5,12.284587069270977,11.026023359684745,15.194440794154328,,NEW_MC,S1_DROP_TOP1,L1_EXTENDED
SCENARIO_LEVEL,ADJACENCY_GAP1_MINUS_H0,R2,5,0,0,5,5,8.808594302074201,7.816288647142433,9.498918637688655,,NEW_MC,S1_DROP_TOP1,L2_HIGH
SCENARIO_LEVEL,ADJACENCY_GAP1_MINUS_H0,R2,5,0,0,5,5,14.547713926802595,14.287115180316937,14.843994496969804,,NEW_MC,S2_DROP_TOP5,L0_STAGE15_MATCHED
SCENARIO_LEVEL,ADJACENCY_GAP1_MINUS_H0,R2,5,0,0,5,5,19.35980501480874,16.91466306784759,21.4866462015674,,NEW_MC,S2_DROP_TOP5,L1_EXTENDED
SCENARIO_LEVEL,ADJACENCY_GAP1_MINUS_H0,R2,5,0,0,5,5,13.938881147242558,13.76996109011015,14.12286599225041,,NEW_MC,S2_DROP_TOP5,L2_HIGH
SCENARIO_LEVEL,PREPROCESSING_FOLDLOCAL_MINUS_LEGACY,R0,2,0,2,0,2,0.0,0.0,0.0,,BASELINE,S0_FULL,BASELINE_STORED
SCENARIO_LEVEL,PREPROCESSING_FOLDLOCAL_MINUS_LEGACY,R0,1,0,1,0,1,0.0,0.0,0.0,,BASELINE,S1_DROP_TOP1,BASELINE_STORED
SCENARIO_LEVEL,PREPROCESSING_FOLDLOCAL_MINUS_LEGACY,R0,1,0,1,0,1,0.0,0.0,0.0,,BASELINE,S2_DROP_TOP5,BASELINE_STORED
SCENARIO_LEVEL,PREPROCESSING_FOLDLOCAL_MINUS_LEGACY,R0,5,0,5,0,5,-6.661338147750939e-15,-2.220446049250313e-14,0.0,,NEW_MC,S0_FULL,L0_STAGE15_MATCHED
SCENARIO_LEVEL,PREPROCESSING_FOLDLOCAL_MINUS_LEGACY,R0,5,0,5,0,5,4.440892098500626e-15,0.0,2.220446049250313e-14,,NEW_MC,S0_FULL,L1_EXTENDED
SCENARIO_LEVEL,PREPROCESSING_FOLDLOCAL_MINUS_LEGACY,R0,5,0,5,0,5,0.0,0.0,0.0,,NEW_MC,S0_FULL,L2_HIGH
SCENARIO_LEVEL,PREPROCESSING_FOLDLOCAL_MINUS_LEGACY,R0,5,0,5,0,5,-2.220446049250313e-15,-1.1102230246251564e-14,0.0,,NEW_MC,S1_DROP_TOP1,L0_STAGE15_MATCHED
SCENARIO_LEVEL,PREPROCESSING_FOLDLOCAL_MINUS_LEGACY,R0,5,0,5,0,5,0.0,0.0,0.0,,NEW_MC,S1_DROP_TOP1,L1_EXTENDED
SCENARIO_LEVEL,PREPROCESSING_FOLDLOCAL_MINUS_LEGACY,R0,5,0,5,0,5,4.440892098500626e-15,0.0,2.220446049250313e-14,,NEW_MC,S1_DROP_TOP1,L2_HIGH
SCENARIO_LEVEL,PREPROCESSING_FOLDLOCAL_MINUS_LEGACY,R0,5,0,5,0,5,2.220446049250313e-15,-1.1102230246251564e-14,2.220446049250313e-14,,NEW_MC,S2_DROP_TOP5,L0_STAGE15_MATCHED
SCENARIO_LEVEL,PREPROCESSING_FOLDLOCAL_MINUS_LEGACY,R0,5,0,5,0,5,-2.220446049250313e-15,-1.1102230246251564e-14,0.0,,NEW_MC,S2_DROP_TOP5,L1_EXTENDED
SCENARIO_LEVEL,PREPROCESSING_FOLDLOCAL_MINUS_LEGACY,R0,5,0,5,0,5,-4.440892098500626e-15,-2.220446049250313e-14,0.0,,NEW_MC,S2_DROP_TOP5,L2_HIGH
SCENARIO_LEVEL,PREPROCESSING_FOLDLOCAL_MINUS_LEGACY,R1,2,0,2,0,2,1.1102230246251564e-14,0.0,2.220446049250313e-14,,BASELINE,S0_FULL,BASELINE_STORED
SCENARIO_LEVEL,PREPROCESSING_FOLDLOCAL_MINUS_LEGACY,R1,1,0,1,0,1,0.0,0.0,0.0,,BASELINE,S1_DROP_TOP1,BASELINE_STORED
SCENARIO_LEVEL,PREPROCESSING_FOLDLOCAL_MINUS_LEGACY,R1,1,0,1,0,1,0.0,0.0,0.0,,BASELINE,S2_DROP_TOP5,BASELINE_STORED
SCENARIO_LEVEL,PREPROCESSING_FOLDLOCAL_MINUS_LEGACY,R1,5,0,5,0,5,4.440892098500626e-15,0.0,2.220446049250313e-14,,NEW_MC,S0_FULL,L0_STAGE15_MATCHED
SCENARIO_LEVEL,PREPROCESSING_FOLDLOCAL_MINUS_LEGACY,R1,5,0,5,0,5,4.440892098500626e-15,0.0,2.220446049250313e-14,,NEW_MC,S0_FULL,L1_EXTENDED
SCENARIO_LEVEL,PREPROCESSING_FOLDLOCAL_MINUS_LEGACY,R1,5,0,5,0,5,-4.440892098500626e-15,-2.220446049250313e-14,0.0,,NEW_MC,S0_FULL,L2_HIGH
SCENARIO_LEVEL,PREPROCESSING_FOLDLOCAL_MINUS_LEGACY,R1,5,0,5,0,5,4.440892098500626e-15,0.0,2.220446049250313e-14,,NEW_MC,S1_DROP_TOP1,L0_STAGE15_MATCHED
SCENARIO_LEVEL,PREPROCESSING_FOLDLOCAL_MINUS_LEGACY,R1,5,0,5,0,5,-6.661338147750939e-15,-3.3306690738754696e-14,2.220446049250313e-14,,NEW_MC,S1_DROP_TOP1,L1_EXTENDED
SCENARIO_LEVEL,PREPROCESSING_FOLDLOCAL_MINUS_LEGACY,R1,5,0,5,0,5,-2.220446049250313e-15,-1.1102230246251564e-14,0.0,,NEW_MC,S1_DROP_TOP1,L2_HIGH
SCENARIO_LEVEL,PREPROCESSING_FOLDLOCAL_MINUS_LEGACY,R1,5,0,5,0,5,4.440892098500626e-15,0.0,2.220446049250313e-14,,NEW_MC,S2_DROP_TOP5,L0_STAGE15_MATCHED
SCENARIO_LEVEL,PREPROCESSING_FOLDLOCAL_MINUS_LEGACY,R1,5,0,5,0,5,4.440892098500626e-15,0.0,2.220446049250313e-14,,NEW_MC,S2_DROP_TOP5,L1_EXTENDED
SCENARIO_LEVEL,PREPROCESSING_FOLDLOCAL_MINUS_LEGACY,R1,5,0,5,0,5,4.440892098500626e-15,0.0,2.220446049250313e-14,,NEW_MC,S2_DROP_TOP5,L2_HIGH
SCENARIO_LEVEL,PREPROCESSING_FOLDLOCAL_MINUS_LEGACY,R2,2,0,2,0,2,0.0,0.0,0.0,,BASELINE,S0_FULL,BASELINE_STORED
SCENARIO_LEVEL,PREPROCESSING_FOLDLOCAL_MINUS_LEGACY,R2,1,1,0,0,1,-8.275087128730496,-8.275087128730496,-8.275087128730496,,BASELINE,S1_DROP_TOP1,BASELINE_STORED
SCENARIO_LEVEL,PREPROCESSING_FOLDLOCAL_MINUS_LEGACY,R2,1,1,0,0,1,-0.3310783491929703,-0.3310783491929703,-0.3310783491929703,,BASELINE,S2_DROP_TOP5,BASELINE_STORED
SCENARIO_LEVEL,PREPROCESSING_FOLDLOCAL_MINUS_LEGACY,R2,5,0,5,0,5,4.440892098500626e-15,0.0,2.220446049250313e-14,,NEW_MC,S0_FULL,L0_STAGE15_MATCHED
SCENARIO_LEVEL,PREPROCESSING_FOLDLOCAL_MINUS_LEGACY,R2,5,0,1,4,5,0.6215100658928074,0.0,1.4144351431635285,,NEW_MC,S0_FULL,L1_EXTENDED
SCENARIO_LEVEL,PREPROCESSING_FOLDLOCAL_MINUS_LEGACY,R2,5,0,5,0,5,4.440892098500626e-15,0.0,2.220446049250313e-14,,NEW_MC,S0_FULL,L2_HIGH
SCENARIO_LEVEL,PREPROCESSING_FOLDLOCAL_MINUS_LEGACY,R2,5,5,0,0,5,-4.1204594215827335,-6.871832496481478,-1.6116542684744497,,NEW_MC,S1_DROP_TOP1,L0_STAGE15_MATCHED
SCENARIO_LEVEL,PREPROCESSING_FOLDLOCAL_MINUS_LEGACY,R2,5,5,0,0,5,-6.884228166280804,-8.568891406609701,-3.89586439539652,,NEW_MC,S1_DROP_TOP1,L1_EXTENDED
SCENARIO_LEVEL,PREPROCESSING_FOLDLOCAL_MINUS_LEGACY,R2,5,1,0,4,5,1.4744967967418263,-0.1082346663318079,2.7280944028024834,,NEW_MC,S1_DROP_TOP1,L2_HIGH
SCENARIO_LEVEL,PREPROCESSING_FOLDLOCAL_MINUS_LEGACY,R2,5,2,2,1,5,-0.048770622765033,-0.2081328085879796,0.0121980598718929,,NEW_MC,S2_DROP_TOP5,L0_STAGE15_MATCHED
SCENARIO_LEVEL,PREPROCESSING_FOLDLOCAL_MINUS_LEGACY,R2,5,3,0,2,5,0.0431920448263412,-1.4954843021122155,2.0396673357022,,NEW_MC,S2_DROP_TOP5,L1_EXTENDED
SCENARIO_LEVEL,PREPROCESSING_FOLDLOCAL_MINUS_LEGACY,R2,5,0,5,0,5,-6.661338147750939e-15,-2.220446049250313e-14,0.0,,NEW_MC,S2_DROP_TOP5,L2_HIGH
