scenario,level,scope,density_multiplier,n_replicates,candidate_set_frequencies,T12_mean,T12_sd_ddof1,T12_min,T12_max,R2_boundary_frequencies
S0_FULL,L0_STAGE15_MATCHED,B0_REFERENCE,1.0,5,"{""{R1}"": 3, ""{R2}"": 2}",-1.0190219208205378,6.1656345717361445,-8.1726364572107,6.377387988765776,"{""[5]"": 5}"
S0_FULL,L0_STAGE15_MATCHED,B2_COMMON_NODE_EQUAL_DENSITY,0.5,5,"{""{R2}"": 5}",38.97190754703058,4.522166898839546,33.54513378584812,44.37555998104199,"{""[5]"": 5}"
S0_FULL,L0_STAGE15_MATCHED,B2_COMMON_NODE_EQUAL_DENSITY,0.75,5,"{""{R2}"": 5}",41.98893028680643,4.606055190555076,35.117359946164186,46.107360260073904,"{""[5]"": 5}"
S0_FULL,L0_STAGE15_MATCHED,B2_COMMON_NODE_EQUAL_DENSITY,1.0,5,"{""{R2}"": 5}",37.83315471812774,4.419136901570368,33.9501726977864,44.1980904082823,"{""[5]"": 5}"
S0_FULL,L1_EXTENDED,B0_REFERENCE,1.0,5,"{""{R2}"": 5}",9.532994867514384,0.943043365237433,8.300690508384633,10.63337535271586,"{""[5]"": 5}"
S0_FULL,L1_EXTENDED,B2_COMMON_NODE_EQUAL_DENSITY,0.5,5,"{""{R2}"": 5}",22.859815707625437,3.803076718310513,19.59675976564989,28.45462854729277,"{""[5]"": 5}"
S0_FULL,L1_EXTENDED,B2_COMMON_NODE_EQUAL_DENSITY,0.75,5,"{""{R2}"": 5}",26.21065910103288,4.625366155439837,20.3556278808822,32.34820925096841,"{""[5]"": 5}"
S0_FULL,L1_EXTENDED,B2_COMMON_NODE_EQUAL_DENSITY,1.0,5,"{""{R2}"": 5}",26.225351373285072,3.4759213488972764,21.693246308956248,29.620422811360413,"{""[5]"": 5}"
S0_FULL,L2_HIGH,B0_REFERENCE,1.0,5,"{""{R2}"": 5}",14.03257912714648,0.7832896732253164,12.925970576281015,14.71073130765292,"{""[5]"": 5}"
S0_FULL,L2_HIGH,B2_COMMON_NODE_EQUAL_DENSITY,0.5,5,"{""{R2}"": 5}",34.79189646203158,6.621011190366549,26.614957864981022,40.61133689424861,"{""[5]"": 5}"
S0_FULL,L2_HIGH,B2_COMMON_NODE_EQUAL_DENSITY,0.75,5,"{""{R2}"": 5}",21.269599490149236,1.6068562152463328,19.99815437650983,23.93076669500812,"{""[5]"": 5}"
S0_FULL,L2_HIGH,B2_COMMON_NODE_EQUAL_DENSITY,1.0,5,"{""{R0,R2}"": 1, ""{R2}"": 4}",17.811564224474843,2.997406653078514,14.531867056412525,22.540770402757342,"{""[5]"": 5}"
S1_DROP_TOP1,L0_STAGE15_MATCHED,B0_REFERENCE,1.0,5,"{""{R1}"": 5}",-21.54235253090824,1.1777519906043117,-23.026772311612177,-19.97965111591344,"{""[12]"": 3, ""[5]"": 2}"
S1_DROP_TOP1,L0_STAGE15_MATCHED,B2_COMMON_NODE_EQUAL_DENSITY,0.5,5,"{""{R2}"": 5}",16.586514534523133,2.22376521159464,14.599993262602196,20.094455996282534,"{""[5]"": 5}"
S1_DROP_TOP1,L0_STAGE15_MATCHED,B2_COMMON_NODE_EQUAL_DENSITY,0.75,5,"{""{R2}"": 5}",29.87047434271911,2.477972495794454,26.82530360539039,33.723568261803166,"{""[5]"": 5}"
S1_DROP_TOP1,L0_STAGE15_MATCHED,B2_COMMON_NODE_EQUAL_DENSITY,1.0,5,"{""{R2}"": 5}",26.12005975078961,5.244993699096187,18.98443930649779,31.75720046405669,"{""[5]"": 5}"
S1_DROP_TOP1,L1_EXTENDED,B0_REFERENCE,1.0,5,"{""{R1}"": 5}",-18.749822345296508,0.8368734725219625,-19.9035064831852,-17.682180013895902,"{""[14]"": 2, ""[5]"": 1, ""[6]"": 2}"
S1_DROP_TOP1,L1_EXTENDED,B2_COMMON_NODE_EQUAL_DENSITY,0.5,5,"{""{R0,R2}"": 1, ""{R0}"": 4}",11.062652959840069,2.265163943720644,8.394924082673981,14.301536200991508,"{""[5]"": 5}"
S1_DROP_TOP1,L1_EXTENDED,B2_COMMON_NODE_EQUAL_DENSITY,0.75,5,"{""{R0}"": 5}",10.761653746209332,4.340219337108082,6.268075531647185,17.453197195667485,"{""[5]"": 5}"
S1_DROP_TOP1,L1_EXTENDED,B2_COMMON_NODE_EQUAL_DENSITY,1.0,5,"{""{R0}"": 4, ""{R2}"": 1}",9.700204788872773,2.5018010013636376,6.927780298059702,13.512484876582675,"{""[5]"": 5}"
S1_DROP_TOP1,L2_HIGH,B0_REFERENCE,1.0,5,"{""{R1}"": 5}",-13.830748363943131,1.3913370860946033,-14.970077362032242,-11.493677527206016,"{""[14]"": 5}"
S1_DROP_TOP1,L2_HIGH,B2_COMMON_NODE_EQUAL_DENSITY,0.5,5,"{""{R2}"": 5}",16.70884428920824,1.0727677933053164,16.001737290787787,18.53272658303888,"{""[5]"": 5}"
S1_DROP_TOP1,L2_HIGH,B2_COMMON_NODE_EQUAL_DENSITY,0.75,5,"{""{R0}"": 5}",4.733111609297237,1.562978854845402,2.463901100558303,6.524573237792765,"{""[5]"": 5}"
S1_DROP_TOP1,L2_HIGH,B2_COMMON_NODE_EQUAL_DENSITY,1.0,5,"{""{R0}"": 5}",2.9234356236023644,2.943804806107001,-0.7717561827298027,6.674153393868295,"{""[5]"": 5}"
S2_DROP_TOP5,L0_STAGE15_MATCHED,B0_REFERENCE,1.0,5,"{""{R0}"": 5}",9.943903351383153,1.0897016778577964,8.188022868262692,10.999258146276048,"{""[5]"": 5}"
S2_DROP_TOP5,L0_STAGE15_MATCHED,B2_COMMON_NODE_EQUAL_DENSITY,0.5,5,"{""{R0,R2}"": 2, ""{R0}"": 2, ""{R2}"": 1}",21.203907793384417,4.938219283497427,14.704472390774129,28.48497460823188,"{""[5]"": 5}"
S2_DROP_TOP5,L0_STAGE15_MATCHED,B2_COMMON_NODE_EQUAL_DENSITY,0.75,5,"{""{R0,R1,R2}"": 1, ""{R0}"": 2, ""{R2}"": 2}",13.199819956223232,10.160044040935505,-0.232797952175872,25.0286817125795,"{""[5]"": 5}"
S2_DROP_TOP5,L0_STAGE15_MATCHED,B2_COMMON_NODE_EQUAL_DENSITY,1.0,5,"{""{R0}"": 5}",-6.62355497649566,8.318494598026046,-14.987146205788491,7.12281546438777,"{""[5]"": 5}"
S2_DROP_TOP5,L1_EXTENDED,B0_REFERENCE,1.0,5,"{""{R0}"": 5}",-4.738106145773941,0.841892914028276,-5.561145293612242,-3.829774228983524,"{""[15]"": 5}"
S2_DROP_TOP5,L1_EXTENDED,B2_COMMON_NODE_EQUAL_DENSITY,0.5,5,"{""{R0}"": 5}",9.73886215348914,1.49735983643678,7.5823795849796625,11.519787123668776,"{""[5]"": 5}"
S2_DROP_TOP5,L1_EXTENDED,B2_COMMON_NODE_EQUAL_DENSITY,0.75,5,"{""{R0}"": 5}",5.787547255505336,8.777130700468016,-3.94834983595112,15.271618344406022,"{""[5]"": 5}"
S2_DROP_TOP5,L1_EXTENDED,B2_COMMON_NODE_EQUAL_DENSITY,1.0,5,"{""{R0}"": 5}",8.953456145909138,3.7807200620824943,5.082064172790126,13.387508666332453,"{""[5]"": 5}"
S2_DROP_TOP5,L2_HIGH,B0_REFERENCE,1.0,5,"{""{R0,R2}"": 5}",16.05907043067628,0.8541388597759207,15.14188550610828,17.28590498931075,"{""[5]"": 5}"
S2_DROP_TOP5,L2_HIGH,B2_COMMON_NODE_EQUAL_DENSITY,0.5,5,"{""{R0}"": 4, ""{R2}"": 1}",18.560055746868528,1.9479563976396943,16.36947159747666,21.31427466137725,"{""[5]"": 5}"
S2_DROP_TOP5,L2_HIGH,B2_COMMON_NODE_EQUAL_DENSITY,0.75,5,"{""{R0}"": 5}",1.037074134674367,4.640841362513603,-4.974717698808973,5.483265706555926,"{""[5]"": 3, ""[6]"": 2}"
S2_DROP_TOP5,L2_HIGH,B2_COMMON_NODE_EQUAL_DENSITY,1.0,5,"{""{R0}"": 5}",-0.9872425653704852,6.250202044129744,-8.816176429556947,6.111732733495785,"{""[5]"": 5}"
