comparison_pair,comparison_role,scope,density_multiplier,level,n_valid,n_equal,n_different,n_overlap,n_disjoint
S0_FULL--S1_DROP_TOP1,SECONDARY,B0_REFERENCE,1.0,L0_STAGE15_MATCHED,5,3,2,3,2
S0_FULL--S1_DROP_TOP1,SECONDARY,B0_REFERENCE,1.0,L1_EXTENDED,5,0,5,0,5
S0_FULL--S1_DROP_TOP1,SECONDARY,B0_REFERENCE,1.0,L2_HIGH,5,0,5,0,5
S0_FULL--S1_DROP_TOP1,SECONDARY,B0_REFERENCE,1.0,ALL_LEVELS,15,3,12,3,12
S0_FULL--S1_DROP_TOP1,SECONDARY,B2_COMMON_NODE_EQUAL_DENSITY,0.5,L0_STAGE15_MATCHED,5,5,0,5,0
S0_FULL--S1_DROP_TOP1,SECONDARY,B2_COMMON_NODE_EQUAL_DENSITY,0.5,L1_EXTENDED,5,0,5,1,4
S0_FULL--S1_DROP_TOP1,SECONDARY,B2_COMMON_NODE_EQUAL_DENSITY,0.5,L2_HIGH,5,5,0,5,0
S0_FULL--S1_DROP_TOP1,SECONDARY,B2_COMMON_NODE_EQUAL_DENSITY,0.5,ALL_LEVELS,15,10,5,11,4
S0_FULL--S1_DROP_TOP1,SECONDARY,B2_COMMON_NODE_EQUAL_DENSITY,0.75,L0_STAGE15_MATCHED,5,5,0,5,0
S0_FULL--S1_DROP_TOP1,SECONDARY,B2_COMMON_NODE_EQUAL_DENSITY,0.75,L1_EXTENDED,5,0,5,0,5
S0_FULL--S1_DROP_TOP1,SECONDARY,B2_COMMON_NODE_EQUAL_DENSITY,0.75,L2_HIGH,5,0,5,0,5
S0_FULL--S1_DROP_TOP1,SECONDARY,B2_COMMON_NODE_EQUAL_DENSITY,0.75,ALL_LEVELS,15,5,10,5,10
S0_FULL--S1_DROP_TOP1,SECONDARY,B2_COMMON_NODE_EQUAL_DENSITY,1.0,L0_STAGE15_MATCHED,5,5,0,5,0
S0_FULL--S1_DROP_TOP1,SECONDARY,B2_COMMON_NODE_EQUAL_DENSITY,1.0,L1_EXTENDED,5,1,4,1,4
S0_FULL--S1_DROP_TOP1,SECONDARY,B2_COMMON_NODE_EQUAL_DENSITY,1.0,L2_HIGH,5,0,5,1,4
S0_FULL--S1_DROP_TOP1,SECONDARY,B2_COMMON_NODE_EQUAL_DENSITY,1.0,ALL_LEVELS,15,6,9,7,8
S0_FULL--S2_DROP_TOP5,PRIMARY,B0_REFERENCE,1.0,L0_STAGE15_MATCHED,5,0,5,0,5
S0_FULL--S2_DROP_TOP5,PRIMARY,B0_REFERENCE,1.0,L1_EXTENDED,5,0,5,0,5
S0_FULL--S2_DROP_TOP5,PRIMARY,B0_REFERENCE,1.0,L2_HIGH,5,0,5,5,0
S0_FULL--S2_DROP_TOP5,PRIMARY,B0_REFERENCE,1.0,ALL_LEVELS,15,0,15,5,10
S0_FULL--S2_DROP_TOP5,PRIMARY,B2_COMMON_NODE_EQUAL_DENSITY,0.5,L0_STAGE15_MATCHED,5,1,4,3,2
S0_FULL--S2_DROP_TOP5,PRIMARY,B2_COMMON_NODE_EQUAL_DENSITY,0.5,L1_EXTENDED,5,0,5,0,5
S0_FULL--S2_DROP_TOP5,PRIMARY,B2_COMMON_NODE_EQUAL_DENSITY,0.5,L2_HIGH,5,1,4,1,4
S0_FULL--S2_DROP_TOP5,PRIMARY,B2_COMMON_NODE_EQUAL_DENSITY,0.5,ALL_LEVELS,15,2,13,4,11
S0_FULL--S2_DROP_TOP5,PRIMARY,B2_COMMON_NODE_EQUAL_DENSITY,0.75,L0_STAGE15_MATCHED,5,2,3,3,2
S0_FULL--S2_DROP_TOP5,PRIMARY,B2_COMMON_NODE_EQUAL_DENSITY,0.75,L1_EXTENDED,5,0,5,0,5
S0_FULL--S2_DROP_TOP5,PRIMARY,B2_COMMON_NODE_EQUAL_DENSITY,0.75,L2_HIGH,5,0,5,0,5
S0_FULL--S2_DROP_TOP5,PRIMARY,B2_COMMON_NODE_EQUAL_DENSITY,0.75,ALL_LEVELS,15,2,13,3,12
S0_FULL--S2_DROP_TOP5,PRIMARY,B2_COMMON_NODE_EQUAL_DENSITY,1.0,L0_STAGE15_MATCHED,5,0,5,0,5
S0_FULL--S2_DROP_TOP5,PRIMARY,B2_COMMON_NODE_EQUAL_DENSITY,1.0,L1_EXTENDED,5,0,5,0,5
S0_FULL--S2_DROP_TOP5,PRIMARY,B2_COMMON_NODE_EQUAL_DENSITY,1.0,L2_HIGH,5,0,5,1,4
S0_FULL--S2_DROP_TOP5,PRIMARY,B2_COMMON_NODE_EQUAL_DENSITY,1.0,ALL_LEVELS,15,0,15,1,14
S1_DROP_TOP1--S2_DROP_TOP5,SECONDARY,B0_REFERENCE,1.0,L0_STAGE15_MATCHED,5,0,5,0,5
S1_DROP_TOP1--S2_DROP_TOP5,SECONDARY,B0_REFERENCE,1.0,L1_EXTENDED,5,0,5,0,5
S1_DROP_TOP1--S2_DROP_TOP5,SECONDARY,B0_REFERENCE,1.0,L2_HIGH,5,0,5,0,5
S1_DROP_TOP1--S2_DROP_TOP5,SECONDARY,B0_REFERENCE,1.0,ALL_LEVELS,15,0,15,0,15
S1_DROP_TOP1--S2_DROP_TOP5,SECONDARY,B2_COMMON_NODE_EQUAL_DENSITY,0.5,L0_STAGE15_MATCHED,5,1,4,3,2
S1_DROP_TOP1--S2_DROP_TOP5,SECONDARY,B2_COMMON_NODE_EQUAL_DENSITY,0.5,L1_EXTENDED,5,4,1,5,0
S1_DROP_TOP1--S2_DROP_TOP5,SECONDARY,B2_COMMON_NODE_EQUAL_DENSITY,0.5,L2_HIGH,5,1,4,1,4
S1_DROP_TOP1--S2_DROP_TOP5,SECONDARY,B2_COMMON_NODE_EQUAL_DENSITY,0.5,ALL_LEVELS,15,6,9,9,6
S1_DROP_TOP1--S2_DROP_TOP5,SECONDARY,B2_COMMON_NODE_EQUAL_DENSITY,0.75,L0_STAGE15_MATCHED,5,2,3,3,2
S1_DROP_TOP1--S2_DROP_TOP5,SECONDARY,B2_COMMON_NODE_EQUAL_DENSITY,0.75,L1_EXTENDED,5,5,0,5,0
S1_DROP_TOP1--S2_DROP_TOP5,SECONDARY,B2_COMMON_NODE_EQUAL_DENSITY,0.75,L2_HIGH,5,5,0,5,0
S1_DROP_TOP1--S2_DROP_TOP5,SECONDARY,B2_COMMON_NODE_EQUAL_DENSITY,0.75,ALL_LEVELS,15,12,3,13,2
S1_DROP_TOP1--S2_DROP_TOP5,SECONDARY,B2_COMMON_NODE_EQUAL_DENSITY,1.0,L0_STAGE15_MATCHED,5,0,5,0,5
S1_DROP_TOP1--S2_DROP_TOP5,SECONDARY,B2_COMMON_NODE_EQUAL_DENSITY,1.0,L1_EXTENDED,5,4,1,4,1
S1_DROP_TOP1--S2_DROP_TOP5,SECONDARY,B2_COMMON_NODE_EQUAL_DENSITY,1.0,L2_HIGH,5,5,0,5,0
S1_DROP_TOP1--S2_DROP_TOP5,SECONDARY,B2_COMMON_NODE_EQUAL_DENSITY,1.0,ALL_LEVELS,15,9,6,9,6
