scenario,replicate_id,level,scope,density_multiplier,residual_mass_all_years,positive_relation_year_cells,transition_descriptor_frobenius_norm,coverage_min,coverage_median
S0_FULL,0,L0_STAGE15_MATCHED,B0_REFERENCE,1.0,129.03377503906972,131704,8.611273620533547,0.2414601986981301,0.8740870047104459
S0_FULL,0,L0_STAGE15_MATCHED,B2_COMMON_NODE_EQUAL_DENSITY,1.0,129.03377503906972,131704,8.525775934118505,0.2414601986981301,0.8740870047104459
S0_FULL,0,L0_STAGE15_MATCHED,B2_COMMON_NODE_EQUAL_DENSITY,0.75,129.03377503906972,131704,8.56846425599368,0.2414601986981301,0.8740870047104459
S0_FULL,0,L0_STAGE15_MATCHED,B2_COMMON_NODE_EQUAL_DENSITY,0.5,129.03377503906972,131704,8.64833415163569,0.2414601986981301,0.8740870047104459
S0_FULL,0,L1_EXTENDED,B0_REFERENCE,1.0,129.0366747802219,134015,8.610238209963667,0.2414601986981301,0.8740870047104459
S0_FULL,0,L1_EXTENDED,B2_COMMON_NODE_EQUAL_DENSITY,1.0,129.0366747802219,134015,8.565957839554489,0.2414601986981301,0.8740870047104459
S0_FULL,0,L1_EXTENDED,B2_COMMON_NODE_EQUAL_DENSITY,0.75,129.0366747802219,134015,8.664882357655083,0.2414601986981301,0.8740870047104459
S0_FULL,0,L1_EXTENDED,B2_COMMON_NODE_EQUAL_DENSITY,0.5,129.0366747802219,134015,8.65485010528955,0.2414601986981301,0.8740870047104459
S0_FULL,0,L2_HIGH,B0_REFERENCE,1.0,128.99592534155613,128632,8.63158709992677,0.2414601986981301,0.8740870047104459
S0_FULL,0,L2_HIGH,B2_COMMON_NODE_EQUAL_DENSITY,1.0,128.99592534155613,128632,8.588692427937112,0.2414601986981301,0.8740870047104459
S0_FULL,0,L2_HIGH,B2_COMMON_NODE_EQUAL_DENSITY,0.75,128.99592534155613,128632,8.646701227917934,0.2414601986981301,0.8740870047104459
S0_FULL,0,L2_HIGH,B2_COMMON_NODE_EQUAL_DENSITY,0.5,128.99592534155613,128632,8.607070910736024,0.2414601986981301,0.8740870047104459
S0_FULL,1,L0_STAGE15_MATCHED,B0_REFERENCE,1.0,128.63196728326668,131746,8.637153283275147,0.2414601986981301,0.8740870047104459
S0_FULL,1,L0_STAGE15_MATCHED,B2_COMMON_NODE_EQUAL_DENSITY,1.0,128.63196728326668,131746,8.492905795827031,0.2414601986981301,0.8740870047104459
S0_FULL,1,L0_STAGE15_MATCHED,B2_COMMON_NODE_EQUAL_DENSITY,0.75,128.63196728326668,131746,8.584695097092794,0.2414601986981301,0.8740870047104459
S0_FULL,1,L0_STAGE15_MATCHED,B2_COMMON_NODE_EQUAL_DENSITY,0.5,128.63196728326668,131746,8.611588548526662,0.2414601986981301,0.8740870047104459
S0_FULL,1,L1_EXTENDED,B0_REFERENCE,1.0,128.97272650895226,134059,8.620986019304253,0.2414601986981301,0.8740870047104459
S0_FULL,1,L1_EXTENDED,B2_COMMON_NODE_EQUAL_DENSITY,1.0,128.97272650895226,134059,8.550613658821556,0.2414601986981301,0.8740870047104459
S0_FULL,1,L1_EXTENDED,B2_COMMON_NODE_EQUAL_DENSITY,0.75,128.97272650895226,134059,8.634761656721844,0.2414601986981301,0.8740870047104459
S0_FULL,1,L1_EXTENDED,B2_COMMON_NODE_EQUAL_DENSITY,0.5,128.97272650895226,134059,8.646873459942732,0.2414601986981301,0.8740870047104459
S0_FULL,1,L2_HIGH,B0_REFERENCE,1.0,128.98578089362934,128625,8.633642457610858,0.2414601986981301,0.8740870047104459
S0_FULL,1,L2_HIGH,B2_COMMON_NODE_EQUAL_DENSITY,1.0,128.98578089362934,128625,8.561515229422673,0.2414601986981301,0.8740870047104459
S0_FULL,1,L2_HIGH,B2_COMMON_NODE_EQUAL_DENSITY,0.75,128.98578089362934,128625,8.584061323604487,0.2414601986981301,0.8740870047104459
S0_FULL,1,L2_HIGH,B2_COMMON_NODE_EQUAL_DENSITY,0.5,128.98578089362934,128625,8.582099564125205,0.2414601986981301,0.8740870047104459
S0_FULL,2,L0_STAGE15_MATCHED,B0_REFERENCE,1.0,128.95074125583685,131691,8.61398100363861,0.2414601986981301,0.8740870047104459
S0_FULL,2,L0_STAGE15_MATCHED,B2_COMMON_NODE_EQUAL_DENSITY,1.0,128.95074125583685,131691,8.485607764989316,0.2414601986981301,0.8740870047104459
S0_FULL,2,L0_STAGE15_MATCHED,B2_COMMON_NODE_EQUAL_DENSITY,0.75,128.95074125583685,131691,8.527204794750688,0.2414601986981301,0.8740870047104459
S0_FULL,2,L0_STAGE15_MATCHED,B2_COMMON_NODE_EQUAL_DENSITY,0.5,128.95074125583685,131691,8.588515416589447,0.2414601986981301,0.8740870047104459
S0_FULL,2,L1_EXTENDED,B0_REFERENCE,1.0,128.97024981786427,134082,8.623827896584732,0.2414601986981301,0.8740870047104459
S0_FULL,2,L1_EXTENDED,B2_COMMON_NODE_EQUAL_DENSITY,1.0,128.97024981786427,134082,8.541256799967382,0.2414601986981301,0.8740870047104459
S0_FULL,2,L1_EXTENDED,B2_COMMON_NODE_EQUAL_DENSITY,0.75,128.97024981786427,134082,8.626467330304266,0.2414601986981301,0.8740870047104459
S0_FULL,2,L1_EXTENDED,B2_COMMON_NODE_EQUAL_DENSITY,0.5,128.97024981786427,134082,8.612660835362206,0.2414601986981301,0.8740870047104459
S0_FULL,2,L2_HIGH,B0_REFERENCE,1.0,128.9998825653514,128654,8.637533717314131,0.2414601986981301,0.8740870047104459
S0_FULL,2,L2_HIGH,B2_COMMON_NODE_EQUAL_DENSITY,1.0,128.9998825653514,128654,8.544423828867489,0.2414601986981301,0.8740870047104459
S0_FULL,2,L2_HIGH,B2_COMMON_NODE_EQUAL_DENSITY,0.75,128.9998825653514,128654,8.567121455806744,0.2414601986981301,0.8740870047104459
S0_FULL,2,L2_HIGH,B2_COMMON_NODE_EQUAL_DENSITY,0.5,128.9998825653514,128654,8.577372383171687,0.2414601986981301,0.8740870047104459
S0_FULL,3,L0_STAGE15_MATCHED,B0_REFERENCE,1.0,129.03237878352806,131808,8.612523037937331,0.2414601986981301,0.8740870047104459
S0_FULL,3,L0_STAGE15_MATCHED,B2_COMMON_NODE_EQUAL_DENSITY,1.0,129.03237878352806,131808,8.493680211807044,0.2414601986981301,0.8740870047104459
S0_FULL,3,L0_STAGE15_MATCHED,B2_COMMON_NODE_EQUAL_DENSITY,0.75,129.03237878352806,131808,8.560380808523593,0.2414601986981301,0.8740870047104459
S0_FULL,3,L0_STAGE15_MATCHED,B2_COMMON_NODE_EQUAL_DENSITY,0.5,129.03237878352806,131808,8.61313601904329,0.2414601986981301,0.8740870047104459
S0_FULL,3,L1_EXTENDED,B0_REFERENCE,1.0,128.92656665254972,134063,8.618430306824859,0.2414601986981301,0.8740870047104459
S0_FULL,3,L1_EXTENDED,B2_COMMON_NODE_EQUAL_DENSITY,1.0,128.92656665254972,134063,8.57922672180135,0.2414601986981301,0.8740870047104459
S0_FULL,3,L1_EXTENDED,B2_COMMON_NODE_EQUAL_DENSITY,0.75,128.92656665254972,134063,8.655214900853062,0.2414601986981301,0.8740870047104459
S0_FULL,3,L1_EXTENDED,B2_COMMON_NODE_EQUAL_DENSITY,0.5,128.92656665254972,134063,8.64629221469549,0.2414601986981301,0.8740870047104459
S0_FULL,3,L2_HIGH,B0_REFERENCE,1.0,129.01184949040777,128622,8.635574944989154,0.2414601986981301,0.8740870047104459
S0_FULL,3,L2_HIGH,B2_COMMON_NODE_EQUAL_DENSITY,1.0,129.01184949040777,128622,8.609459733102547,0.2414601986981301,0.8740870047104459
S0_FULL,3,L2_HIGH,B2_COMMON_NODE_EQUAL_DENSITY,0.75,129.01184949040777,128622,8.68524633793083,0.2414601986981301,0.8740870047104459
S0_FULL,3,L2_HIGH,B2_COMMON_NODE_EQUAL_DENSITY,0.5,129.01184949040777,128622,8.670951294039295,0.2414601986981301,0.8740870047104459
S0_FULL,4,L0_STAGE15_MATCHED,B0_REFERENCE,1.0,129.08947349310895,131824,8.618755522482498,0.2414601986981301,0.8740870047104459
S0_FULL,4,L0_STAGE15_MATCHED,B2_COMMON_NODE_EQUAL_DENSITY,1.0,129.08947349310895,131824,8.506636772761944,0.2414601986981301,0.8740870047104459
S0_FULL,4,L0_STAGE15_MATCHED,B2_COMMON_NODE_EQUAL_DENSITY,0.75,129.08947349310895,131824,8.557225409094492,0.2414601986981301,0.8740870047104459
S0_FULL,4,L0_STAGE15_MATCHED,B2_COMMON_NODE_EQUAL_DENSITY,0.5,129.08947349310895,131824,8.564228266809625,0.2414601986981301,0.8740870047104459
S0_FULL,4,L1_EXTENDED,B0_REFERENCE,1.0,128.94684920600622,134041,8.618647519672287,0.2414601986981301,0.8740870047104459
S0_FULL,4,L1_EXTENDED,B2_COMMON_NODE_EQUAL_DENSITY,1.0,128.94684920600622,134041,8.54383436903443,0.2414601986981301,0.8740870047104459
S0_FULL,4,L1_EXTENDED,B2_COMMON_NODE_EQUAL_DENSITY,0.75,128.94684920600622,134041,8.628719157116679,0.2414601986981301,0.8740870047104459
S0_FULL,4,L1_EXTENDED,B2_COMMON_NODE_EQUAL_DENSITY,0.5,128.94684920600622,134041,8.639121429264476,0.2414601986981301,0.8740870047104459
S0_FULL,4,L2_HIGH,B0_REFERENCE,1.0,129.00514791207414,128653,8.631971061630754,0.2414601986981301,0.8740870047104459
S0_FULL,4,L2_HIGH,B2_COMMON_NODE_EQUAL_DENSITY,1.0,129.00514791207414,128653,8.558276008666764,0.2414601986981301,0.8740870047104459
S0_FULL,4,L2_HIGH,B2_COMMON_NODE_EQUAL_DENSITY,0.75,129.00514791207414,128653,8.642580769331104,0.2414601986981301,0.8740870047104459
S0_FULL,4,L2_HIGH,B2_COMMON_NODE_EQUAL_DENSITY,0.5,129.00514791207414,128653,8.648065435131533,0.2414601986981301,0.8740870047104459
S1_DROP_TOP1,0,L0_STAGE15_MATCHED,B0_REFERENCE,1.0,97.06318881283131,41461,8.726309051752672,0.2414601986981301,0.8733863391885273
S1_DROP_TOP1,0,L0_STAGE15_MATCHED,B2_COMMON_NODE_EQUAL_DENSITY,1.0,97.06318881283131,41461,8.578171603159543,0.2414601986981301,0.8733863391885273
S1_DROP_TOP1,0,L0_STAGE15_MATCHED,B2_COMMON_NODE_EQUAL_DENSITY,0.75,97.06318881283131,41461,8.595804415759012,0.2414601986981301,0.8733863391885273
S1_DROP_TOP1,0,L0_STAGE15_MATCHED,B2_COMMON_NODE_EQUAL_DENSITY,0.5,97.06318881283131,41461,8.563724948705781,0.2414601986981301,0.8733863391885273
S1_DROP_TOP1,0,L1_EXTENDED,B0_REFERENCE,1.0,97.01317849988791,41508,8.661805581950698,0.2414601986981301,0.8733863391885273
S1_DROP_TOP1,0,L1_EXTENDED,B2_COMMON_NODE_EQUAL_DENSITY,1.0,97.01317849988791,41508,8.647276805066646,0.2414601986981301,0.8733863391885273
S1_DROP_TOP1,0,L1_EXTENDED,B2_COMMON_NODE_EQUAL_DENSITY,0.75,97.01317849988791,41508,8.688659234399607,0.2414601986981301,0.8733863391885273
S1_DROP_TOP1,0,L1_EXTENDED,B2_COMMON_NODE_EQUAL_DENSITY,0.5,97.01317849988791,41508,8.629280968647505,0.2414601986981301,0.8733863391885273
S1_DROP_TOP1,0,L2_HIGH,B0_REFERENCE,1.0,97.0547527346825,41047,8.67205377771155,0.2414601986981301,0.8733863391885273
S1_DROP_TOP1,0,L2_HIGH,B2_COMMON_NODE_EQUAL_DENSITY,1.0,97.0547527346825,41047,8.623964196329537,0.2414601986981301,0.8733863391885273
S1_DROP_TOP1,0,L2_HIGH,B2_COMMON_NODE_EQUAL_DENSITY,0.75,97.0547527346825,41047,8.664916906295481,0.2414601986981301,0.8733863391885273
S1_DROP_TOP1,0,L2_HIGH,B2_COMMON_NODE_EQUAL_DENSITY,0.5,97.0547527346825,41047,8.570778382638645,0.2414601986981301,0.8733863391885273
S1_DROP_TOP1,1,L0_STAGE15_MATCHED,B0_REFERENCE,1.0,96.98752499447517,41499,8.738151540757856,0.2414601986981301,0.8733863391885273
S1_DROP_TOP1,1,L0_STAGE15_MATCHED,B2_COMMON_NODE_EQUAL_DENSITY,1.0,96.98752499447517,41499,8.507619756667145,0.2414601986981301,0.8733863391885273
S1_DROP_TOP1,1,L0_STAGE15_MATCHED,B2_COMMON_NODE_EQUAL_DENSITY,0.75,96.98752499447517,41499,8.612239367762045,0.2414601986981301,0.8733863391885273
S1_DROP_TOP1,1,L0_STAGE15_MATCHED,B2_COMMON_NODE_EQUAL_DENSITY,0.5,96.98752499447517,41499,8.573523943227775,0.2414601986981301,0.8733863391885273
S1_DROP_TOP1,1,L1_EXTENDED,B0_REFERENCE,1.0,97.04771175489128,41499,8.663027987158117,0.2414601986981301,0.8733863391885273
S1_DROP_TOP1,1,L1_EXTENDED,B2_COMMON_NODE_EQUAL_DENSITY,1.0,97.04771175489128,41499,8.676606848496675,0.2414601986981301,0.8733863391885273
S1_DROP_TOP1,1,L1_EXTENDED,B2_COMMON_NODE_EQUAL_DENSITY,0.75,97.04771175489128,41499,8.704643599526168,0.2414601986981301,0.8733863391885273
S1_DROP_TOP1,1,L1_EXTENDED,B2_COMMON_NODE_EQUAL_DENSITY,0.5,97.04771175489128,41499,8.614520115694942,0.2414601986981301,0.8733863391885273
S1_DROP_TOP1,1,L2_HIGH,B0_REFERENCE,1.0,97.03548528312209,41038,8.674258897614056,0.2414601986981301,0.8733863391885273
S1_DROP_TOP1,1,L2_HIGH,B2_COMMON_NODE_EQUAL_DENSITY,1.0,97.03548528312209,41038,8.684049523249255,0.2414601986981301,0.8733863391885273
S1_DROP_TOP1,1,L2_HIGH,B2_COMMON_NODE_EQUAL_DENSITY,0.75,97.03548528312209,41038,8.65557521010867,0.2414601986981301,0.8733863391885273
S1_DROP_TOP1,1,L2_HIGH,B2_COMMON_NODE_EQUAL_DENSITY,0.5,97.03548528312209,41038,8.559531864738087,0.2414601986981301,0.8733863391885273
S1_DROP_TOP1,2,L0_STAGE15_MATCHED,B0_REFERENCE,1.0,96.99260365116842,41479,8.72882695716252,0.2414601986981301,0.8733863391885273
S1_DROP_TOP1,2,L0_STAGE15_MATCHED,B2_COMMON_NODE_EQUAL_DENSITY,1.0,96.99260365116842,41479,8.549324932055528,0.2414601986981301,0.8733863391885273
S1_DROP_TOP1,2,L0_STAGE15_MATCHED,B2_COMMON_NODE_EQUAL_DENSITY,0.75,96.99260365116842,41479,8.598690045148183,0.2414601986981301,0.8733863391885273
S1_DROP_TOP1,2,L0_STAGE15_MATCHED,B2_COMMON_NODE_EQUAL_DENSITY,0.5,96.99260365116842,41479,8.59098551451883,0.2414601986981301,0.8733863391885273
S1_DROP_TOP1,2,L1_EXTENDED,B0_REFERENCE,1.0,97.02029343993804,41489,8.661794361867164,0.2414601986981301,0.8733863391885273
S1_DROP_TOP1,2,L1_EXTENDED,B2_COMMON_NODE_EQUAL_DENSITY,1.0,97.02029343993804,41489,8.67740494033858,0.2414601986981301,0.8733863391885273
S1_DROP_TOP1,2,L1_EXTENDED,B2_COMMON_NODE_EQUAL_DENSITY,0.75,97.02029343993804,41489,8.687802924954644,0.2414601986981301,0.8733863391885273
S1_DROP_TOP1,2,L1_EXTENDED,B2_COMMON_NODE_EQUAL_DENSITY,0.5,97.02029343993804,41489,8.629644995375545,0.2414601986981301,0.8733863391885273
S1_DROP_TOP1,2,L2_HIGH,B0_REFERENCE,1.0,97.04403019763508,41051,8.672439611308858,0.2414601986981301,0.8733863391885273
S1_DROP_TOP1,2,L2_HIGH,B2_COMMON_NODE_EQUAL_DENSITY,1.0,97.04403019763508,41051,8.707328937670974,0.2414601986981301,0.8733863391885273
S1_DROP_TOP1,2,L2_HIGH,B2_COMMON_NODE_EQUAL_DENSITY,0.75,97.04403019763508,41051,8.657449490785677,0.2414601986981301,0.8733863391885273
S1_DROP_TOP1,2,L2_HIGH,B2_COMMON_NODE_EQUAL_DENSITY,0.5,97.04403019763508,41051,8.583884906579858,0.2414601986981301,0.8733863391885273
S1_DROP_TOP1,3,L0_STAGE15_MATCHED,B0_REFERENCE,1.0,97.142777784578,41490,8.73569984225811,0.2414601986981301,0.8733863391885273
S1_DROP_TOP1,3,L0_STAGE15_MATCHED,B2_COMMON_NODE_EQUAL_DENSITY,1.0,97.142777784578,41490,8.562173510415565,0.2414601986981301,0.8733863391885273
S1_DROP_TOP1,3,L0_STAGE15_MATCHED,B2_COMMON_NODE_EQUAL_DENSITY,0.75,97.142777784578,41490,8.626425341413615,0.2414601986981301,0.8733863391885273
S1_DROP_TOP1,3,L0_STAGE15_MATCHED,B2_COMMON_NODE_EQUAL_DENSITY,0.5,97.142777784578,41490,8.558226226632906,0.2414601986981301,0.8733863391885273
S1_DROP_TOP1,3,L1_EXTENDED,B0_REFERENCE,1.0,96.98538079187408,41501,8.66884928103374,0.2414601986981301,0.8733863391885273
S1_DROP_TOP1,3,L1_EXTENDED,B2_COMMON_NODE_EQUAL_DENSITY,1.0,96.98538079187408,41501,8.6419611559392,0.2414601986981301,0.8733863391885273
S1_DROP_TOP1,3,L1_EXTENDED,B2_COMMON_NODE_EQUAL_DENSITY,0.75,96.98538079187408,41501,8.680265896592283,0.2414601986981301,0.8733863391885273
S1_DROP_TOP1,3,L1_EXTENDED,B2_COMMON_NODE_EQUAL_DENSITY,0.5,96.98538079187408,41501,8.60814993494762,0.2414601986981301,0.8733863391885273
S1_DROP_TOP1,3,L2_HIGH,B0_REFERENCE,1.0,97.01300655649828,41053,8.673474160977692,0.2414601986981301,0.8733863391885273
S1_DROP_TOP1,3,L2_HIGH,B2_COMMON_NODE_EQUAL_DENSITY,1.0,97.01300655649828,41053,8.703301842928841,0.2414601986981301,0.8733863391885273
S1_DROP_TOP1,3,L2_HIGH,B2_COMMON_NODE_EQUAL_DENSITY,0.75,97.01300655649828,41053,8.648843932625665,0.2414601986981301,0.8733863391885273
S1_DROP_TOP1,3,L2_HIGH,B2_COMMON_NODE_EQUAL_DENSITY,0.5,97.01300655649828,41053,8.562295225394527,0.2414601986981301,0.8733863391885273
S1_DROP_TOP1,4,L0_STAGE15_MATCHED,B0_REFERENCE,1.0,96.94789354266176,41504,8.741631886206042,0.2414601986981301,0.8733863391885273
S1_DROP_TOP1,4,L0_STAGE15_MATCHED,B2_COMMON_NODE_EQUAL_DENSITY,1.0,96.94789354266176,41504,8.560257317049597,0.2414601986981301,0.8733863391885273
S1_DROP_TOP1,4,L0_STAGE15_MATCHED,B2_COMMON_NODE_EQUAL_DENSITY,0.75,96.94789354266176,41504,8.654896791123598,0.2414601986981301,0.8733863391885273
S1_DROP_TOP1,4,L0_STAGE15_MATCHED,B2_COMMON_NODE_EQUAL_DENSITY,0.5,96.94789354266176,41504,8.56538100618625,0.2414601986981301,0.8733863391885273
S1_DROP_TOP1,4,L1_EXTENDED,B0_REFERENCE,1.0,96.98899892508308,41499,8.669986927729402,0.2414601986981301,0.8733863391885273
S1_DROP_TOP1,4,L1_EXTENDED,B2_COMMON_NODE_EQUAL_DENSITY,1.0,96.98899892508308,41499,8.668128074795202,0.2414601986981301,0.8733863391885273
S1_DROP_TOP1,4,L1_EXTENDED,B2_COMMON_NODE_EQUAL_DENSITY,0.75,96.98899892508308,41499,8.720540926562562,0.2414601986981301,0.8733863391885273
S1_DROP_TOP1,4,L1_EXTENDED,B2_COMMON_NODE_EQUAL_DENSITY,0.5,96.98899892508308,41499,8.608236158474888,0.2414601986981301,0.8733863391885273
S1_DROP_TOP1,4,L2_HIGH,B0_REFERENCE,1.0,97.03297593545378,41048,8.669475842828854,0.2414601986981301,0.8733863391885273
S1_DROP_TOP1,4,L2_HIGH,B2_COMMON_NODE_EQUAL_DENSITY,1.0,97.03297593545378,41048,8.70044502015519,0.2414601986981301,0.8733863391885273
S1_DROP_TOP1,4,L2_HIGH,B2_COMMON_NODE_EQUAL_DENSITY,0.75,97.03297593545378,41048,8.663488514948758,0.2414601986981301,0.8733863391885273
S1_DROP_TOP1,4,L2_HIGH,B2_COMMON_NODE_EQUAL_DENSITY,0.5,97.03297593545378,41048,8.567239741929,0.2414601986981301,0.8733863391885273
S2_DROP_TOP5,0,L0_STAGE15_MATCHED,B0_REFERENCE,1.0,32.157888911569145,9811,8.568789970442745,0.2414601986981301,0.8717974567887389
S2_DROP_TOP5,0,L0_STAGE15_MATCHED,B2_COMMON_NODE_EQUAL_DENSITY,1.0,32.157888911569145,9811,8.379981379220805,0.2414601986981301,0.8717974567887389
S2_DROP_TOP5,0,L0_STAGE15_MATCHED,B2_COMMON_NODE_EQUAL_DENSITY,0.75,32.157888911569145,9811,8.432575591913906,0.2414601986981301,0.8717974567887389
S2_DROP_TOP5,0,L0_STAGE15_MATCHED,B2_COMMON_NODE_EQUAL_DENSITY,0.5,32.157888911569145,9811,8.472954925715168,0.2414601986981301,0.8717974567887389
S2_DROP_TOP5,0,L1_EXTENDED,B0_REFERENCE,1.0,32.10828326962857,9963,8.560355927952843,0.2414601986981301,0.8717974567887389
S2_DROP_TOP5,0,L1_EXTENDED,B2_COMMON_NODE_EQUAL_DENSITY,1.0,32.10828326962857,9963,8.429061914807523,0.2414601986981301,0.8717974567887389
S2_DROP_TOP5,0,L1_EXTENDED,B2_COMMON_NODE_EQUAL_DENSITY,0.75,32.10828326962857,9963,8.469686605305546,0.2414601986981301,0.8717974567887389
S2_DROP_TOP5,0,L1_EXTENDED,B2_COMMON_NODE_EQUAL_DENSITY,0.5,32.10828326962857,9963,8.53962946803815,0.2414601986981301,0.8717974567887389
S2_DROP_TOP5,0,L2_HIGH,B0_REFERENCE,1.0,32.123378662645045,9904,8.521427426430769,0.2414601986981301,0.8717974567887389
S2_DROP_TOP5,0,L2_HIGH,B2_COMMON_NODE_EQUAL_DENSITY,1.0,32.123378662645045,9904,8.440365652915622,0.2414601986981301,0.8717974567887389
S2_DROP_TOP5,0,L2_HIGH,B2_COMMON_NODE_EQUAL_DENSITY,0.75,32.123378662645045,9904,8.500227462037875,0.2414601986981301,0.8717974567887389
S2_DROP_TOP5,0,L2_HIGH,B2_COMMON_NODE_EQUAL_DENSITY,0.5,32.123378662645045,9904,8.504016499232044,0.2414601986981301,0.8717974567887389
S2_DROP_TOP5,1,L0_STAGE15_MATCHED,B0_REFERENCE,1.0,32.104185378437,9831,8.577951845444659,0.2414601986981301,0.8717974567887389
S2_DROP_TOP5,1,L0_STAGE15_MATCHED,B2_COMMON_NODE_EQUAL_DENSITY,1.0,32.104185378437,9831,8.415752094641247,0.2414601986981301,0.8717974567887389
S2_DROP_TOP5,1,L0_STAGE15_MATCHED,B2_COMMON_NODE_EQUAL_DENSITY,0.75,32.104185378437,9831,8.49199456433504,0.2414601986981301,0.8717974567887389
S2_DROP_TOP5,1,L0_STAGE15_MATCHED,B2_COMMON_NODE_EQUAL_DENSITY,0.5,32.104185378437,9831,8.495582026011952,0.2414601986981301,0.8717974567887389
S2_DROP_TOP5,1,L1_EXTENDED,B0_REFERENCE,1.0,32.107951074560695,9973,8.563921682661215,0.2414601986981301,0.8717974567887389
S2_DROP_TOP5,1,L1_EXTENDED,B2_COMMON_NODE_EQUAL_DENSITY,1.0,32.107951074560695,9973,8.437564898748498,0.2414601986981301,0.8717974567887389
S2_DROP_TOP5,1,L1_EXTENDED,B2_COMMON_NODE_EQUAL_DENSITY,0.75,32.107951074560695,9973,8.42402737990285,0.2414601986981301,0.8717974567887389
S2_DROP_TOP5,1,L1_EXTENDED,B2_COMMON_NODE_EQUAL_DENSITY,0.5,32.107951074560695,9973,8.526577340247378,0.2414601986981301,0.8717974567887389
S2_DROP_TOP5,1,L2_HIGH,B0_REFERENCE,1.0,32.12333044645781,9907,8.513701808074881,0.2414601986981301,0.8717974567887389
S2_DROP_TOP5,1,L2_HIGH,B2_COMMON_NODE_EQUAL_DENSITY,1.0,32.12333044645781,9907,8.38995970911711,0.2414601986981301,0.8717974567887389
S2_DROP_TOP5,1,L2_HIGH,B2_COMMON_NODE_EQUAL_DENSITY,0.75,32.12333044645781,9907,8.44685259725382,0.2414601986981301,0.8717974567887389
S2_DROP_TOP5,1,L2_HIGH,B2_COMMON_NODE_EQUAL_DENSITY,0.5,32.12333044645781,9907,8.486110735210252,0.2414601986981301,0.8717974567887389
S2_DROP_TOP5,2,L0_STAGE15_MATCHED,B0_REFERENCE,1.0,32.16737519851481,9803,8.573846144130535,0.2414601986981301,0.8717974567887389
S2_DROP_TOP5,2,L0_STAGE15_MATCHED,B2_COMMON_NODE_EQUAL_DENSITY,1.0,32.16737519851481,9803,8.465719044451266,0.2414601986981301,0.8717974567887389
S2_DROP_TOP5,2,L0_STAGE15_MATCHED,B2_COMMON_NODE_EQUAL_DENSITY,0.75,32.16737519851481,9803,8.379323290030843,0.2414601986981301,0.8717974567887389
S2_DROP_TOP5,2,L0_STAGE15_MATCHED,B2_COMMON_NODE_EQUAL_DENSITY,0.5,32.16737519851481,9803,8.479455903054328,0.2414601986981301,0.8717974567887389
S2_DROP_TOP5,2,L1_EXTENDED,B0_REFERENCE,1.0,32.09694565314537,9974,8.555435057006171,0.2414601986981301,0.8717974567887389
S2_DROP_TOP5,2,L1_EXTENDED,B2_COMMON_NODE_EQUAL_DENSITY,1.0,32.09694565314537,9974,8.419592418519589,0.2414601986981301,0.8717974567887389
S2_DROP_TOP5,2,L1_EXTENDED,B2_COMMON_NODE_EQUAL_DENSITY,0.75,32.09694565314537,9974,8.415938941560409,0.2414601986981301,0.8717974567887389
S2_DROP_TOP5,2,L1_EXTENDED,B2_COMMON_NODE_EQUAL_DENSITY,0.5,32.09694565314537,9974,8.529759036216076,0.2414601986981301,0.8717974567887389
S2_DROP_TOP5,2,L2_HIGH,B0_REFERENCE,1.0,32.114258921371,9906,8.513254325354731,0.2414601986981301,0.8717974567887389
S2_DROP_TOP5,2,L2_HIGH,B2_COMMON_NODE_EQUAL_DENSITY,1.0,32.114258921371,9906,8.431878428803062,0.2414601986981301,0.8717974567887389
S2_DROP_TOP5,2,L2_HIGH,B2_COMMON_NODE_EQUAL_DENSITY,0.75,32.114258921371,9906,8.440948978493896,0.2414601986981301,0.8717974567887389
S2_DROP_TOP5,2,L2_HIGH,B2_COMMON_NODE_EQUAL_DENSITY,0.5,32.114258921371,9906,8.480607106150424,0.2414601986981301,0.8717974567887389
S2_DROP_TOP5,3,L0_STAGE15_MATCHED,B0_REFERENCE,1.0,32.13471834433102,9816,8.559995035255149,0.2414601986981301,0.8717974567887389
S2_DROP_TOP5,3,L0_STAGE15_MATCHED,B2_COMMON_NODE_EQUAL_DENSITY,1.0,32.13471834433102,9816,8.366024491279951,0.2414601986981301,0.8717974567887389
S2_DROP_TOP5,3,L0_STAGE15_MATCHED,B2_COMMON_NODE_EQUAL_DENSITY,0.75,32.13471834433102,9816,8.406405018883138,0.2414601986981301,0.8717974567887389
S2_DROP_TOP5,3,L0_STAGE15_MATCHED,B2_COMMON_NODE_EQUAL_DENSITY,0.5,32.13471834433102,9816,8.47225980428382,0.2414601986981301,0.8717974567887389
S2_DROP_TOP5,3,L1_EXTENDED,B0_REFERENCE,1.0,32.10721961953936,9971,8.569427558165005,0.2414601986981301,0.8717974567887389
S2_DROP_TOP5,3,L1_EXTENDED,B2_COMMON_NODE_EQUAL_DENSITY,1.0,32.10721961953936,9971,8.451217943945764,0.2414601986981301,0.8717974567887389
S2_DROP_TOP5,3,L1_EXTENDED,B2_COMMON_NODE_EQUAL_DENSITY,0.75,32.10721961953936,9971,8.413286855684708,0.2414601986981301,0.8717974567887389
S2_DROP_TOP5,3,L1_EXTENDED,B2_COMMON_NODE_EQUAL_DENSITY,0.5,32.10721961953936,9971,8.546040369311612,0.2414601986981301,0.8717974567887389
S2_DROP_TOP5,3,L2_HIGH,B0_REFERENCE,1.0,32.114502968640295,9912,8.527414011779067,0.2414601986981301,0.8717974567887389
S2_DROP_TOP5,3,L2_HIGH,B2_COMMON_NODE_EQUAL_DENSITY,1.0,32.114502968640295,9912,8.50281126479712,0.2414601986981301,0.8717974567887389
S2_DROP_TOP5,3,L2_HIGH,B2_COMMON_NODE_EQUAL_DENSITY,0.75,32.114502968640295,9912,8.499219681694644,0.2414601986981301,0.8717974567887389
S2_DROP_TOP5,3,L2_HIGH,B2_COMMON_NODE_EQUAL_DENSITY,0.5,32.114502968640295,9912,8.501309974924688,0.2414601986981301,0.8717974567887389
S2_DROP_TOP5,4,L0_STAGE15_MATCHED,B0_REFERENCE,1.0,32.13984290132648,9820,8.57620753559601,0.2414601986981301,0.8717974567887389
S2_DROP_TOP5,4,L0_STAGE15_MATCHED,B2_COMMON_NODE_EQUAL_DENSITY,1.0,32.13984290132648,9820,8.412689224934338,0.2414601986981301,0.8717974567887389
S2_DROP_TOP5,4,L0_STAGE15_MATCHED,B2_COMMON_NODE_EQUAL_DENSITY,0.75,32.13984290132648,9820,8.395896499655905,0.2414601986981301,0.8717974567887389
S2_DROP_TOP5,4,L0_STAGE15_MATCHED,B2_COMMON_NODE_EQUAL_DENSITY,0.5,32.13984290132648,9820,8.47484449774098,0.2414601986981301,0.8717974567887389
S2_DROP_TOP5,4,L1_EXTENDED,B0_REFERENCE,1.0,32.112867068741,9969,8.577225751916412,0.2414601986981301,0.8717974567887389
S2_DROP_TOP5,4,L1_EXTENDED,B2_COMMON_NODE_EQUAL_DENSITY,1.0,32.112867068741,9969,8.395019111186116,0.2414601986981301,0.8717974567887389
S2_DROP_TOP5,4,L1_EXTENDED,B2_COMMON_NODE_EQUAL_DENSITY,0.75,32.112867068741,9969,8.475512444877843,0.2414601986981301,0.8717974567887389
S2_DROP_TOP5,4,L1_EXTENDED,B2_COMMON_NODE_EQUAL_DENSITY,0.5,32.112867068741,9969,8.539509816122873,0.2414601986981301,0.8717974567887389
S2_DROP_TOP5,4,L2_HIGH,B0_REFERENCE,1.0,32.116874527873286,9913,8.512092064139852,0.2414601986981301,0.8717974567887389
S2_DROP_TOP5,4,L2_HIGH,B2_COMMON_NODE_EQUAL_DENSITY,1.0,32.116874527873286,9913,8.420004960742345,0.2414601986981301,0.8717974567887389
S2_DROP_TOP5,4,L2_HIGH,B2_COMMON_NODE_EQUAL_DENSITY,0.75,32.116874527873286,9913,8.44678099648959,0.2414601986981301,0.8717974567887389
S2_DROP_TOP5,4,L2_HIGH,B2_COMMON_NODE_EQUAL_DENSITY,0.5,32.116874527873286,9913,8.48791332316078,0.2414601986981301,0.8717974567887389
