scenario,replicate_id,level,scope,density_multiplier,best_model,preferred_model_set,T12,T12_p,R1_R2_practical_tie,R2_boundaries,R0_RSS,R0_IC,R0_LOTO,R1_RSS,R1_IC,R1_LOTO,R2_RSS,R2_IC,R2_LOTO
S0_FULL,0,L0_STAGE15_MATCHED,B0_REFERENCE,1.0,R2,{R2},6.377387988765776,NOT_REESTIMATED_FOR_NEW_MC,False,[5],400.7612637402116,189.23169196311463,1.528978102683151,266.34811620641494,159.1892467996177,1.332123415031095,249.3466753081222,152.81185881085193,1.331489690296823
S0_FULL,0,L0_STAGE15_MATCHED,B2_COMMON_NODE_EQUAL_DENSITY,1.0,R2,{R2},44.1980904082823,NOT_REESTIMATED_FOR_NEW_MC,False,[5],715.2490460436751,298.7127581473678,2.042617463432994,516.6738794267288,284.42210599588907,1.857321483790858,395.9715568239841,240.2240155876068,1.749648714271221
S0_FULL,0,L0_STAGE15_MATCHED,B2_COMMON_NODE_EQUAL_DENSITY,0.75,R2,{R2},45.5736261568884,NOT_REESTIMATED_FOR_NEW_MC,False,[5],1101.918805032326,380.394307379245,2.535322404748931,792.2536989287219,365.21389557302393,2.3082735144226616,602.7690982012839,319.64026941613554,2.183492780531654
S0_FULL,0,L0_STAGE15_MATCHED,B2_COMMON_NODE_EQUAL_DENSITY,0.5,R2,{R2},42.6963570784697,NOT_REESTIMATED_FOR_NEW_MC,False,[5],1412.5328295758018,427.3289415206677,2.8705007993714573,1066.5431577346535,421.4029031414534,2.6641542786474077,823.90413648954,378.7065460629837,2.5464771015417287
S0_FULL,0,L1_EXTENDED,B0_REFERENCE,1.0,R2,{R2},10.63337535271586,NOT_REESTIMATED_FOR_NEW_MC,False,[5],395.6084479308064,186.7858536424361,1.5191168310117025,284.4015700489058,171.58444471745008,1.3800718743580571,260.3192609794521,160.95106936473422,1.363977248120322
S0_FULL,0,L1_EXTENDED,B2_COMMON_NODE_EQUAL_DENSITY,1.0,R2,{R2},29.620422811360413,NOT_REESTIMATED_FOR_NEW_MC,False,[5],825.330190480126,325.7686258103624,2.194180054401659,652.7227806009528,328.59908427285166,2.0980453712779883,540.3480800931129,298.97866146149124,2.069074363580065
S0_FULL,0,L1_EXTENDED,B2_COMMON_NODE_EQUAL_DENSITY,0.75,R2,{R2},23.45514537883849,NOT_REESTIMATED_FOR_NEW_MC,False,[5],894.2893171580808,340.935083267792,2.2840069359400244,713.180274153335,345.34102939974525,2.188870463143365,609.9736505573476,321.8858840209068,2.199635169029599
S0_FULL,0,L1_EXTENDED,B2_COMMON_NODE_EQUAL_DENSITY,0.5,R2,{R2},21.342694575705707,NOT_REESTIMATED_FOR_NEW_MC,False,[5],1243.356534085082,403.21824534971046,2.6931233012055555,917.1411798764436,392.8796685840241,2.4671388753482715,793.2353327773382,371.5369740083184,2.505567026006423
S0_FULL,0,L2_HIGH,B0_REFERENCE,1.0,R2,{R2},14.370929572233038,NOT_REESTIMATED_FOR_NEW_MC,False,[5],312.0358911455726,141.9348802864589,1.3491513499292211,222.66970684682832,125.33658315954204,1.211833572775063,199.82374544473035,110.965653587309,1.1867861868565552
S0_FULL,0,L2_HIGH,B2_COMMON_NODE_EQUAL_DENSITY,1.0,R2,{R2},16.461815721856226,NOT_REESTIMATED_FOR_NEW_MC,False,[5],693.8909899899929,292.9830483291432,2.011889023184006,557.9070893225505,298.93363194903066,1.9402702486240808,495.15741355160463,282.47181622717443,1.975883492018073
S0_FULL,0,L2_HIGH,B2_COMMON_NODE_EQUAL_DENSITY,0.75,R2,{R2},19.99815437650983,NOT_REESTIMATED_FOR_NEW_MC,False,[5],1137.2739849175314,386.3631407886581,2.5756743282783763,940.9602118675222,397.7255221847322,2.518657949820492,819.646661351513,377.7273678082224,2.5614528062537163
S0_FULL,0,L2_HIGH,B2_COMMON_NODE_EQUAL_DENSITY,0.5,R2,{R2},40.61133689424861,NOT_REESTIMATED_FOR_NEW_MC,False,[5],1128.5052436793928,384.9002441858505,2.565725483132687,745.4111741000485,353.69516020558206,2.2215266462975323,582.2174542270564,313.08382331133345,2.1314673074542814
S0_FULL,1,L0_STAGE15_MATCHED,B0_REFERENCE,1.0,R2,{R2},4.250464314200428,NOT_REESTIMATED_FOR_NEW_MC,False,[5],397.9396428384927,187.89630204532784,1.5235860931449003,260.8591424061537,155.25358954831998,1.317242734602828,246.9718048097002,151.00312523411955,1.325172515578878
S0_FULL,1,L0_STAGE15_MATCHED,B2_COMMON_NODE_EQUAL_DENSITY,1.0,R2,{R2},40.63229404254824,NOT_REESTIMATED_FOR_NEW_MC,False,[5],708.9324342960595,297.0362197776702,2.033577930658264,494.9376861471495,276.2988834905788,1.821484034121776,386.537549768436,235.66658944803055,1.725852509334787
S0_FULL,1,L0_STAGE15_MATCHED,B2_COMMON_NODE_EQUAL_DENSITY,0.75,R2,{R2},46.107360260073904,NOT_REESTIMATED_FOR_NEW_MC,False,[5],1021.6362183490144,366.096920298634,2.4412178532519206,709.4574562243042,344.3518609281807,2.1802001256965102,538.253197093896,298.2445006681068,2.0509468723255364
S0_FULL,1,L0_STAGE15_MATCHED,B2_COMMON_NODE_EQUAL_DENSITY,0.5,R2,{R2},44.37555998104199,NOT_REESTIMATED_FOR_NEW_MC,False,[5],1196.7828626185365,396.002679679982,2.6422023702348763,775.7128799402207,361.22614378462265,2.2668800390758173,593.9374200343733,316.85058380358066,2.158312926318271
S0_FULL,1,L1_EXTENDED,B0_REFERENCE,1.0,R2,{R2},10.316730204757988,NOT_REESTIMATED_FOR_NEW_MC,False,[5],387.1275110528183,182.6900668548829,1.5027454257041588,276.74036866787856,166.42333684551136,1.3610743078286662,253.73152673697888,156.10660664075337,1.3453670131967377
S0_FULL,1,L1_EXTENDED,B2_COMMON_NODE_EQUAL_DENSITY,1.0,R2,{R2},28.8493713364166,NOT_REESTIMATED_FOR_NEW_MC,False,[5],730.5331863299048,302.7089479855275,2.064326424508596,560.7111736478703,299.8811813769315,1.944359542571892,466.0750095758888,271.0318100405149,1.91858292363296
S0_FULL,1,L1_EXTENDED,B2_COMMON_NODE_EQUAL_DENSITY,0.75,R2,{R2},26.22764258571459,NOT_REESTIMATED_FOR_NEW_MC,False,[5],1001.5411518660868,362.3423384983344,2.4170898588768903,811.74759986806,369.8080672763024,2.3363587423848693,684.1667605599976,343.5804246905878,2.3274406063912685
S0_FULL,1,L1_EXTENDED,B2_COMMON_NODE_EQUAL_DENSITY,0.5,R2,{R2},19.59675976564989,NOT_REESTIMATED_FOR_NEW_MC,False,[5],1299.90591163917,411.6244515060555,2.753685618323527,958.1759818943972,401.1522060390372,2.5240882582926965,836.4173659036047,381.5554462733873,2.5684335359532917
S0_FULL,1,L2_HIGH,B0_REFERENCE,1.0,R2,{R2},14.71073130765292,NOT_REESTIMATED_FOR_NEW_MC,False,[5],308.49511165499894,139.7779708532713,1.3414748666998924,219.79053664572945,122.8768329027138,1.2040016867607397,196.8856810024463,108.16610159506088,1.1779976359528768
S0_FULL,1,L2_HIGH,B2_COMMON_NODE_EQUAL_DENSITY,1.0,R2,"{R0,R2}",17.05841130484083,NOT_REESTIMATED_FOR_NEW_MC,False,[5],1078.273481988106,376.2945393766203,2.507973015191874,909.9411939192784,391.3900757670992,2.473658717900162,805.0518314440681,374.3316644622584,2.534313665687642
S0_FULL,1,L2_HIGH,B2_COMMON_NODE_EQUAL_DENSITY,0.75,R2,{R2},20.064823906123536,NOT_REESTIMATED_FOR_NEW_MC,False,[5],1056.962900104019,372.52181074608177,2.483066031597517,852.2675964179294,379.0144658526221,2.3954195780773704,742.1269348149921,358.9496419464985,2.438827883666137
S0_FULL,1,L2_HIGH,B2_COMMON_NODE_EQUAL_DENSITY,0.5,R2,{R2},39.282031010824085,NOT_REESTIMATED_FOR_NEW_MC,False,[5],1197.3090105641054,396.08575248468713,2.6427831090772376,817.9052883434234,371.23635752013786,2.33190074149143,643.3493844906926,331.9543265093138,2.2469446250178846
S0_FULL,2,L0_STAGE15_MATCHED,B0_REFERENCE,1.0,R1,{R1},-8.1726364572107,NOT_REESTIMATED_FOR_NEW_MC,False,[5],316.5921360993562,144.67464160309737,1.3589655847664346,210.94483223170477,115.11302551186488,1.1856111807080636,213.28321592946497,123.2856619690756,1.216924544687957
S0_FULL,2,L0_STAGE15_MATCHED,B2_COMMON_NODE_EQUAL_DENSITY,1.0,R2,{R2},35.80292598447383,NOT_REESTIMATED_FOR_NEW_MC,False,[5],672.3778259227887,287.03059732725933,1.9804554992601076,494.015587471225,275.9464367068889,1.8228423083203773,395.8029279954157,240.14351072241507,1.7483213557018285
S0_FULL,2,L0_STAGE15_MATCHED,B2_COMMON_NODE_EQUAL_DENSITY,0.75,R2,{R2},39.63830802947422,NOT_REESTIMATED_FOR_NEW_MC,False,[5],1155.0738711864144,389.2983376537063,2.595752475729164,861.4385855985493,381.0373721366752,2.405978959159917,676.3157815951199,341.399064107201,2.316192192711181
S0_FULL,2,L0_STAGE15_MATCHED,B2_COMMON_NODE_EQUAL_DENSITY,0.5,R2,{R2},38.22333264525474,NOT_REESTIMATED_FOR_NEW_MC,False,[5],1577.1108725278075,448.1586665880958,3.03311942117004,1088.818066286546,425.3095407486937,2.691100469712633,861.2553378673425,387.086208103439,2.6324615270606078
S0_FULL,2,L1_EXTENDED,B0_REFERENCE,1.0,R2,{R2},9.23200638321643,NOT_REESTIMATED_FOR_NEW_MC,False,[5],367.1345525827392,172.6682066193111,1.4634268766833936,266.20702496648823,159.08910225904933,1.334979627670181,245.47878601235945,149.8570958758329,1.3200304407529275
S0_FULL,2,L1_EXTENDED,B2_COMMON_NODE_EQUAL_DENSITY,1.0,R2,{R2},23.448316274962902,NOT_REESTIMATED_FOR_NEW_MC,False,[5],713.0634036240283,298.1343318515852,2.039494182668871,572.778427550972,303.9055626436318,1.9680594206754196,489.9075105993954,280.4572463686689,1.966663556863082
S0_FULL,2,L1_EXTENDED,B2_COMMON_NODE_EQUAL_DENSITY,0.75,R2,{R2},32.34820925096841,NOT_REESTIMATED_FOR_NEW_MC,False,[5],1006.3461470263688,363.2469169767856,2.422881038004236,787.2264841873479,364.0107822896284,2.299764061507753,642.3570320177548,331.66257303866,2.257056701624484
S0_FULL,2,L1_EXTENDED,B2_COMMON_NODE_EQUAL_DENSITY,0.5,R2,{R2},28.45462854729277,NOT_REESTIMATED_FOR_NEW_MC,False,[5],1667.8008759826746,458.72590350056606,3.119108597537487,1195.5355873937683,442.9813261772984,2.8205874489829528,995.8322257919016,414.5266976300056,2.7995634619312826
S0_FULL,2,L2_HIGH,B0_REFERENCE,1.0,R2,{R2},12.925970576281015,NOT_REESTIMATED_FOR_NEW_MC,False,[5],292.4333932027107,129.67231615102577,1.3060863142798584,209.8740262750241,114.15117335850675,1.1762983927719115,189.78634291995743,101.22520278222574,1.1530150498046288
S0_FULL,2,L2_HIGH,B2_COMMON_NODE_EQUAL_DENSITY,1.0,R2,{R2},18.46495663650728,NOT_REESTIMATED_FOR_NEW_MC,False,[5],767.1570447569324,311.9542369077887,2.115439141427166,634.1151773194761,323.1328448896242,2.071322088251937,556.860775084799,304.6678882531169,2.1043883797226344
S0_FULL,2,L2_HIGH,B2_COMMON_NODE_EQUAL_DENSITY,0.75,R2,{R2},20.89342110480192,NOT_REESTIMATED_FOR_NEW_MC,False,[5],1134.4906153018162,385.90001435333625,2.572520538808958,919.7144947375868,393.4092222486429,2.494556451940749,797.3541387463258,372.515801143841,2.5285148228851466
S0_FULL,2,L2_HIGH,B2_COMMON_NODE_EQUAL_DENSITY,0.5,R2,{R2},38.83378577016532,NOT_REESTIMATED_FOR_NEW_MC,False,[5],1641.5117670132556,455.7230164037269,3.0944281067068475,1124.050711084731,431.3284540300161,2.733156154734653,886.2572084147066,392.4946682598508,2.6349565978461253
S0_FULL,3,L0_STAGE15_MATCHED,B0_REFERENCE,1.0,R1,{R1},-2.506500288019112,NOT_REESTIMATED_FOR_NEW_MC,False,[5],361.33218435853,169.65730514206143,1.4518164744294504,237.4854237515165,137.51134128044012,1.2581146694070091,233.02622142677689,140.01784156845923,1.2812414902526446
S0_FULL,3,L0_STAGE15_MATCHED,B2_COMMON_NODE_EQUAL_DENSITY,1.0,R2,{R2},34.58229045754791,NOT_REESTIMATED_FOR_NEW_MC,False,[5],703.354551548996,295.54328621479686,2.0255620332891504,511.2095207184174,282.4125910549138,1.8551376989019048,412.2324035933898,247.83030059736583,1.784354934431036
S0_FULL,3,L0_STAGE15_MATCHED,B2_COMMON_NODE_EQUAL_DENSITY,0.75,R2,{R2},43.50799704143145,NOT_REESTIMATED_FOR_NEW_MC,False,[5],1196.5413930979778,395.9645421485285,2.6419358041162804,889.5287978008942,387.1020260944196,2.4492365164434893,684.2160091713569,343.5940290529881,2.337605002953333
S0_FULL,3,L0_STAGE15_MATCHED,B2_COMMON_NODE_EQUAL_DENSITY,0.5,R2,{R2},36.01915424453836,NOT_REESTIMATED_FOR_NEW_MC,False,[5],1163.5360591731455,390.6779234217396,2.605243496971064,837.0032677078417,375.5987476153846,2.358907755997494,669.8362437612413,339.5795933708462,2.2901158704600104
S0_FULL,3,L1_EXTENDED,B0_REFERENCE,1.0,R2,{R2},9.18217188849701,NOT_REESTIMATED_FOR_NEW_MC,False,[5],371.5507153005672,174.92807217796062,1.4722021507206955,267.95855790767183,160.32857152827623,1.3396985021822787,247.15909662936,151.14639963977922,1.3248895256440385
S0_FULL,3,L1_EXTENDED,B2_COMMON_NODE_EQUAL_DENSITY,1.0,R2,{R2},21.693246308956248,NOT_REESTIMATED_FOR_NEW_MC,False,[5],697.1752535077628,293.8754960628265,2.016644650269836,541.5270794034792,293.3015512827885,1.9085684173667583,467.4988195364145,271.6083049738323,1.9026586651419133
S0_FULL,3,L1_EXTENDED,B2_COMMON_NODE_EQUAL_DENSITY,0.75,R2,{R2},20.3556278808822,NOT_REESTIMATED_FOR_NEW_MC,False,[5],1004.985237308848,362.9911540747928,2.42124221925474,834.8712129782184,375.1167035779976,2.3663314593796665,725.8610269218321,354.76107569711536,2.402135180022343
S0_FULL,3,L1_EXTENDED,B2_COMMON_NODE_EQUAL_DENSITY,0.5,R2,{R2},19.87658700857179,NOT_REESTIMATED_FOR_NEW_MC,False,[5],1241.1999251903344,402.8901391543757,2.6907866687910467,940.5351087026314,397.6401172425534,2.4980740395056333,819.8035039301034,377.7635302339816,2.54533196451662
S0_FULL,3,L2_HIGH,B0_REFERENCE,1.0,R2,{R2},14.648227139435534,NOT_REESTIMATED_FOR_NEW_MC,False,[5],304.6436869819219,137.40353674824064,1.3330747068567503,217.103768765249,120.55221788844204,1.1966410353907864,194.54323385022155,105.9039907490065,1.1702860581206065
S0_FULL,3,L2_HIGH,B2_COMMON_NODE_EQUAL_DENSITY,1.0,R2,{R2},14.531867056412525,NOT_REESTIMATED_FOR_NEW_MC,False,[5],732.2817948971649,303.1607989453087,2.0667955398555504,583.0975221521971,307.28025124426216,1.9806406786614477,522.8261996770962,292.74838418784964,2.018442186678635
S0_FULL,3,L2_HIGH,B2_COMMON_NODE_EQUAL_DENSITY,0.75,R2,{R2},23.93076669500812,NOT_REESTIMATED_FOR_NEW_MC,False,[5],784.6811142199533,316.2229680301607,2.139464068316268,619.2243104784527,318.64163353874017,2.039453968594768,528.2832513534132,294.71086684373205,2.04091444332902
S0_FULL,3,L2_HIGH,B2_COMMON_NODE_EQUAL_DENSITY,0.5,R2,{R2},28.617370769938876,NOT_REESTIMATED_FOR_NEW_MC,False,[5],1342.586835219474,417.7303499268506,2.798527566199816,1013.3665246065482,411.7365465159779,2.596250158734894,843.3663402552174,383.1191757460391,2.5895168522065366
S0_FULL,4,L0_STAGE15_MATCHED,B0_REFERENCE,1.0,R1,{R1},-5.043825161839081,NOT_REESTIMATED_FOR_NEW_MC,False,[5],336.4590943486984,156.17761083020366,1.4009561200720768,223.6100399295849,126.13304868115657,1.2209088208688277,222.37683072018652,131.17687384299563,1.2450184515641851
S0_FULL,4,L0_STAGE15_MATCHED,B2_COMMON_NODE_EQUAL_DENSITY,1.0,R2,{R2},33.9501726977864,NOT_REESTIMATED_FOR_NEW_MC,False,[5],879.5647279219202,337.7972701025652,2.2651256579296435,667.0096800106201,332.69132199450587,2.1133553761333244,539.6694629743645,298.74114929671947,2.0521818262709908
S0_FULL,4,L0_STAGE15_MATCHED,B2_COMMON_NODE_EQUAL_DENSITY,0.75,R2,{R2},35.117359946164186,NOT_REESTIMATED_FOR_NEW_MC,False,[5],1466.2234066561227,434.3796919632437,2.9245460967748,1126.0866564457522,431.6704720630423,2.7504327061080422,905.493826343579,396.5531121168781,2.6911561587136594
S0_FULL,4,L0_STAGE15_MATCHED,B2_COMMON_NODE_EQUAL_DENSITY,0.5,R2,{R2},33.54513378584812,NOT_REESTIMATED_FOR_NEW_MC,False,[5],1284.840676715296,409.42124779017314,2.7376822217901577,946.5831325771652,398.8515733145304,2.520352840664823,767.5120267389797,365.30643952868223,2.459441357130852
S0_FULL,4,L1_EXTENDED,B0_REFERENCE,1.0,R2,{R2},8.300690508384633,NOT_REESTIMATED_FOR_NEW_MC,False,[5],367.4278351456613,172.81912751660633,1.464011283545892,265.6372506636412,158.68414393056526,1.3336635755389132,246.1633876021132,150.38345342218062,1.3218251014230562
S0_FULL,4,L1_EXTENDED,B2_COMMON_NODE_EQUAL_DENSITY,1.0,R2,{R2},27.51540013472919,NOT_REESTIMATED_FOR_NEW_MC,False,[5],808.2796257285698,321.8231625378687,2.171396896796313,617.2436501685928,318.0361263510636,2.04143106340362,516.7000564424595,290.5207262163344,2.023449035515845
S0_FULL,4,L1_EXTENDED,B2_COMMON_NODE_EQUAL_DENSITY,0.75,R2,{R2},28.66667040876069,NOT_REESTIMATED_FOR_NEW_MC,False,[5],926.4233006393674,347.60714511084075,2.324679745770653,707.4477900019745,343.81572462445354,2.180681147614859,588.6143163878353,315.14905421569284,2.1562957562233525
S0_FULL,4,L1_EXTENDED,B2_COMMON_NODE_EQUAL_DENSITY,0.5,R2,{R2},25.028408640907003,NOT_REESTIMATED_FOR_NEW_MC,False,[5],1362.7188331219377,420.54335393437424,2.8194313599042093,984.1876468940312,406.2145934654651,2.5567845403796454,834.7847988762219,381.1861848245581,2.569020455240174
S0_FULL,4,L2_HIGH,B0_REFERENCE,1.0,R2,{R2},13.507037040129887,NOT_REESTIMATED_FOR_NEW_MC,False,[5],300.2330496595902,134.64718928659462,1.3233893819838551,215.2404644698093,118.92311466386955,1.191411593652815,194.0416582844602,105.41607762373968,1.1675528198575191
S0_FULL,4,L2_HIGH,B2_COMMON_NODE_EQUAL_DENSITY,1.0,R2,{R2},22.540770402757342,NOT_REESTIMATED_FOR_NEW_MC,False,[5],664.48179516917,284.79795129160163,1.9687924738665303,523.2492716488482,286.8122166318939,1.8777225538484357,449.6985481259046,264.27144622913653,1.8837661531997352
S0_FULL,4,L2_HIGH,B2_COMMON_NODE_EQUAL_DENSITY,0.75,R2,{R2},21.460831368302763,NOT_REESTIMATED_FOR_NEW_MC,False,[5],853.9060314920642,332.2017354619429,2.231841956106445,683.1220816785112,337.20256834982,2.1451763377330804,590.4630419359382,315.74173698151725,2.1671919896700893
S0_FULL,4,L2_HIGH,B2_COMMON_NODE_EQUAL_DENSITY,0.5,R2,{R2},26.614957864981022,NOT_REESTIMATED_FOR_NEW_MC,False,[5],1456.895893908724,433.1735106812736,2.9152288728561646,1096.9120234212266,426.70931549506224,2.7052166126738464,922.6197779610964,400.0943576300812,2.701049123494185
S1_DROP_TOP1,0,L0_STAGE15_MATCHED,B0_REFERENCE,1.0,R1,{R1},-19.97965111591344,NOT_REESTIMATED_FOR_NEW_MC,False,[5],401.80923226234006,189.72527144114912,1.5309758940613611,264.0235247553241,157.53248175533037,1.340468222814607,284.1588688771743,177.5121328712438,1.5368385815973942
S1_DROP_TOP1,0,L0_STAGE15_MATCHED,B2_COMMON_NODE_EQUAL_DENSITY,1.0,R2,{R2},26.874085820373608,NOT_REESTIMATED_FOR_NEW_MC,False,[5],610.2210783914932,268.69776584324075,1.8866963076456449,465.2959472881346,264.6265800711668,1.766173950552044,390.827212286609,237.7524942507932,1.7178221703201009
S1_DROP_TOP1,0,L0_STAGE15_MATCHED,B2_COMMON_NODE_EQUAL_DENSITY,0.75,R2,{R2},29.214491653786663,NOT_REESTIMATED_FOR_NEW_MC,False,[5],565.4661017848404,254.3014534328554,1.8161916915379743,425.6752486709576,247.80616210881752,1.6841714785698234,353.14739872947683,218.59167045503085,1.616039750465612
S1_DROP_TOP1,0,L0_STAGE15_MATCHED,B2_COMMON_NODE_EQUAL_DENSITY,0.5,R2,{R2},15.560258859164833,NOT_REESTIMATED_FOR_NEW_MC,False,[5],679.6846154140843,289.07339744627365,1.991187314957793,559.2482582901628,299.38742927846585,1.9527698030885483,498.72104201308434,283.827170419301,1.979627872889348
S1_DROP_TOP1,0,L1_EXTENDED,B0_REFERENCE,1.0,R1,{R1},-19.9035064831852,NOT_REESTIMATED_FOR_NEW_MC,False,[14],413.1388485601189,194.9806625467257,1.5524099383219283,292.8603054530062,177.12375190673993,1.4159164647008455,315.067881232402,197.02725838992512,1.6717970178564197
S1_DROP_TOP1,0,L1_EXTENDED,B2_COMMON_NODE_EQUAL_DENSITY,1.0,R0,{R0},6.927780298059702,NOT_REESTIMATED_FOR_NEW_MC,False,[5],652.5592589113126,281.3760064682577,1.9510498909517044,569.0036575765238,302.6558773775624,1.9599183252531136,531.1342272530761,295.7280970795027,2.033219554450617
S1_DROP_TOP1,0,L1_EXTENDED,B2_COMMON_NODE_EQUAL_DENSITY,0.75,R0,{R0},12.19971178567272,NOT_REESTIMATED_FOR_NEW_MC,False,[5],874.306391738829,336.66397301449155,2.25834466334891,766.4652211454173,358.9594426032064,2.26417165173073,695.7729705858708,346.7597308175337,2.3097302514276854
S1_DROP_TOP1,0,L1_EXTENDED,B2_COMMON_NODE_EQUAL_DENSITY,0.5,R0,{R0},10.110874635281393,NOT_REESTIMATED_FOR_NEW_MC,False,[5],883.425912678839,338.6251418666809,2.2700920298437013,741.0061808334343,352.574955087067,2.2341626331534346,680.1375836638817,342.4640804517856,2.298749506886649
S1_DROP_TOP1,0,L2_HIGH,B0_REFERENCE,1.0,R1,{R1},-11.493677527206016,NOT_REESTIMATED_FOR_NEW_MC,False,[14],429.4745633447051,202.30985277418333,1.5828039316913027,278.1615788448005,167.39146936685376,1.3810942234692327,286.23069274587414,178.88514689405977,1.4713482076184548
S1_DROP_TOP1,0,L2_HIGH,B2_COMMON_NODE_EQUAL_DENSITY,1.0,R0,{R0},-0.7717561827298027,NOT_REESTIMATED_FOR_NEW_MC,True,[5],607.5206925614663,267.859535980996,1.8825171198713049,510.4129444019081,282.1178580014222,1.849725957676116,496.2532049862005,282.889614184152,1.951293536144439
S1_DROP_TOP1,0,L2_HIGH,B2_COMMON_NODE_EQUAL_DENSITY,0.75,R0,{R0},2.463901100558303,NOT_REESTIMATED_FOR_NEW_MC,False,[5],580.667350793318,259.3151881567913,1.840441852643278,499.0639453437342,277.86803074961585,1.8204330667758777,476.98285751082136,275.40412964905755,1.9215041113041396
S1_DROP_TOP1,0,L2_HIGH,B2_COMMON_NODE_EQUAL_DENSITY,0.5,R2,{R2},16.16888246618521,NOT_REESTIMATED_FOR_NEW_MC,False,[5],891.8977870914914,340.4289778865541,2.280950918228412,720.8330899978401,347.35829919913607,2.204524451099567,640.7509201093627,331.18941673295086,2.214809087179423
S1_DROP_TOP1,1,L0_STAGE15_MATCHED,B0_REFERENCE,1.0,R1,{R1},-21.5405809232403,NOT_REESTIMATED_FOR_NEW_MC,False,[12],391.3300892831499,184.73075603765568,1.5108801587656473,259.0095819651758,153.90875620153318,1.330026206099872,281.0743474477489,175.44933712477348,1.5511948940813305
S1_DROP_TOP1,1,L0_STAGE15_MATCHED,B2_COMMON_NODE_EQUAL_DENSITY,1.0,R2,{R2},18.98443930649779,NOT_REESTIMATED_FOR_NEW_MC,False,[5],774.7514465411734,313.81602514238944,2.125884154453588,612.4770153228538,316.5709179942296,2.025221525429557,536.3824743996008,297.5864786877318,2.0315873798923123
S1_DROP_TOP1,1,L0_STAGE15_MATCHED,B2_COMMON_NODE_EQUAL_DENSITY,0.75,R2,{R2},26.82530360539039,NOT_REESTIMATED_FOR_NEW_MC,False,[5],702.3436763158428,295.27145624700853,2.02410592077319,560.8626171010561,299.93222182217403,1.9332227974738292,471.2204325844133,273.10691821678364,1.9061480447618653
S1_DROP_TOP1,1,L0_STAGE15_MATCHED,B2_COMMON_NODE_EQUAL_DENSITY,0.5,R2,{R2},17.42355482519173,NOT_REESTIMATED_FOR_NEW_MC,False,[5],1075.418314885639,375.7934213435929,2.504650375501451,895.9202845867449,388.4551827590375,2.4728435019157047,791.1172220176775,371.03162793384575,2.508475173518541
S1_DROP_TOP1,1,L1_EXTENDED,B0_REFERENCE,1.0,R1,{R1},-19.166062811240693,NOT_REESTIMATED_FOR_NEW_MC,False,[6],422.110537315943,199.0410412085593,1.569175410104407,297.9607327590251,180.38702334227435,1.4278336906061422,319.30676282204576,199.55308615351504,1.6858789982688935
S1_DROP_TOP1,1,L1_EXTENDED,B2_COMMON_NODE_EQUAL_DENSITY,1.0,R0,{R0},10.507626449908855,NOT_REESTIMATED_FOR_NEW_MC,False,[5],636.543951504039,276.67964264031417,1.926959535236853,550.151925893128,296.2880150618203,1.9319273011588096,503.9017926258514,285.78038861191146,1.983615213725903
S1_DROP_TOP1,1,L1_EXTENDED,B2_COMMON_NODE_EQUAL_DENSITY,0.75,R0,{R0},6.268075531647185,NOT_REESTIMATED_FOR_NEW_MC,False,[5],619.0151664076553,271.4020645470593,1.900242564528186,557.7586394852206,298.88333548711296,1.932442628475231,522.4580709458885,292.6152599554658,2.020635134120472
S1_DROP_TOP1,1,L1_EXTENDED,B2_COMMON_NODE_EQUAL_DENSITY,0.5,R0,{R0},8.394924082673981,NOT_REESTIMATED_FOR_NEW_MC,False,[5],966.6062581503402,355.6320804746603,2.3745602763200147,832.5609238907065,374.5929702190247,2.368428219411727,771.1413149456898,366.1980461363507,2.446400241264092
S1_DROP_TOP1,1,L2_HIGH,B0_REFERENCE,1.0,R1,{R1},-14.039653557502277,NOT_REESTIMATED_FOR_NEW_MC,False,[14],440.6737855988248,207.17516084289772,1.603308168338143,283.4876497647306,170.97611803399292,1.3935585964487651,295.66742881967497,185.0157715914952,1.5141318667119998
S1_DROP_TOP1,1,L2_HIGH,B2_COMMON_NODE_EQUAL_DENSITY,1.0,R0,{R0},5.053987140702816,NOT_REESTIMATED_FOR_NEW_MC,False,[5],553.455115329595,250.243681351082,1.796799424742776,463.51515056908994,263.90184499191025,1.7699605871639448,436.9772920304291,258.84785785120744,1.8350439658851856
S1_DROP_TOP1,1,L2_HIGH,B2_COMMON_NODE_EQUAL_DENSITY,0.75,R0,{R0},6.524573237792765,NOT_REESTIMATED_FOR_NEW_MC,False,[5],643.3610479664546,278.6929849054898,1.9372504862487412,547.4056872983334,295.3422056184488,1.910357362432863,512.0649467079957,288.817632380656,1.9823656210338023
S1_DROP_TOP1,1,L2_HIGH,B2_COMMON_NODE_EQUAL_DENSITY,0.5,R2,{R2},16.001737290787787,NOT_REESTIMATED_FOR_NEW_MC,False,[5],829.4318443236721,326.705575229978,2.199625519314917,673.9539827629493,334.6488470033729,2.132310260775186,599.6099667519276,318.6471097125851,2.1414450458076817
S1_DROP_TOP1,2,L0_STAGE15_MATCHED,B0_REFERENCE,1.0,R1,{R1},-22.25307051471782,NOT_REESTIMATED_FOR_NEW_MC,False,[12],416.0206991768497,196.2944554380145,1.557814947888534,272.1509461641888,163.26270724862684,1.3628312788050152,296.45066301996235,185.51577776334463,1.6128199772321152
S1_DROP_TOP1,2,L0_STAGE15_MATCHED,B2_COMMON_NODE_EQUAL_DENSITY,1.0,R2,{R2},22.85224948503435,NOT_REESTIMATED_FOR_NEW_MC,False,[5],621.705643186632,272.2217508202914,1.9043676777140544,484.9444049789104,272.4437347062926,1.80680766058466,416.0917188098093,249.59148522125827,1.772919706330073
S1_DROP_TOP1,2,L0_STAGE15_MATCHED,B2_COMMON_NODE_EQUAL_DENSITY,0.75,R2,{R2},29.802778938627284,NOT_REESTIMATED_FOR_NEW_MC,False,[5],625.2357881473793,273.2918879787973,1.909766677946038,469.24157769594206,266.2225108029579,1.769342051369671,388.0809287648374,236.41973186433063,1.710227185310308
S1_DROP_TOP1,2,L0_STAGE15_MATCHED,B2_COMMON_NODE_EQUAL_DENSITY,0.5,R2,{R2},20.094455996282534,NOT_REESTIMATED_FOR_NEW_MC,False,[5],1187.3664273812424,394.5097232435041,2.631787255787198,985.3391656307696,406.43559788607854,2.592206173010498,857.8668241602444,386.341141889796,2.598750528571156
S1_DROP_TOP1,2,L1_EXTENDED,B0_REFERENCE,1.0,R1,{R1},-18.623544598710964,NOT_REESTIMATED_FOR_NEW_MC,False,[6],417.50983621203295,196.969768907972,1.5606005397186662,295.4061717331016,178.75964907112632,1.4214726551649044,315.66179360544623,197.38319366983728,1.6475928087206826
S1_DROP_TOP1,2,L1_EXTENDED,B2_COMMON_NODE_EQUAL_DENSITY,1.0,R2,{R2},13.512484876582675,NOT_REESTIMATED_FOR_NEW_MC,False,[5],575.493800872683,257.6237155450191,1.8322246510068891,469.7455984835875,266.4254101405217,1.7784921439206136,423.4686437874321,252.91292526393903,1.805242242170343
S1_DROP_TOP1,2,L1_EXTENDED,B2_COMMON_NODE_EQUAL_DENSITY,0.75,R0,{R0},8.020963096656715,NOT_REESTIMATED_FOR_NEW_MC,False,[5],521.3900578959426,238.9637411685816,1.7439730515099707,465.6336544883642,264.7637046475503,1.764115003263406,432.1371647939399,256.7427415508936,1.8317038002049784
S1_DROP_TOP1,2,L1_EXTENDED,B2_COMMON_NODE_EQUAL_DENSITY,0.5,R0,"{R0,R2}",14.301536200991508,NOT_REESTIMATED_FOR_NEW_MC,False,[5],1405.561290032065,426.3938246609972,2.8634083755529955,1188.7610995848572,441.9073141649759,2.839604806605906,1067.1857033325514,427.6057779639844,2.899264659623967
S1_DROP_TOP1,2,L2_HIGH,B0_REFERENCE,1.0,R1,{R1},-14.970077362032242,NOT_REESTIMATED_FOR_NEW_MC,False,[14],443.8875361810725,208.548500412765,1.609143859652162,285.1556357678012,172.08489841266018,1.3975517196230678,298.8747865215853,187.0549757746924,1.524502530798914
S1_DROP_TOP1,2,L2_HIGH,B2_COMMON_NODE_EQUAL_DENSITY,1.0,R0,{R0},6.674153393868295,NOT_REESTIMATED_FOR_NEW_MC,False,[5],534.7117230350887,243.7320851055221,1.7661120343015286,444.802939404349,256.11358581816256,1.7309757849828808,415.7571025846186,249.43943242429427,1.791376550757666
S1_DROP_TOP1,2,L2_HIGH,B2_COMMON_NODE_EQUAL_DENSITY,0.75,R0,{R0},4.072642228630514,NOT_REESTIMATED_FOR_NEW_MC,False,[5],522.577645738367,239.39374335783825,1.745958075138253,442.41100138119407,255.0944914128558,1.71583162050301,419.2526733396214,251.0218491842253,1.7876899180053925
S1_DROP_TOP1,2,L2_HIGH,B2_COMMON_NODE_EQUAL_DENSITY,0.5,R2,{R2},18.53272658303888,NOT_REESTIMATED_FOR_NEW_MC,False,[5],853.3155022587254,332.0709849678262,2.231070093738853,677.5439397737723,335.652923235433,2.133715458414025,594.7852900395653,317.1201966523941,2.127840952001882
S1_DROP_TOP1,3,L0_STAGE15_MATCHED,B0_REFERENCE,1.0,R1,{R1},-23.026772311612177,NOT_REESTIMATED_FOR_NEW_MC,False,[5],381.8272953250254,180.08456486972904,1.4924228252730465,250.21484782207628,147.37972910092185,1.305543445025175,273.67398044676673,170.40650141253403,1.548407206839029
S1_DROP_TOP1,3,L0_STAGE15_MATCHED,B2_COMMON_NODE_EQUAL_DENSITY,1.0,R2,{R2},31.75720046405669,NOT_REESTIMATED_FOR_NEW_MC,False,[5],555.586675905751,250.97019219700763,1.800256169581674,403.2416577455843,237.5735699514697,1.6435461985745636,330.0655743611688,205.81636948741303,1.5606982613394398
S1_DROP_TOP1,3,L0_STAGE15_MATCHED,B2_COMMON_NODE_EQUAL_DENSITY,0.75,R2,{R2},33.723568261803166,NOT_REESTIMATED_FOR_NEW_MC,False,[5],523.1525523956689,239.6015548361161,1.7469182071030307,403.3485653248943,237.62367106112856,1.6373308461653575,326.7359550235765,203.9001027993254,1.5739492878660997
S1_DROP_TOP1,3,L0_STAGE15_MATCHED,B2_COMMON_NODE_EQUAL_DENSITY,0.5,R2,{R2},15.25430972937437,NOT_REESTIMATED_FOR_NEW_MC,False,[5],1061.5894553502749,373.3472992730574,2.4884945561945555,885.0755319828787,386.1534552020482,2.4580987025293584,790.562870528611,370.89914547267387,2.4874493534864683
S1_DROP_TOP1,3,L1_EXTENDED,B0_REFERENCE,1.0,R1,{R1},-17.682180013895902,NOT_REESTIMATED_FOR_NEW_MC,False,[5],430.6339875471292,202.8193961492809,1.5849389874770952,300.1503297432706,181.7708321520251,1.4324800997627103,319.13773719907783,199.453012165921,1.6412720354994734
S1_DROP_TOP1,3,L1_EXTENDED,B2_COMMON_NODE_EQUAL_DENSITY,1.0,R0,{R0},8.297990353613045,NOT_REESTIMATED_FOR_NEW_MC,False,[5],666.8880768930325,285.4811389625209,1.9723540373225816,574.0097698001765,304.31143318724725,1.972041909185636,531.9367212315706,296.0134428336342,2.024242268022509
S1_DROP_TOP1,3,L1_EXTENDED,B2_COMMON_NODE_EQUAL_DENSITY,0.75,R0,{R0},9.866321121402564,NOT_REESTIMATED_FOR_NEW_MC,False,[5],596.3740938275384,264.35961657473433,1.865167252731144,532.30243000153,290.0542916200826,1.8868479067988184,489.2100167385579,280.18797049868004,1.9410136196315635
S1_DROP_TOP1,3,L1_EXTENDED,B2_COMMON_NODE_EQUAL_DENSITY,0.5,R0,{R0},12.237446904682145,NOT_REESTIMATED_FOR_NEW_MC,False,[5],863.5090109972792,334.3153562198968,2.2443564550855397,733.308464688671,350.6013172663561,2.235903960895876,665.5414190179034,338.36387036167395,2.281906972328079
S1_DROP_TOP1,3,L2_HIGH,B0_REFERENCE,1.0,R1,{R1},-14.799911118536926,NOT_REESTIMATED_FOR_NEW_MC,False,[14],452.832729070329,212.31934758405384,1.62527666965051,292.8576177198087,177.12201734628263,1.4162086135547325,306.67108348493605,191.9219284648196,1.5380049958777595
S1_DROP_TOP1,3,L2_HIGH,B2_COMMON_NODE_EQUAL_DENSITY,1.0,R0,{R0},1.9107197456469864,NOT_REESTIMATED_FOR_NEW_MC,True,[5],577.8892865726307,258.40879285924314,1.836033997054615,497.6343234663017,277.3258431516417,1.833208043829885,477.0106034690932,275.41512340599473,1.9218478581649605
S1_DROP_TOP1,3,L2_HIGH,B2_COMMON_NODE_EQUAL_DENSITY,0.75,R0,{R0},5.707788425779796,NOT_REESTIMATED_FOR_NEW_MC,False,[5],502.0865416021009,231.83353949883565,1.7113848659333144,425.2978157267884,247.63850737540685,1.6810826092574478,399.56344315420006,241.93071894962705,1.748715571525529
S1_DROP_TOP1,3,L2_HIGH,B2_COMMON_NODE_EQUAL_DENSITY,0.5,R2,{R2},16.819724644693395,NOT_REESTIMATED_FOR_NEW_MC,False,[5],861.9914311814997,333.98290465729417,2.2423834080189646,707.1544715119121,343.7373461333052,2.190587124675955,626.4310484826156,326.9176214886118,2.2024835707614807
S1_DROP_TOP1,4,L0_STAGE15_MATCHED,B0_REFERENCE,1.0,R1,{R1},-20.911687789057453,NOT_REESTIMATED_FOR_NEW_MC,False,[12],391.9708599457391,185.0399748184135,1.5121166234840524,257.73375449999503,152.97548096072524,1.32605335780253,278.7607187264244,173.8871687497827,1.5354652263271706
S1_DROP_TOP1,4,L0_STAGE15_MATCHED,B2_COMMON_NODE_EQUAL_DENSITY,1.0,R2,{R2},30.132323677985624,NOT_REESTIMATED_FOR_NEW_MC,False,[5],629.9481927995876,274.711040353936,1.91695012750226,467.7419526609308,265.6175281870634,1.7694541567797843,386.1667642814651,235.48520450907776,1.7160512886273465
S1_DROP_TOP1,4,L0_STAGE15_MATCHED,B2_COMMON_NODE_EQUAL_DENSITY,0.75,R2,{R2},29.78622925398804,NOT_REESTIMATED_FOR_NEW_MC,False,[5],770.5036215134387,312.7769203769398,2.120048220873382,597.1510322030383,311.7814030239095,1.9935526235750567,493.9102405696245,281.99517376992145,1.948927865810748
S1_DROP_TOP1,4,L0_STAGE15_MATCHED,B2_COMMON_NODE_EQUAL_DENSITY,0.5,R2,{R2},14.599993262602196,NOT_REESTIMATED_FOR_NEW_MC,False,[5],1009.8979483408972,363.912799787676,2.4271529340612017,816.3925218410652,370.8864666387807,2.354405440418226,731.7430741267486,356.2864733761785,2.390943687457051
S1_DROP_TOP1,4,L1_EXTENDED,B0_REFERENCE,1.0,R1,{R1},-18.373817819449783,NOT_REESTIMATED_FOR_NEW_MC,False,[14],409.5377601989479,193.3260389923322,1.545629408308213,287.7617158584045,173.80435247687518,1.4042646874912352,307.08714302983907,192.17817029632496,1.6557613491883645
S1_DROP_TOP1,4,L1_EXTENDED,B2_COMMON_NODE_EQUAL_DENSITY,1.0,R0,{R0},9.255141966199574,NOT_REESTIMATED_FOR_NEW_MC,False,[5],623.7509700844788,272.842514525888,1.9074976606781968,535.9517202740342,291.34559209257594,1.9049291149527363,494.15928729593554,282.0904501263764,1.9577986727409196
S1_DROP_TOP1,4,L1_EXTENDED,B2_COMMON_NODE_EQUAL_DENSITY,0.75,R0,{R0},17.453197195667485,NOT_REESTIMATED_FOR_NEW_MC,False,[5],610.5587205264793,268.80231273236217,1.8872182005280849,529.9595375329674,289.22058504277834,1.88292621348773,467.89248283598016,271.76738784711085,1.9001121415239248
S1_DROP_TOP1,4,L1_EXTENDED,B2_COMMON_NODE_EQUAL_DENSITY,0.5,R0,{R0},10.268482975571317,NOT_REESTIMATED_FOR_NEW_MC,False,[5],1064.934524622586,373.941902127175,2.492412096804703,917.007524440598,392.8521235138125,2.490658947224801,840.9800276134131,382.5836405382411,2.5649604775299326
S1_DROP_TOP1,4,L2_HIGH,B0_REFERENCE,1.0,R1,{R1},-13.8504222544382,NOT_REESTIMATED_FOR_NEW_MC,False,[14],445.2784748268479,209.13981320527807,1.6116630447532383,287.16028651110213,173.40892427048823,1.4028107733494386,299.19814260971066,187.25934652492643,1.5249355493068262
S1_DROP_TOP1,4,L2_HIGH,B2_COMMON_NODE_EQUAL_DENSITY,1.0,R0,{R0},1.7500740205235277,NOT_REESTIMATED_FOR_NEW_MC,True,[5],664.5306760101041,284.811854063985,1.9688648870332048,582.4467202837369,307.0691883580266,1.9833888061282727,558.7828266602559,305.3191143375031,2.095274299314505
S1_DROP_TOP1,4,L2_HIGH,B2_COMMON_NODE_EQUAL_DENSITY,0.75,R0,{R0},4.896653053724805,NOT_REESTIMATED_FOR_NEW_MC,False,[5],457.8231055339999,214.3908010514695,1.634207692516978,379.6103187862741,226.1597126145201,1.5911379440895697,358.1743445521626,221.2630595607953,1.6436884264301943
S1_DROP_TOP1,4,L2_HIGH,B2_COMMON_NODE_EQUAL_DENSITY,0.5,R2,{R2},16.021150461335935,NOT_REESTIMATED_FOR_NEW_MC,False,[5],945.5239663376988,351.4642528119277,2.3485221885907834,777.1857890749989,361.58467317937016,2.2863692342181072,691.3832299951072,345.5635227180342,2.3084403387863364
S2_DROP_TOP5,0,L0_STAGE15_MATCHED,B0_REFERENCE,1.0,R0,{R0},8.188022868262692,NOT_REESTIMATED_FOR_NEW_MC,False,[5],342.55964067934025,159.57378893685237,1.4135998622769756,309.96119298365875,187.8497634057588,1.4560322565829753,287.4092231308238,179.6617405374961,1.4411559605414872
S2_DROP_TOP5,0,L0_STAGE15_MATCHED,B2_COMMON_NODE_EQUAL_DENSITY,1.0,R0,{R0},-10.470468569231857,NOT_REESTIMATED_FOR_NEW_MC,False,[5],376.8734679268927,177.6164332184673,1.4827098714539115,316.89955591384887,192.03379997616796,1.4646016177402403,324.33177906011167,202.50426854539975,1.5763147503426558
S2_DROP_TOP5,0,L0_STAGE15_MATCHED,B2_COMMON_NODE_EQUAL_DENSITY,0.75,R0,"{R0,R1,R2}",-0.232797952175872,NOT_REESTIMATED_FOR_NEW_MC,True,[5],335.8818457511736,155.85307306898056,1.3997538236710931,262.7876825077184,156.64573291609574,1.3292543668485637,254.76995018703408,156.8785308682716,1.3190194042167878
S2_DROP_TOP5,0,L0_STAGE15_MATCHED,B2_COMMON_NODE_EQUAL_DENSITY,0.5,R0,{R0},14.704472390774129,NOT_REESTIMATED_FOR_NEW_MC,False,[5],1037.2886390564136,368.9706186715955,2.4598476364392465,943.4897917241742,398.23292846152526,2.5567685811695298,845.194632618194,383.52845607075113,2.571877319303871
S2_DROP_TOP5,0,L1_EXTENDED,B0_REFERENCE,1.0,R0,{R0},-3.873356629939906,NOT_REESTIMATED_FOR_NEW_MC,False,[15],623.2858931115798,272.7015410638399,1.9067864003302035,583.5310418488834,307.42071621995944,2.004132377965785,576.7301223226136,311.2940728498993,2.0982876106938053
S2_DROP_TOP5,0,L1_EXTENDED,B2_COMMON_NODE_EQUAL_DENSITY,1.0,R0,{R0},5.082064172790126,NOT_REESTIMATED_FOR_NEW_MC,False,[5],595.9775581159782,264.2339065929086,1.8645470644841708,556.9587565574809,298.61209561981264,1.9415466870192837,524.9929292613851,293.5300314470225,2.000671910011541
S2_DROP_TOP5,0,L1_EXTENDED,B2_COMMON_NODE_EQUAL_DENSITY,0.75,R0,{R0},-3.94834983595112,NOT_REESTIMATED_FOR_NEW_MC,False,[5],395.2035287165273,186.5923064012544,1.5183391971206814,349.059439492393,210.30204027553955,1.535540294901838,345.1281483832664,214.25039011149065,1.6100530223389529
S2_DROP_TOP5,0,L1_EXTENDED,B2_COMMON_NODE_EQUAL_DENSITY,0.5,R0,{R0},10.634387585471188,NOT_REESTIMATED_FOR_NEW_MC,False,[5],862.9137514445842,334.1850242266387,2.243582748661927,798.5128724142916,366.701216107716,2.3425992599156875,730.8931786507108,356.06682852224475,2.379722123017876
S2_DROP_TOP5,0,L2_HIGH,B0_REFERENCE,1.0,R2,"{R0,R2}",17.28590498931075,NOT_REESTIMATED_FOR_NEW_MC,False,[5],450.3682912844923,211.2879495077791,1.6208480390913285,382.72452234644766,227.7038837981864,1.6144285961722924,338.2003543350819,210.41797880887563,1.5793771137229935
S2_DROP_TOP5,0,L2_HIGH,B2_COMMON_NODE_EQUAL_DENSITY,1.0,R0,{R0},-2.9547780386976115,NOT_REESTIMATED_FOR_NEW_MC,False,[5],384.1069308569994,181.2096024330536,1.4968713249082224,342.87851740953744,206.92536369559943,1.5141657363978156,337.2393060656286,209.88014173429704,1.6500902005133136
S2_DROP_TOP5,0,L2_HIGH,B2_COMMON_NODE_EQUAL_DENSITY,0.75,R0,{R0},-4.974717698808973,NOT_REESTIMATED_FOR_NEW_MC,False,[6],367.1645600127086,172.68365374207093,1.4634866814360834,320.7531978044376,194.31826336305323,1.4689260179164143,318.8676295347027,199.2929810618622,1.576800038346648
S2_DROP_TOP5,0,L2_HIGH,B2_COMMON_NODE_EQUAL_DENSITY,0.5,R0,{R0},17.09476786385278,NOT_REESTIMATED_FOR_NEW_MC,False,[5],826.0848998628727,325.9413747262511,2.195183040781207,727.1030647872999,348.9951567889127,2.242805699560405,643.1658090378517,331.90038892506,2.2222947227174816
S2_DROP_TOP5,1,L0_STAGE15_MATCHED,B0_REFERENCE,1.0,R0,{R0},10.020895768525207,NOT_REESTIMATED_FOR_NEW_MC,False,[5],450.25316842180007,211.2396312694497,1.620640865766945,414.9852842403797,242.99919875350963,1.685095783894092,381.0784573595147,232.9783029849844,1.6579892914838916
S2_DROP_TOP5,1,L0_STAGE15_MATCHED,B2_COMMON_NODE_EQUAL_DENSITY,1.0,R0,{R0},-6.417099472341391,NOT_REESTIMATED_FOR_NEW_MC,False,[5],491.34172114002894,227.74496997029547,1.692973726902902,400.15570025445015,236.12161388388495,1.6531418251758854,400.8508690937197,242.5387133562264,1.6824211563780025
S2_DROP_TOP5,1,L0_STAGE15_MATCHED,B2_COMMON_NODE_EQUAL_DENSITY,0.75,R2,{R2},25.0286817125795,NOT_REESTIMATED_FOR_NEW_MC,False,[5],403.5261329404957,190.53113377827145,1.5342432799764487,310.78183154703333,188.34948961357048,1.4525817934164047,263.60376979145383,163.320807900991,1.3355135415800614
S2_DROP_TOP5,1,L0_STAGE15_MATCHED,B2_COMMON_NODE_EQUAL_DENSITY,0.5,R2,{R2},28.48497460823188,NOT_REESTIMATED_FOR_NEW_MC,False,[5],639.3873795456242,277.5220214994598,1.931258582897728,563.6663023232041,300.874656642299,1.965536522064866,469.43558675667714,272.3896820340671,1.8746708275739956
S2_DROP_TOP5,1,L1_EXTENDED,B0_REFERENCE,1.0,R0,{R0},-5.561145293612242,NOT_REESTIMATED_FOR_NEW_MC,False,[15],494.52088787882985,228.96393210751427,1.6984419858485522,456.083481987891,260.8469993432045,1.770312168684418,454.81136374572736,266.4081446368168,1.8996819880877984
S2_DROP_TOP5,1,L1_EXTENDED,B2_COMMON_NODE_EQUAL_DENSITY,1.0,R0,{R0},6.424444416220581,NOT_REESTIMATED_FOR_NEW_MC,False,[5],526.9628836767325,240.97312932764305,1.75326842063072,462.7568950082496,263.5924103421334,1.7721772825054196,433.1105093608182,257.1679659259128,1.7950911417873738
S2_DROP_TOP5,1,L1_EXTENDED,B2_COMMON_NODE_EQUAL_DENSITY,0.75,R0,{R0},13.268664454385032,NOT_REESTIMATED_FOR_NEW_MC,False,[5],760.0234088311396,310.1885424962961,2.1055806526581486,696.8639166320334,340.96679880078545,2.190540745015677,629.0233683823545,327.6981343464004,2.2052786057275027
S2_DROP_TOP5,1,L1_EXTENDED,B2_COMMON_NODE_EQUAL_DENSITY,0.5,R0,{R0},9.155547115319736,NOT_REESTIMATED_FOR_NEW_MC,False,[5],806.1315659445845,321.32021317670484,2.1685096575013776,732.8644371683581,350.4868407216068,2.2451124529040167,676.0733157602617,341.33129360628703,2.2844133971511043
S2_DROP_TOP5,1,L2_HIGH,B0_REFERENCE,1.0,R0,"{R0,R2}",15.14188550610828,NOT_REESTIMATED_FOR_NEW_MC,False,[5],439.4308285118209,206.64131738414784,1.601045439596356,373.2614907566682,222.9720333128224,1.593669491152219,333.60119634624664,207.83014780671408,1.5727430852334534
S2_DROP_TOP5,1,L2_HIGH,B2_COMMON_NODE_EQUAL_DENSITY,1.0,R0,{R0},-8.816176429556947,NOT_REESTIMATED_FOR_NEW_MC,False,[5],450.3702134064323,211.2887561371055,1.620851497887511,378.01020712602576,225.36136689101215,1.5944234235302648,383.5041590450276,234.17754332056916,1.714746241044831
S2_DROP_TOP5,1,L2_HIGH,B2_COMMON_NODE_EQUAL_DENSITY,0.75,R0,{R0},4.979310018162266,NOT_REESTIMATED_FOR_NEW_MC,False,[5],697.4733431679633,293.9562890981045,2.017075730311859,653.6202083747585,328.85876167360027,2.12126859520553,616.4416909353777,323.879451655438,2.1892887692891323
S2_DROP_TOP5,1,L2_HIGH,B2_COMMON_NODE_EQUAL_DENSITY,0.5,R0,{R0},16.36947159747666,NOT_REESTIMATED_FOR_NEW_MC,False,[5],714.4493497517021,298.5013252809815,2.041475252577148,629.7599912033006,321.8302899308905,2.0838253683058867,559.201934863044,305.46081833341384,2.053961828774524
S2_DROP_TOP5,2,L0_STAGE15_MATCHED,B0_REFERENCE,1.0,R0,{R0},10.999258146276048,NOT_REESTIMATED_FOR_NEW_MC,False,[5],376.5153116376188,177.43673438140388,1.482005167968759,342.6538175789073,206.801465033662,1.5320490863663905,313.0322929567092,195.80220688738592,1.5052854968984184
S2_DROP_TOP5,2,L0_STAGE15_MATCHED,B2_COMMON_NODE_EQUAL_DENSITY,1.0,R0,{R0},7.12281546438777,NOT_REESTIMATED_FOR_NEW_MC,False,[5],519.4041371625334,238.24248527398504,1.7406485764741384,445.75246536517545,256.5166162722811,1.742936146493392,415.65673550222266,249.3938008078933,1.7234746188525911
S2_DROP_TOP5,2,L0_STAGE15_MATCHED,B2_COMMON_NODE_EQUAL_DENSITY,0.75,R0,{R0},10.534687034725437,NOT_REESTIMATED_FOR_NEW_MC,False,[5],922.1952271314832,346.7425997496614,2.3193689137924967,873.7421849740631,383.7176914372711,2.469127346300442,800.1739133900672,373.1830044025457,2.4729879816116065
S2_DROP_TOP5,2,L0_STAGE15_MATCHED,B2_COMMON_NODE_EQUAL_DENSITY,0.5,R0,{R0},20.014202719798902,NOT_REESTIMATED_FOR_NEW_MC,False,[5],843.5740407791708,329.9009480866491,2.218298575758419,764.7822591598137,358.5439905649856,2.2971555459844284,666.1259345787379,338.5297878451867,2.258537129080405
S2_DROP_TOP5,2,L1_EXTENDED,B0_REFERENCE,1.0,R0,{R0},-5.471577001122455,NOT_REESTIMATED_FOR_NEW_MC,False,[15],505.8070979403237,233.2289016965148,1.7177140054886575,467.4290129098118,265.49103663130154,1.7926157930348765,465.90440209710016,270.962613632424,1.9259220640473536
S2_DROP_TOP5,2,L1_EXTENDED,B2_COMMON_NODE_EQUAL_DENSITY,1.0,R0,{R0},13.387508666332453,NOT_REESTIMATED_FOR_NEW_MC,False,[5],768.7339963638145,312.34234250962123,2.1176122509693758,725.0955877056132,348.47262027578824,2.2328242646326864,654.0952240852193,335.0851116094558,2.2567428265059446
S2_DROP_TOP5,2,L1_EXTENDED,B2_COMMON_NODE_EQUAL_DENSITY,0.75,R0,{R0},6.718138537509447,NOT_REESTIMATED_FOR_NEW_MC,False,[5],734.4000130179741,303.70671626836554,2.069782615623724,672.359932315168,334.2012906466556,2.150542242378173,628.3082785905751,327.48315210914615,2.2056249437844624
S2_DROP_TOP5,2,L1_EXTENDED,B2_COMMON_NODE_EQUAL_DENSITY,0.5,R0,{R0},11.519787123668776,NOT_REESTIMATED_FOR_NEW_MC,False,[5],1276.2763623727042,408.1572200870656,2.7285427332505,1156.1690864609886,436.6531814668881,2.8289454625484063,1053.3163388981525,425.1333943432193,2.8778328935441104
S2_DROP_TOP5,2,L2_HIGH,B0_REFERENCE,1.0,R0,"{R0,R2}",15.4802860640051,NOT_REESTIMATED_FOR_NEW_MC,False,[5],438.7175155982013,206.3342709238778,1.59974545089404,372.2531288004445,222.46076090864403,1.5915562054524206,332.1048168556087,206.98047484463893,1.5668972613191463
S2_DROP_TOP5,2,L2_HIGH,B2_COMMON_NODE_EQUAL_DENSITY,1.0,R0,{R0},-3.943319220890317,NOT_REESTIMATED_FOR_NEW_MC,False,[5],411.9868274278815,194.45290746212493,1.5502440108993516,373.8526136035461,223.27111009566184,1.5813587072295832,369.63225008296246,227.21442931655216,1.7031882527692437
S2_DROP_TOP5,2,L2_HIGH,B2_COMMON_NODE_EQUAL_DENSITY,0.75,R0,{R0},5.483265706555926,NOT_REESTIMATED_FOR_NEW_MC,False,[5],668.9767637298623,286.072160032685,1.975440319293616,625.8365643298246,320.64913012398256,2.072792865341328,588.6666717605735,315.16586441742663,2.1355857305478203
S2_DROP_TOP5,2,L2_HIGH,B2_COMMON_NODE_EQUAL_DENSITY,0.5,R2,{R2},21.31427466137725,NOT_REESTIMATED_FOR_NEW_MC,False,[5],535.9130581733887,244.15623451886728,1.7680948803758902,460.1566589770656,262.52742238498945,1.775235841416944,398.0493075143372,241.2131477236122,1.7127606570763898
S2_DROP_TOP5,3,L0_STAGE15_MATCHED,B0_REFERENCE,1.0,R0,{R0},9.835798417023312,NOT_REESTIMATED_FOR_NEW_MC,False,[5],373.37840865536367,175.8555019859512,1.475818659983769,341.03978278019133,205.90909703869204,1.5291385272528706,313.48161230065,196.07329862166876,1.507700479692695
S2_DROP_TOP5,3,L0_STAGE15_MATCHED,B2_COMMON_NODE_EQUAL_DENSITY,1.0,R0,{R0},-14.987146205788491,NOT_REESTIMATED_FOR_NEW_MC,False,[5],404.89229401189993,191.1699234933072,1.536838220200622,330.6794016854317,200.07848399074524,1.4981980096679826,346.62005311405903,215.06563019653373,1.6673748118669065
S2_DROP_TOP5,3,L0_STAGE15_MATCHED,B2_COMMON_NODE_EQUAL_DENSITY,0.75,R2,{R2},9.156313988149108,NOT_REESTIMATED_FOR_NEW_MC,False,[5],299.3909748947387,134.11634919792368,1.3215321992114466,232.11288316567112,133.1865621592978,1.251517414893701,214.1251258297777,124.0302481711487,1.2189767707124066
S2_DROP_TOP5,3,L0_STAGE15_MATCHED,B2_COMMON_NODE_EQUAL_DENSITY,0.5,R2,"{R0,R2}",22.035951006983225,NOT_REESTIMATED_FOR_NEW_MC,False,[5],563.5443238354743,253.65802911190295,1.8131028346567293,488.7106259184209,273.90589385952273,1.8301418331507384,421.1381997481962,251.8699428525395,1.76798615404865
S2_DROP_TOP5,3,L1_EXTENDED,B0_REFERENCE,1.0,R0,{R0},-3.829774228983524,NOT_REESTIMATED_FOR_NEW_MC,False,[15],613.9212502521125,269.8403365968576,1.892407803074518,574.3947505428229,304.4381504925119,1.9880163075012964,567.5694187827626,308.26792472149543,2.096006987398644
S2_DROP_TOP5,3,L1_EXTENDED,B2_COMMON_NODE_EQUAL_DENSITY,1.0,R0,{R0},7.272264047311125,NOT_REESTIMATED_FOR_NEW_MC,False,[5],441.0354407142184,207.3302070159508,1.603965940255468,394.153489545011,233.2651961777765,1.6318108731437122,367.2510391538307,225.99293213046536,1.651273745099147
S2_DROP_TOP5,3,L1_EXTENDED,B2_COMMON_NODE_EQUAL_DENSITY,0.75,R0,{R0},15.271618344406022,NOT_REESTIMATED_FOR_NEW_MC,False,[5],859.7419947516165,333.4890491965809,2.239455656192169,816.4987167684264,370.9110498330865,2.375530588826336,729.2422334713358,355.6394314886805,2.3671763339431635
S2_DROP_TOP5,3,L1_EXTENDED,B2_COMMON_NODE_EQUAL_DENSITY,0.5,R0,{R0},7.5823795849796625,NOT_REESTIMATED_FOR_NEW_MC,False,[5],787.6656394223529,316.9404636326879,2.143528919787117,731.5458818052023,350.1464893491077,2.2396674491287305,680.4976455769844,342.56410976412803,2.2841169991362027
S2_DROP_TOP5,3,L2_HIGH,B0_REFERENCE,1.0,R2,"{R0,R2}",16.510381740687535,NOT_REESTIMATED_FOR_NEW_MC,False,[5],443.3295346080882,208.31076307728807,1.6081321313500687,375.92200860908105,224.31440133972572,1.5992359159177731,333.5550810083122,207.8040195990382,1.5679979515461562
S2_DROP_TOP5,3,L2_HIGH,B2_COMMON_NODE_EQUAL_DENSITY,1.0,R0,{R0},6.111732733495785,NOT_REESTIMATED_FOR_NEW_MC,False,[5],509.3926452237349,234.56395178672292,1.723791488880965,461.71470167462,263.16627583630884,1.7679011378916067,432.8506687296911,257.05454310281306,1.7989268685395834
S2_DROP_TOP5,3,L2_HIGH,B2_COMMON_NODE_EQUAL_DENSITY,0.75,R0,{R0},-2.5878346826126237,NOT_REESTIMATED_FOR_NEW_MC,False,[6],397.8413585338824,187.8496165033665,1.523397931636483,355.42662554574264,213.71851930199244,1.5414076635554486,348.90298666311264,216.30635398460507,1.6641907592496432
S2_DROP_TOP5,3,L2_HIGH,B2_COMMON_NODE_EQUAL_DENSITY,0.5,R0,{R0},18.66432927149566,NOT_REESTIMATED_FOR_NEW_MC,False,[5],680.5348100680953,289.30966345971734,1.992432280421066,614.2690679776314,317.12310755862245,2.056005833218822,538.8637844946858,298.4587782871268,2.011844651867768
S2_DROP_TOP5,4,L0_STAGE15_MATCHED,B0_REFERENCE,1.0,R0,{R0},10.675541556828506,NOT_REESTIMATED_FOR_NEW_MC,False,[5],369.6164668370608,173.9415908594316,1.4683650964761867,335.84345637555737,203.0071933499684,1.516506790797966,307.33662100285494,192.33165179313988,1.4888763928355069
S2_DROP_TOP5,4,L0_STAGE15_MATCHED,B2_COMMON_NODE_EQUAL_DENSITY,1.0,R0,{R0},-8.365876099504334,NOT_REESTIMATED_FOR_NEW_MC,False,[5],389.1683804485951,183.68382505631115,1.5067013260597266,322.58692913042654,195.395690822264,1.4701206510267055,326.4965472619333,203.76156692176832,1.5405441918621066
S2_DROP_TOP5,4,L0_STAGE15_MATCHED,B2_COMMON_NODE_EQUAL_DENSITY,0.75,R0,{R0},21.512214997837987,NOT_REESTIMATED_FOR_NEW_MC,False,[5],915.8179209623786,345.43105776856925,2.311335372812408,828.2907311797455,373.62109750747777,2.393924552022373,715.7463220296387,352.1088825096398,2.356080723275752
S2_DROP_TOP5,4,L0_STAGE15_MATCHED,B2_COMMON_NODE_EQUAL_DENSITY,0.5,R0,"{R0,R2}",20.779938241133948,NOT_REESTIMATED_FOR_NEW_MC,False,[5],646.2122398914642,279.52872825869133,1.9415384104794,567.2846584296857,302.0840311620781,1.976697262972534,492.10754942623794,281.30409292094413,1.9284332509855515
S2_DROP_TOP5,4,L1_EXTENDED,B0_REFERENCE,1.0,R0,{R0},-4.954677575211576,NOT_REESTIMATED_FOR_NEW_MC,False,[15],597.6460388857386,264.7622860111144,1.8671552051628728,557.191553291928,298.6910770338316,1.9564768896104028,553.8573370308269,303.6457546090432,2.091081644376404
S2_DROP_TOP5,4,L1_EXTENDED,B2_COMMON_NODE_EQUAL_DENSITY,1.0,R0,{R0},12.600999426891406,NOT_REESTIMATED_FOR_NEW_MC,False,[5],557.8736088567335,251.74656642685528,1.8039575156668588,520.2095488376758,285.71105341359635,1.8854690783141608,471.2282508442911,273.11005398670494,1.8932128110209188
S2_DROP_TOP5,4,L1_EXTENDED,B2_COMMON_NODE_EQUAL_DENSITY,0.75,R0,{R0},-2.3723352228226986,NOT_REESTIMATED_FOR_NEW_MC,False,[5],485.1138290782686,225.33403060751067,1.6822100551427082,425.08557779471823,247.54416646917625,1.695151500108116,416.80787229888745,249.91650169199892,1.771117746743154
S2_DROP_TOP5,4,L1_EXTENDED,B2_COMMON_NODE_EQUAL_DENSITY,0.5,R0,{R0},9.802209358006335,NOT_REESTIMATED_FOR_NEW_MC,False,[5],613.9424837408478,269.8468733635366,1.8924405288290955,554.4357518361323,297.75398680628814,1.952259507085482,509.72441809951056,287.9517774482818,1.9719807339724424
S2_DROP_TOP5,4,L2_HIGH,B0_REFERENCE,1.0,R0,"{R0,R2}",15.876893853269737,NOT_REESTIMATED_FOR_NEW_MC,False,[5],445.8528747862008,209.3834621519788,1.6127022156160258,379.0116816062682,225.86142848765053,1.606685581039924,337.42562941856363,209.9845346343808,1.5810627108427815
S2_DROP_TOP5,4,L2_HIGH,B2_COMMON_NODE_EQUAL_DENSITY,1.0,R0,{R0},4.666328128796664,NOT_REESTIMATED_FOR_NEW_MC,False,[5],371.302867769441,174.80195530597246,1.471711043419101,309.29346685453856,187.4421757185005,1.439975874728584,292.1840236188969,182.77584758970383,1.4468150020841226
S2_DROP_TOP5,4,L2_HIGH,B2_COMMON_NODE_EQUAL_DENSITY,0.75,R0,{R0},2.28534733007524,NOT_REESTIMATED_FOR_NEW_MC,False,[5],775.4620314590835,313.9892923224223,2.1268588380155022,738.8084463744217,352.01357109949925,2.257467822372583,706.7872684588351,349.728223769424,2.312083658771726
S2_DROP_TOP5,4,L2_HIGH,B2_COMMON_NODE_EQUAL_DENSITY,0.5,R0,{R0},19.357435340140285,NOT_REESTIMATED_FOR_NEW_MC,False,[5],676.912776710955,288.3010559292408,1.9871230118307317,594.5567039405692,310.9585019025446,2.0245738877003614,519.6620159966575,291.6010665624043,1.983889448665147
