panel,condition,source,R0_IC,R1_IC,R2_IC,R0_delta,R1_delta,R2_delta
left,TRR S0,V05_scenario_model_comparison.csv,128.05042576398375,104.22894377333606,106.03840694337876,23.821481990647698,0.0,1.8094631700427044
left,TRR S1,V05_scenario_model_comparison.csv,171.1139470704236,145.0367309401866,164.97973310936655,26.07721613023699,0.0,19.943002169179948
left,TRR S2,V05_scenario_model_comparison.csv,163.45532441302424,191.21061775252844,176.63855616602848,0.0,27.755293339504192,13.183231753004236
left,APTnotes S0,V04_APTnotes_ic_summary.csv,196.4790464569409,225.54948228743552,229.1499341679105,0.0,29.07043583049463,32.670887710969595
left,Campaign S0,V04_Campaign_ic_summary.csv,166.13789193263003,166.2564412514637,158.14878880045066,7.989103132179366,8.107652451013053,0.0
left,B2 q×1.00 S0,V06_scenario_branch_model_comparison.csv,296.9584481751808,298.5860803185263,274.480444464466,22.4780037107148,24.105635854060267,0.0
left,B2 q×1.00 S2,V06_scenario_branch_model_comparison.csv,252.8160302161666,283.44816932042704,273.76932751377177,0.0,30.632139104260432,20.95329729760516
left,B2 q×0.75 S0,V06_scenario_branch_model_comparison.csv,347.00748981574134,348.61685783235123,319.9016236789908,27.10586613675053,28.715234153360427,0.0
left,B2 q×0.75 S2,V06_scenario_branch_model_comparison.csv,196.20588454263745,215.21489490384727,215.3612397797897,0.0,19.009010361209818,19.155355237152264
left,B2 q×0.50 S0,V06_scenario_branch_model_comparison.csv,445.1708141180494,433.06612618775046,407.0639888439628,38.10682527408659,26.00213734378764,0.0
left,B2 q×0.50 S2,V06_scenario_branch_model_comparison.csv,314.2058535500602,344.36780515224063,333.12075470172977,0.0,30.16195160218041,18.91490115166954
right,2002–2023 S0,V06_early_model_details.csv,296.9584481751808,298.5860803185263,274.480444464466,22.4780037107148,24.105635854060267,0.0
right,2002–2023 S2,V06_early_model_details.csv,252.8160302161666,283.44816932042704,273.76932751377177,0.0,30.632139104260432,20.95329729760516
right,2004–2023 S0,V06_early_model_details.csv,321.9052462097812,321.75225955425265,310.0181778836769,11.88706832610427,11.734081670575732,0.0
right,2004–2023 S2,V06_early_model_details.csv,228.4489976630352,249.47525171729453,239.6000944285507,0.0,21.02625405425937,11.151096765515549
right,2005–2023 S0,V06_early_model_details.csv,315.54649484779515,317.46881051213944,316.08791331660314,0.0,1.922315664344296,0.5414184688079899
right,2005–2023 S2,V06_early_model_details.csv,251.23825030982388,264.1407844346606,264.95441693861005,0.0,12.902534124836706,13.71616662878617
