scenario,branch,density_multiplier,years,transitions,q,documents,effective_mass,median_active_nodes,median_common_nodes,median_retained_edges,retained_weight_fraction,R0_IC,R1_IC,R2_IC,best_model,preferred_model_set,R1_R2_delta_IC,R1_R2_practical_tie,R0_LOTO,R1_LOTO,R2_LOTO,T12,T12_p,time_given_coverage_partial_R2,time_given_coverage_p,coverage_given_time_partial_R2,coverage_given_time_p,model_admissible_set,T12_pseudo_sequences
S0_FULL,B0_REFERENCE,1.0,22,21,1.0,1474,1429.1969719953163,210.0,NOT_APPLICABLE,5283.5,1.0,181.3007076886665,166.97315493160676,157.40947658436778,R2,{R2},9.563678347238977,False,1.4972321431098956,1.3635125991933577,1.349420101206933,9.563678347238977,0.0133111480865224,0.0565583199727118,0.518048195180482,0.1990575051611564,9.999000099990002e-05,{R2},600
S0_FULL,B1_EQUAL_ACTIVE_NODE_DENSITY,1.0,22,21,0.0310077519379844,1474,1429.1969719953163,210.0,NOT_APPLICABLE,680.5,0.585139564877887,241.3578056688911,235.80339771521977,221.80159684767185,R2,{R2},14.001800867547956,False,1.7550535639488107,1.639576684884113,1.6738907511525227,14.001800867547956,0.0831946755407653,0.0223517076705525,0.4498550144985501,0.1497749933142315,0.0001999800019998,{R2},600
S0_FULL,B1_EQUAL_ACTIVE_NODE_DENSITY,0.75,22,21,0.0232558139534883,1474,1429.1969719953163,210.0,NOT_APPLICABLE,510.5,0.5035212014014382,305.7748757130117,292.15622373374504,260.4952747983788,R2,{R2},31.660948935366264,False,2.0811380977158738,1.9017764315755497,1.8590395223484684,31.660948935366264,0.4675540765391014,0.0221464568857861,0.4193580641935806,0.1805184594266622,9.999000099990002e-05,{R2},600
S0_FULL,B1_EQUAL_ACTIVE_NODE_DENSITY,0.5,22,21,0.0155038759689922,1474,1429.1969719953163,210.0,NOT_APPLICABLE,340.0,0.4008598288534848,542.8096549020397,538.766165715424,523.5425781644155,R2,{R2},15.22358755100845,False,3.896158399301,3.821025943364304,3.793971370466948,15.22358755100845,0.2429284525790349,0.0260880328118638,0.2721727827217278,0.2450228346792871,0.0316968303169683,{R2},600
S0_FULL,B2_COMMON_NODE_EQUAL_DENSITY,1.0,22,21,0.039039039039039,1474,1429.1969719953163,210.0,193.0,723.0,0.6214014807586411,296.9584481751808,298.5860803185263,274.480444464466,R2,{R2},24.105635854060324,False,2.033159575246065,1.939934703210321,1.924549244888544,24.105635854060324,0.2312811980033277,0.0179925687069721,0.5233476652334766,0.137058419802377,0.0048995100489951,{R2},600
S0_FULL,B2_COMMON_NODE_EQUAL_DENSITY,0.75,22,21,0.0292792792792792,1474,1429.1969719953163,210.0,193.0,542.0,0.5412900653130714,347.00748981574134,348.61685783235123,319.9016236789908,R2,{R2},28.715234153360427,False,2.320994821472612,2.206922469491669,2.185975641986573,28.715234153360427,0.3710482529118136,0.0384910851570298,0.0882911708829117,0.1206358101964177,0.0010998900109989,{R2},600
S0_FULL,B2_COMMON_NODE_EQUAL_DENSITY,0.5,22,21,0.0195195195195195,1474,1429.1969719953163,210.0,193.0,361.0,0.4356697998249635,445.1708141180494,433.06612618775046,407.0639888439628,R2,{R2},26.00213734378764,False,3.00923902222495,2.7402326355107247,2.759942851251917,26.00213734378764,0.480865224625624,0.0385855993235064,0.0631936806319368,0.1953348009998427,9.999000099990002e-05,{R2},600
S1_DROP_TOP1,B0_REFERENCE,1.0,22,21,1.0,1459,1415.1775913759357,138.0,NOT_APPLICABLE,1485.5,1.0,200.2846355953784,181.48935714758773,200.7042751867942,R1,{R1},-19.21491803920648,False,1.5743463923031853,1.4318415931200257,1.6910509470784734,-19.21491803920648,0.0033277870216306,0.1434712878204963,0.0722927707229277,0.157605925886296,0.0130986901309869,{R1},600
S1_DROP_TOP1,B1_EQUAL_ACTIVE_NODE_DENSITY,1.0,22,21,0.0310077519379844,1459,1415.1775913759357,138.0,NOT_APPLICABLE,295.0,0.564570405137929,382.6193538313383,391.1325128945288,377.59066601561466,R2,{R2},13.5418468789141,False,2.550290250943216,2.477457808265524,2.51891372537598,13.5418468789141,0.3627287853577371,0.0539603983042378,0.0223977602239776,0.0866465009953012,0.0732926707329267,{R2},600
S1_DROP_TOP1,B1_EQUAL_ACTIVE_NODE_DENSITY,0.75,22,21,0.0232558139534883,1459,1415.1775913759357,138.0,NOT_APPLICABLE,221.0,0.477356247279306,399.0562821440472,411.2523191339467,397.5230477005359,R2,"{R0,R2}",13.729271433410815,False,2.663633355600828,2.612228783241352,2.6580632138281803,13.729271433410815,0.4891846921797005,0.0386056002227821,0.0677932206779322,0.0508255983664612,0.2755724427557244,"{R0,R2}",600
S1_DROP_TOP1,B1_EQUAL_ACTIVE_NODE_DENSITY,0.5,22,21,0.0155038759689922,1459,1415.1775913759357,138.0,NOT_APPLICABLE,147.5,0.3710462647256231,414.5853190895396,422.9837175666132,417.0880057601808,R0,{R0},5.895711806432416,False,2.775339889078419,2.742250114296217,2.805029781340717,5.895711806432416,0.1663893510815307,0.0313828125780537,0.1502849715028497,0.1007769570902343,0.2003799620037996,{R0},600
S1_DROP_TOP1,B2_COMMON_NODE_EQUAL_DENSITY,1.0,22,21,0.039039039039039,1459,1415.1775913759357,138.0,95.0,174.0,0.5927551139655293,291.6393705259017,311.1998620657284,301.31163601231066,R0,{R0},9.888226053417725,False,2.004750050850217,2.008343589703839,2.0603667873725944,9.888226053417725,0.1164725457570715,0.0587967477179911,0.0492950704929507,0.104852206333601,0.0298970102989701,{R0},600
S1_DROP_TOP1,B2_COMMON_NODE_EQUAL_DENSITY,0.75,22,21,0.0292792792792792,1459,1415.1775913759357,138.0,95.0,130.0,0.509660903865531,277.12762717483145,304.57522005328656,296.58691906007726,R0,{R0},7.988300993209293,False,1.9292446140974897,1.9620101487324535,2.0468479592363087,7.988300993209293,0.1098169717138103,0.0435738871971662,0.1156884311568843,0.0920495403965372,0.058994100589941,{R0},600
S1_DROP_TOP1,B2_COMMON_NODE_EQUAL_DENSITY,0.5,22,21,0.0195195195195195,1459,1415.1775913759357,138.0,95.0,87.0,0.400484974794828,367.3707073379768,378.6067469445085,363.6525331056883,R2,{R2},14.95421383882018,False,2.4494581625474385,2.3965062577709797,2.4402678303619734,14.95421383882018,0.2229617304492512,0.0301849532326434,0.230976902309769,0.1203394639652045,0.0124987501249875,{R2},600
S2_DROP_TOP5,B0_REFERENCE,1.0,22,21,1.0,1400,1359.408172699374,91.5,NOT_APPLICABLE,414.0,1.0,253.0235021847473,285.156817696912,289.9284570482912,R0,{R0},-4.7716393513792354,False,1.8100618359726248,1.888118046619882,2.013764067954332,-4.7716393513792354,0.0016638935108153,0.1192241495323922,0.0214978502149785,0.1319567522770364,0.0461953804619538,{R0},600
S2_DROP_TOP5,B1_EQUAL_ACTIVE_NODE_DENSITY,1.0,22,21,0.0310077519379844,1400,1359.408172699374,91.5,NOT_APPLICABLE,128.0,0.7473070729813738,210.98531819251457,241.57897702070875,236.29604976692883,R0,{R0},5.282927253779917,False,1.6195508881165384,1.6786433421713027,1.7129298115557636,5.282927253779917,0.2695507487520798,0.1377635818726201,0.0068993100689931,0.1711258736748379,0.0074992500749925,{R0},600
S2_DROP_TOP5,B1_EQUAL_ACTIVE_NODE_DENSITY,0.75,22,21,0.0232558139534883,1400,1359.408172699374,91.5,NOT_APPLICABLE,96.0,0.6326095127552965,278.8194769811425,308.28026565055336,296.1622937875392,R0,{R0},12.11797186301419,False,1.9378988667785757,2.001622888192963,2.014438572509669,12.11797186301419,0.4242928452579035,0.1173234306758671,0.0203979602039796,0.1620719553235607,0.0077992200779922,{R0},600
S2_DROP_TOP5,B1_EQUAL_ACTIVE_NODE_DENSITY,0.5,22,21,0.0155038759689922,1400,1359.408172699374,91.5,NOT_APPLICABLE,64.0,0.4806651650177143,251.77213220998289,272.79644557005446,268.6845203124048,R0,{R0},4.111925257649659,False,1.8040795292813725,1.8141194007620371,1.7933835329409762,4.111925257649659,0.3161397670549085,0.0759199687136813,0.0940905909409059,0.1031087815636581,0.0721927807219278,{R0},600
S2_DROP_TOP5,B2_COMMON_NODE_EQUAL_DENSITY,1.0,22,21,0.039039039039039,1400,1359.408172699374,91.5,67.0,86.0,0.7473662804677218,252.8160302161666,283.44816932042704,273.76932751377177,R0,{R0},9.67884180665527,False,1.8090686241971328,1.865062468899948,1.8921354049306236,9.67884180665527,0.0698835274542429,0.1018716629226623,0.0070992900709929,0.1633816542372282,0.0006999300069993,{R0},600
S2_DROP_TOP5,B2_COMMON_NODE_EQUAL_DENSITY,0.75,22,21,0.0292792792792792,1400,1359.408172699374,91.5,67.0,64.0,0.6514002984499837,196.20588454263745,215.21489490384727,215.3612397797897,R0,{R0},-0.146344875942475,True,1.5574499719599295,1.555601965415007,1.610820885468602,-0.146344875942475,0.0099833610648918,0.126298650545307,0.0091990800919908,0.1799497295007494,0.0005999400059994,{R0},600
S2_DROP_TOP5,B2_COMMON_NODE_EQUAL_DENSITY,0.5,22,21,0.0195195195195195,1400,1359.408172699374,91.5,67.0,43.0,0.5179953424319522,314.2058535500602,344.36780515224063,333.12075470172977,R0,{R0},11.24705045051087,False,2.128077692848097,2.2065660533090035,2.2379767452406325,11.24705045051087,0.2445923460898502,0.0739565477274181,0.0144985501449855,0.1457148687359011,0.0110988901109889,{R0},600
