pseudo_sequence,T12_null_E03,T12_obs_replay,null_less_or_equal_observed
0,27.813218251791284,-1.8094631700427184,False
1,66.06503830689434,-1.8094631700427184,False
2,53.90404713651759,-1.8094631700427184,False
3,50.41627813797408,-1.8094631700427184,False
4,57.83066200899924,-1.8094631700427184,False
5,27.3807850853346,-1.8094631700427184,False
6,34.08680084198218,-1.8094631700427184,False
7,146.36334853963882,-1.8094631700427184,False
8,49.38670874271344,-1.8094631700427184,False
9,32.3884060062465,-1.8094631700427184,False
10,6.967523833061307,-1.8094631700427184,False
11,101.58485549206335,-1.8094631700427184,False
12,71.64733458940174,-1.8094631700427184,False
13,51.77395859588052,-1.8094631700427184,False
14,101.01113647306414,-1.8094631700427184,False
15,102.111037286436,-1.8094631700427184,False
16,141.74961484323936,-1.8094631700427184,False
17,21.18613358835404,-1.8094631700427184,False
18,15.619783611091693,-1.8094631700427184,False
19,50.4943260604993,-1.8094631700427184,False
20,69.12838158942148,-1.8094631700427184,False
21,31.306353952001672,-1.8094631700427184,False
22,48.05965294355963,-1.8094631700427184,False
23,93.03777184846692,-1.8094631700427184,False
24,41.6952583934696,-1.8094631700427184,False
25,26.58244193944259,-1.8094631700427184,False
26,27.223484760275767,-1.8094631700427184,False
27,105.5990554695671,-1.8094631700427184,False
28,50.11736667216044,-1.8094631700427184,False
29,92.30517938403858,-1.8094631700427184,False
30,20.55891170024336,-1.8094631700427184,False
31,80.89325064132532,-1.8094631700427184,False
32,172.590903029181,-1.8094631700427184,False
33,87.0697324561618,-1.8094631700427184,False
34,68.7120852926069,-1.8094631700427184,False
35,34.76408689582041,-1.8094631700427184,False
36,162.19307258331898,-1.8094631700427184,False
37,74.44221391574484,-1.8094631700427184,False
38,92.76640904416956,-1.8094631700427184,False
39,55.86558961813901,-1.8094631700427184,False
40,58.75097121784728,-1.8094631700427184,False
41,57.26646398924058,-1.8094631700427184,False
42,37.29154559107491,-1.8094631700427184,False
43,67.52285263169489,-1.8094631700427184,False
44,28.582665348539702,-1.8094631700427184,False
45,9.34380125633615,-1.8094631700427184,False
46,119.22871972844098,-1.8094631700427184,False
47,118.96514368989789,-1.8094631700427184,False
48,20.23151806067142,-1.8094631700427184,False
49,53.61647132898645,-1.8094631700427184,False
50,33.10140192009902,-1.8094631700427184,False
51,191.74754346869304,-1.8094631700427184,False
52,20.879653526051072,-1.8094631700427184,False
53,59.66740305547523,-1.8094631700427184,False
54,50.62140903910284,-1.8094631700427184,False
55,85.30126384660531,-1.8094631700427184,False
56,37.9106914944602,-1.8094631700427184,False
57,35.197570751756814,-1.8094631700427184,False
58,10.023587674252695,-1.8094631700427184,False
59,31.601785740405266,-1.8094631700427184,False
60,249.2404954975677,-1.8094631700427184,False
61,180.9688158451024,-1.8094631700427184,False
62,136.475338614883,-1.8094631700427184,False
63,49.531231678747815,-1.8094631700427184,False
64,53.29535636386333,-1.8094631700427184,False
65,80.08920753151494,-1.8094631700427184,False
66,98.94670955780958,-1.8094631700427184,False
67,52.09691791277953,-1.8094631700427184,False
68,56.02891501907919,-1.8094631700427184,False
69,14.108777538780828,-1.8094631700427184,False
70,85.02878971850845,-1.8094631700427184,False
71,61.504465914616674,-1.8094631700427184,False
72,52.38969866728627,-1.8094631700427184,False
73,190.85726432399449,-1.8094631700427184,False
74,71.68620998352623,-1.8094631700427184,False
75,80.24637806113304,-1.8094631700427184,False
76,73.30608238500741,-1.8094631700427184,False
77,66.12483025174191,-1.8094631700427184,False
78,38.57698018698551,-1.8094631700427184,False
79,40.60456758198015,-1.8094631700427184,False
80,39.50422328441289,-1.8094631700427184,False
81,75.49064312444665,-1.8094631700427184,False
82,83.55893195250707,-1.8094631700427184,False
83,69.24624471077544,-1.8094631700427184,False
84,120.34683636011393,-1.8094631700427184,False
85,35.005025484457576,-1.8094631700427184,False
86,29.067088025431246,-1.8094631700427184,False
87,71.67567570557532,-1.8094631700427184,False
88,76.72696837867346,-1.8094631700427184,False
89,94.1436331916791,-1.8094631700427184,False
90,80.6672726479855,-1.8094631700427184,False
91,90.9626622102282,-1.8094631700427184,False
92,11.64957678257224,-1.8094631700427184,False
93,40.38109235875993,-1.8094631700427184,False
94,55.4251966323742,-1.8094631700427184,False
95,122.20560920487702,-1.8094631700427184,False
96,67.86913349216871,-1.8094631700427184,False
97,24.63520986530748,-1.8094631700427184,False
98,64.90498779916373,-1.8094631700427184,False
99,86.91027830044175,-1.8094631700427184,False
100,80.59527064317678,-1.8094631700427184,False
101,59.63734005785301,-1.8094631700427184,False
102,81.91896056497191,-1.8094631700427184,False
103,186.2641327946563,-1.8094631700427184,False
104,85.1817744470988,-1.8094631700427184,False
105,27.81852303402184,-1.8094631700427184,False
106,16.625492652023922,-1.8094631700427184,False
107,40.409522586706885,-1.8094631700427184,False
108,52.966268372591855,-1.8094631700427184,False
109,58.802262404904525,-1.8094631700427184,False
110,114.3600770239674,-1.8094631700427184,False
111,60.609600741325096,-1.8094631700427184,False
112,451.0303263692015,-1.8094631700427184,False
113,200.9605003296788,-1.8094631700427184,False
114,43.33636757139607,-1.8094631700427184,False
115,51.043440900856666,-1.8094631700427184,False
116,109.93606294515286,-1.8094631700427184,False
117,98.08231963277098,-1.8094631700427184,False
118,159.97418888154343,-1.8094631700427184,False
119,212.56244726797536,-1.8094631700427184,False
120,49.53022300900619,-1.8094631700427184,False
121,34.48505038221191,-1.8094631700427184,False
122,76.11332229375267,-1.8094631700427184,False
123,22.565441160399047,-1.8094631700427184,False
124,91.87726935520816,-1.8094631700427184,False
125,83.79720621746236,-1.8094631700427184,False
126,67.43106333105857,-1.8094631700427184,False
127,85.02801654310673,-1.8094631700427184,False
128,195.35486300616816,-1.8094631700427184,False
129,43.46003018524161,-1.8094631700427184,False
130,32.25935847317527,-1.8094631700427184,False
131,80.25663316833658,-1.8094631700427184,False
132,62.74109486083808,-1.8094631700427184,False
133,93.88574135809154,-1.8094631700427184,False
134,62.20670331533228,-1.8094631700427184,False
135,114.20310564980178,-1.8094631700427184,False
136,80.7268966526023,-1.8094631700427184,False
137,21.661740010879413,-1.8094631700427184,False
138,10.45522811984381,-1.8094631700427184,False
139,82.68999010234546,-1.8094631700427184,False
140,79.8510868753022,-1.8094631700427184,False
141,94.59807860919057,-1.8094631700427184,False
142,39.1621952211633,-1.8094631700427184,False
143,89.4722368836396,-1.8094631700427184,False
144,49.74372548898885,-1.8094631700427184,False
145,53.56245054721609,-1.8094631700427184,False
146,61.13913233166147,-1.8094631700427184,False
147,115.62335273057845,-1.8094631700427184,False
148,336.63096858271,-1.8094631700427184,False
149,57.18500161927108,-1.8094631700427184,False
150,19.71019488113205,-1.8094631700427184,False
151,61.72975829456789,-1.8094631700427184,False
152,5.583565158178999,-1.8094631700427184,False
153,97.65745671629875,-1.8094631700427184,False
154,122.35932443841445,-1.8094631700427184,False
155,75.98718124826797,-1.8094631700427184,False
156,51.73553056218401,-1.8094631700427184,False
157,63.8740931345813,-1.8094631700427184,False
158,53.61531009543472,-1.8094631700427184,False
159,51.90926548576442,-1.8094631700427184,False
160,59.21927093081757,-1.8094631700427184,False
161,62.61108803994006,-1.8094631700427184,False
162,71.34016373700393,-1.8094631700427184,False
163,51.07979477248483,-1.8094631700427184,False
164,63.13388666341558,-1.8094631700427184,False
165,89.01012092167338,-1.8094631700427184,False
166,55.861286265518686,-1.8094631700427184,False
167,78.67508324218858,-1.8094631700427184,False
168,93.44075672821596,-1.8094631700427184,False
169,74.65415294175631,-1.8094631700427184,False
170,65.35970657374338,-1.8094631700427184,False
171,52.70107462225229,-1.8094631700427184,False
172,60.95279031335801,-1.8094631700427184,False
173,26.03118401080988,-1.8094631700427184,False
174,36.95639344919687,-1.8094631700427184,False
175,69.14457098963862,-1.8094631700427184,False
176,84.68739171015801,-1.8094631700427184,False
177,81.12087925016675,-1.8094631700427184,False
178,25.38170685577936,-1.8094631700427184,False
179,46.76972051616485,-1.8094631700427184,False
180,55.51857688814568,-1.8094631700427184,False
181,10.256390959291991,-1.8094631700427184,False
182,96.3659578017203,-1.8094631700427184,False
183,120.00543907293826,-1.8094631700427184,False
184,83.36078229501581,-1.8094631700427184,False
185,55.72838510813739,-1.8094631700427184,False
186,71.9323495250996,-1.8094631700427184,False
187,42.39703285143668,-1.8094631700427184,False
188,56.15122085765489,-1.8094631700427184,False
189,74.70956546002839,-1.8094631700427184,False
190,55.483988439211146,-1.8094631700427184,False
191,64.94891250835946,-1.8094631700427184,False
192,58.33726262769272,-1.8094631700427184,False
193,51.98141070793059,-1.8094631700427184,False
194,166.44229746046398,-1.8094631700427184,False
195,53.900883840725385,-1.8094631700427184,False
196,73.8662404558134,-1.8094631700427184,False
197,74.13535687628456,-1.8094631700427184,False
198,37.53110157928063,-1.8094631700427184,False
199,68.35163802854339,-1.8094631700427184,False
