dataset_id,provenance,model,comparison,common_score_scale,left_condition,right_condition,left_rmse,right_rmse,mean_mse_difference_left_minus_right
BASELINE_STAGE15_S0,BASELINE,R0,PREPROCESSING_FOLDLOCAL_MINUS_LEGACY,H0_COMMON,FOLD_LOCAL_LOTO,LEGACY_GLOBAL_LOTO,1.382813736339297,1.382813736339297,-7.930164461608259e-18
BASELINE_STAGE15_S0,BASELINE,R0,ADJACENCY_GAP1_MINUS_H0,GAP1_COMMON,FOLD_LOCAL_GAP1,FOLD_LOCAL_LOTO,1.4937919236501784,1.436126301063372,0.1689555585565378
BASELINE_STAGE15_S0,BASELINE,R1,PREPROCESSING_FOLDLOCAL_MINUS_LEGACY,H0_COMMON,FOLD_LOCAL_LOTO,LEGACY_GLOBAL_LOTO,1.21825364864203,1.21825364864203,-1.8503717077085943e-16
BASELINE_STAGE15_S0,BASELINE,R1,ADJACENCY_GAP1_MINUS_H0,GAP1_COMMON,FOLD_LOCAL_GAP1,FOLD_LOCAL_LOTO,1.365586989366269,1.2651714959121914,0.2641689114577388
BASELINE_STAGE15_S0,BASELINE,R2,PREPROCESSING_FOLDLOCAL_MINUS_LEGACY,H0_COMMON,FOLD_LOCAL_LOTO,LEGACY_GLOBAL_LOTO,1.254758620541399,1.254758620541399,-1.0837891430864623e-16
BASELINE_STAGE15_S0,BASELINE,R2,ADJACENCY_GAP1_MINUS_H0,GAP1_COMMON,FOLD_LOCAL_GAP1,FOLD_LOCAL_LOTO,1.3911816077050212,1.285802405249716,0.2820984402707732
BASELINE_V06_S0_FULL,BASELINE,R0,PREPROCESSING_FOLDLOCAL_MINUS_LEGACY,H0_COMMON,FOLD_LOCAL_LOTO,LEGACY_GLOBAL_LOTO,1.629469866218802,1.629469866218802,-5.2867763077388396e-18
BASELINE_V06_S0_FULL,BASELINE,R0,ADJACENCY_GAP1_MINUS_H0,GAP1_COMMON,FOLD_LOCAL_GAP1,FOLD_LOCAL_LOTO,1.7240116478164529,1.6604310509747362,0.2151848867657347
BASELINE_V06_S0_FULL,BASELINE,R1,PREPROCESSING_FOLDLOCAL_MINUS_LEGACY,H0_COMMON,FOLD_LOCAL_LOTO,LEGACY_GLOBAL_LOTO,1.4816181170627152,1.481618117062715,4.2294210461910717e-17
BASELINE_V06_S0_FULL,BASELINE,R1,ADJACENCY_GAP1_MINUS_H0,GAP1_COMMON,FOLD_LOCAL_GAP1,FOLD_LOCAL_LOTO,1.6065023996498995,1.4901210925853887,0.3603890895130125
BASELINE_V06_S0_FULL,BASELINE,R2,PREPROCESSING_FOLDLOCAL_MINUS_LEGACY,H0_COMMON,FOLD_LOCAL_LOTO,LEGACY_GLOBAL_LOTO,1.4755052081545357,1.4755052081545357,-1.3216940769347101e-17
BASELINE_V06_S0_FULL,BASELINE,R2,ADJACENCY_GAP1_MINUS_H0,GAP1_COMMON,FOLD_LOCAL_GAP1,FOLD_LOCAL_LOTO,1.5574800732905454,1.4815556769560962,0.2307369547762849
BASELINE_V06_S1_DROP_TOP1,BASELINE,R0,PREPROCESSING_FOLDLOCAL_MINUS_LEGACY,H0_COMMON,FOLD_LOCAL_LOTO,LEGACY_GLOBAL_LOTO,1.6651361514391427,1.6651361514391427,1.0044874984703795e-16
BASELINE_V06_S1_DROP_TOP1,BASELINE,R0,ADJACENCY_GAP1_MINUS_H0,GAP1_COMMON,FOLD_LOCAL_GAP1,FOLD_LOCAL_LOTO,2.0405052494109417,1.9292272823591827,0.4417437658746117
BASELINE_V06_S1_DROP_TOP1,BASELINE,R1,PREPROCESSING_FOLDLOCAL_MINUS_LEGACY,H0_COMMON,FOLD_LOCAL_LOTO,LEGACY_GLOBAL_LOTO,1.4795416112167528,1.4795416112167528,1.2291754915492803e-16
BASELINE_V06_S1_DROP_TOP1,BASELINE,R1,ADJACENCY_GAP1_MINUS_H0,GAP1_COMMON,FOLD_LOCAL_GAP1,FOLD_LOCAL_LOTO,1.8406869972061743,1.6419153067794046,0.6922427470473774
BASELINE_V06_S1_DROP_TOP1,BASELINE,R2,PREPROCESSING_FOLDLOCAL_MINUS_LEGACY,H0_COMMON,FOLD_LOCAL_LOTO,LEGACY_GLOBAL_LOTO,1.6217960000098302,1.7681085206217912,-0.495985475047494
BASELINE_V06_S1_DROP_TOP1,BASELINE,R2,ADJACENCY_GAP1_MINUS_H0,GAP1_COMMON,FOLD_LOCAL_GAP1,FOLD_LOCAL_LOTO,2.058062496857388,1.8183519429050656,0.92921745270424
BASELINE_V06_S2_DROP_TOP5,BASELINE,R0,PREPROCESSING_FOLDLOCAL_MINUS_LEGACY,H0_COMMON,FOLD_LOCAL_LOTO,LEGACY_GLOBAL_LOTO,1.8763523871143093,1.8763523871143093,1.5595990107829581e-16
BASELINE_V06_S2_DROP_TOP5,BASELINE,R0,ADJACENCY_GAP1_MINUS_H0,GAP1_COMMON,FOLD_LOCAL_GAP1,FOLD_LOCAL_LOTO,1.966799350080549,1.9272317856514545,0.1540773278519783
BASELINE_V06_S2_DROP_TOP5,BASELINE,R1,PREPROCESSING_FOLDLOCAL_MINUS_LEGACY,H0_COMMON,FOLD_LOCAL_LOTO,LEGACY_GLOBAL_LOTO,1.947426274745082,1.947426274745082,1.5595990107829581e-16
BASELINE_V06_S2_DROP_TOP5,BASELINE,R1,ADJACENCY_GAP1_MINUS_H0,GAP1_COMMON,FOLD_LOCAL_GAP1,FOLD_LOCAL_LOTO,2.2583218679928727,2.0189647111488727,1.023799154590366
BASELINE_V06_S2_DROP_TOP5,BASELINE,R2,PREPROCESSING_FOLDLOCAL_MINUS_LEGACY,H0_COMMON,FOLD_LOCAL_LOTO,LEGACY_GLOBAL_LOTO,2.051293808784053,2.0581077579737648,-0.02800125347601
BASELINE_V06_S2_DROP_TOP5,BASELINE,R2,ADJACENCY_GAP1_MINUS_H0,GAP1_COMMON,FOLD_LOCAL_GAP1,FOLD_LOCAL_LOTO,2.4904698917263595,2.112190143392908,1.7410930797493518
MC_S0_FULL_R0_L0_STAGE15_MATCHED,NEW_MC,R0,PREPROCESSING_FOLDLOCAL_MINUS_LEGACY,H0_COMMON,FOLD_LOCAL_LOTO,LEGACY_GLOBAL_LOTO,1.6633126454883431,1.6633126454883431,-2.1147105230955358e-17
MC_S0_FULL_R0_L0_STAGE15_MATCHED,NEW_MC,R0,ADJACENCY_GAP1_MINUS_H0,GAP1_COMMON,FOLD_LOCAL_GAP1,FOLD_LOCAL_LOTO,1.944950293182707,1.8517165290270008,0.353977539079695
MC_S0_FULL_R0_L0_STAGE15_MATCHED,NEW_MC,R1,PREPROCESSING_FOLDLOCAL_MINUS_LEGACY,H0_COMMON,FOLD_LOCAL_LOTO,LEGACY_GLOBAL_LOTO,1.4514818915072345,1.4514818915072345,-8.194503276995204e-17
MC_S0_FULL_R0_L0_STAGE15_MATCHED,NEW_MC,R1,ADJACENCY_GAP1_MINUS_H0,GAP1_COMMON,FOLD_LOCAL_GAP1,FOLD_LOCAL_LOTO,1.7590835635513713,1.5632769373040742,0.6505402008497851
MC_S0_FULL_R0_L0_STAGE15_MATCHED,NEW_MC,R2,PREPROCESSING_FOLDLOCAL_MINUS_LEGACY,H0_COMMON,FOLD_LOCAL_LOTO,LEGACY_GLOBAL_LOTO,1.4553061652405026,1.4553061652405026,7.930164461608261e-17
MC_S0_FULL_R0_L0_STAGE15_MATCHED,NEW_MC,R2,ADJACENCY_GAP1_MINUS_H0,GAP1_COMMON,FOLD_LOCAL_GAP1,FOLD_LOCAL_LOTO,1.768193951095576,1.528991097138971,0.7886960735607499
MC_S0_FULL_R0_L1_EXTENDED,NEW_MC,R0,PREPROCESSING_FOLDLOCAL_MINUS_LEGACY,H0_COMMON,FOLD_LOCAL_LOTO,LEGACY_GLOBAL_LOTO,1.618992810361676,1.618992810361676,1.3216940769347102e-16
MC_S0_FULL_R0_L1_EXTENDED,NEW_MC,R0,ADJACENCY_GAP1_MINUS_H0,GAP1_COMMON,FOLD_LOCAL_GAP1,FOLD_LOCAL_LOTO,1.6995558797506412,1.6390009500422638,0.2021660741555328
MC_S0_FULL_R0_L1_EXTENDED,NEW_MC,R1,PREPROCESSING_FOLDLOCAL_MINUS_LEGACY,H0_COMMON,FOLD_LOCAL_LOTO,LEGACY_GLOBAL_LOTO,1.465714647502977,1.465714647502977,3.0663302584885275e-16
MC_S0_FULL_R0_L1_EXTENDED,NEW_MC,R1,ADJACENCY_GAP1_MINUS_H0,GAP1_COMMON,FOLD_LOCAL_GAP1,FOLD_LOCAL_LOTO,1.588277837272707,1.47897318120765,0.3352648176401921
MC_S0_FULL_R0_L1_EXTENDED,NEW_MC,R2,PREPROCESSING_FOLDLOCAL_MINUS_LEGACY,H0_COMMON,FOLD_LOCAL_LOTO,LEGACY_GLOBAL_LOTO,1.4539597779280662,1.4539597779280662,-4.493759861578015e-17
MC_S0_FULL_R0_L1_EXTENDED,NEW_MC,R2,ADJACENCY_GAP1_MINUS_H0,GAP1_COMMON,FOLD_LOCAL_GAP1,FOLD_LOCAL_LOTO,1.5508038213014206,1.483045374681404,0.2055689087991826
MC_S0_FULL_R0_L2_HIGH,NEW_MC,R0,PREPROCESSING_FOLDLOCAL_MINUS_LEGACY,H0_COMMON,FOLD_LOCAL_LOTO,LEGACY_GLOBAL_LOTO,1.4259867218071176,1.4259867218071176,3.9650822308041306e-17
MC_S0_FULL_R0_L2_HIGH,NEW_MC,R0,ADJACENCY_GAP1_MINUS_H0,GAP1_COMMON,FOLD_LOCAL_GAP1,FOLD_LOCAL_LOTO,1.598452133898082,1.521550374297879,0.2399336828373149
MC_S0_FULL_R0_L2_HIGH,NEW_MC,R1,PREPROCESSING_FOLDLOCAL_MINUS_LEGACY,H0_COMMON,FOLD_LOCAL_LOTO,LEGACY_GLOBAL_LOTO,1.2866900508905412,1.2866900508905412,8.987519723156028e-17
MC_S0_FULL_R0_L2_HIGH,NEW_MC,R1,ADJACENCY_GAP1_MINUS_H0,GAP1_COMMON,FOLD_LOCAL_GAP1,FOLD_LOCAL_LOTO,1.5083644459298402,1.3505499831939685,0.4511780446400046
MC_S0_FULL_R0_L2_HIGH,NEW_MC,R2,PREPROCESSING_FOLDLOCAL_MINUS_LEGACY,H0_COMMON,FOLD_LOCAL_LOTO,LEGACY_GLOBAL_LOTO,1.267960285073361,1.267960285073361,9.780536169316855e-17
MC_S0_FULL_R0_L2_HIGH,NEW_MC,R2,ADJACENCY_GAP1_MINUS_H0,GAP1_COMMON,FOLD_LOCAL_GAP1,FOLD_LOCAL_LOTO,1.5100423480911889,1.3292103314314474,0.5134277878446528
MC_S0_FULL_R1_L0_STAGE15_MATCHED,NEW_MC,R0,PREPROCESSING_FOLDLOCAL_MINUS_LEGACY,H0_COMMON,FOLD_LOCAL_LOTO,LEGACY_GLOBAL_LOTO,1.6067464121857875,1.606746412185788,-5.233908544661452e-16
MC_S0_FULL_R1_L0_STAGE15_MATCHED,NEW_MC,R0,ADJACENCY_GAP1_MINUS_H0,GAP1_COMMON,FOLD_LOCAL_GAP1,FOLD_LOCAL_LOTO,1.7859825849032631,1.7077045819363008,0.2734788544115066
MC_S0_FULL_R1_L0_STAGE15_MATCHED,NEW_MC,R1,PREPROCESSING_FOLDLOCAL_MINUS_LEGACY,H0_COMMON,FOLD_LOCAL_LOTO,LEGACY_GLOBAL_LOTO,1.405178579030903,1.4051785790309026,2.749123680024197e-16
MC_S0_FULL_R1_L0_STAGE15_MATCHED,NEW_MC,R1,ADJACENCY_GAP1_MINUS_H0,GAP1_COMMON,FOLD_LOCAL_GAP1,FOLD_LOCAL_LOTO,1.6353630631413094,1.4868901728635369,0.4635699621287681
MC_S0_FULL_R1_L0_STAGE15_MATCHED,NEW_MC,R2,PREPROCESSING_FOLDLOCAL_MINUS_LEGACY,H0_COMMON,FOLD_LOCAL_LOTO,LEGACY_GLOBAL_LOTO,1.432557910882728,1.432557910882728,7.930164461608261e-17
MC_S0_FULL_R1_L0_STAGE15_MATCHED,NEW_MC,R2,ADJACENCY_GAP1_MINUS_H0,GAP1_COMMON,FOLD_LOCAL_GAP1,FOLD_LOCAL_LOTO,1.6718365598887626,1.5112394614912732,0.5111927730122584
MC_S0_FULL_R1_L1_EXTENDED,NEW_MC,R0,PREPROCESSING_FOLDLOCAL_MINUS_LEGACY,H0_COMMON,FOLD_LOCAL_LOTO,LEGACY_GLOBAL_LOTO,1.599436839827281,1.599436839827281,-5.815453938512725e-17
MC_S0_FULL_R1_L1_EXTENDED,NEW_MC,R0,ADJACENCY_GAP1_MINUS_H0,GAP1_COMMON,FOLD_LOCAL_GAP1,FOLD_LOCAL_LOTO,1.715101737535477,1.6520534197788908,0.2122934682940835
MC_S0_FULL_R1_L1_EXTENDED,NEW_MC,R1,PREPROCESSING_FOLDLOCAL_MINUS_LEGACY,H0_COMMON,FOLD_LOCAL_LOTO,LEGACY_GLOBAL_LOTO,1.4450207640098005,1.4450207640098005,9.516197353929911e-17
MC_S0_FULL_R1_L1_EXTENDED,NEW_MC,R1,ADJACENCY_GAP1_MINUS_H0,GAP1_COMMON,FOLD_LOCAL_GAP1,FOLD_LOCAL_LOTO,1.6036318128613491,1.4900030093230356,0.3515260234292751
MC_S0_FULL_R1_L1_EXTENDED,NEW_MC,R2,PREPROCESSING_FOLDLOCAL_MINUS_LEGACY,H0_COMMON,FOLD_LOCAL_LOTO,LEGACY_GLOBAL_LOTO,1.4411094293576068,1.432632529106365,0.024360423929707
MC_S0_FULL_R1_L1_EXTENDED,NEW_MC,R2,ADJACENCY_GAP1_MINUS_H0,GAP1_COMMON,FOLD_LOCAL_GAP1,FOLD_LOCAL_LOTO,1.568003994421312,1.5056636541905324,0.1916134869708028
MC_S0_FULL_R1_L2_HIGH,NEW_MC,R0,PREPROCESSING_FOLDLOCAL_MINUS_LEGACY,H0_COMMON,FOLD_LOCAL_LOTO,LEGACY_GLOBAL_LOTO,1.4245556058596798,1.4245556058596798,4.7580986769649563e-17
MC_S0_FULL_R1_L2_HIGH,NEW_MC,R0,ADJACENCY_GAP1_MINUS_H0,GAP1_COMMON,FOLD_LOCAL_GAP1,FOLD_LOCAL_LOTO,1.6029085114271595,1.5256708667997172,0.2416441022042321
MC_S0_FULL_R1_L2_HIGH,NEW_MC,R1,PREPROCESSING_FOLDLOCAL_MINUS_LEGACY,H0_COMMON,FOLD_LOCAL_LOTO,LEGACY_GLOBAL_LOTO,1.2813309776865391,1.2813309776865391,-6.079792753899666e-17
MC_S0_FULL_R1_L2_HIGH,NEW_MC,R1,ADJACENCY_GAP1_MINUS_H0,GAP1_COMMON,FOLD_LOCAL_GAP1,FOLD_LOCAL_LOTO,1.509174972927866,1.3526418823004978,0.4479690371583914
MC_S0_FULL_R1_L2_HIGH,NEW_MC,R2,PREPROCESSING_FOLDLOCAL_MINUS_LEGACY,H0_COMMON,FOLD_LOCAL_LOTO,LEGACY_GLOBAL_LOTO,1.2599799227762132,1.2599799227762132,1.7446361815538174e-16
MC_S0_FULL_R1_L2_HIGH,NEW_MC,R2,ADJACENCY_GAP1_MINUS_H0,GAP1_COMMON,FOLD_LOCAL_GAP1,FOLD_LOCAL_LOTO,1.5133301293158283,1.3342842270480624,0.509853681745816
MC_S0_FULL_R2_L0_STAGE15_MATCHED,NEW_MC,R0,PREPROCESSING_FOLDLOCAL_MINUS_LEGACY,H0_COMMON,FOLD_LOCAL_LOTO,LEGACY_GLOBAL_LOTO,1.459321115499172,1.459321115499172,7.930164461608259e-18
MC_S0_FULL_R2_L0_STAGE15_MATCHED,NEW_MC,R0,ADJACENCY_GAP1_MINUS_H0,GAP1_COMMON,FOLD_LOCAL_GAP1,FOLD_LOCAL_LOTO,1.7157288384010527,1.6450947515556835,0.23738870532497
MC_S0_FULL_R2_L0_STAGE15_MATCHED,NEW_MC,R1,PREPROCESSING_FOLDLOCAL_MINUS_LEGACY,H0_COMMON,FOLD_LOCAL_LOTO,LEGACY_GLOBAL_LOTO,1.2850085490856824,1.2850085490856824,2.088276641556842e-16
MC_S0_FULL_R2_L0_STAGE15_MATCHED,NEW_MC,R1,ADJACENCY_GAP1_MINUS_H0,GAP1_COMMON,FOLD_LOCAL_GAP1,FOLD_LOCAL_LOTO,1.5760992617687004,1.4423191751349027,0.4038042799860164
MC_S0_FULL_R2_L0_STAGE15_MATCHED,NEW_MC,R2,PREPROCESSING_FOLDLOCAL_MINUS_LEGACY,H0_COMMON,FOLD_LOCAL_LOTO,LEGACY_GLOBAL_LOTO,1.320572947177452,1.320572947177452,1.1102230246251563e-16
MC_S0_FULL_R2_L0_STAGE15_MATCHED,NEW_MC,R2,ADJACENCY_GAP1_MINUS_H0,GAP1_COMMON,FOLD_LOCAL_GAP1,FOLD_LOCAL_LOTO,1.629069851637405,1.4808223611461455,0.4610337162434708
MC_S0_FULL_R2_L1_EXTENDED,NEW_MC,R0,PREPROCESSING_FOLDLOCAL_MINUS_LEGACY,H0_COMMON,FOLD_LOCAL_LOTO,LEGACY_GLOBAL_LOTO,1.563551717567601,1.563551717567601,6.872809200060493e-17
MC_S0_FULL_R2_L1_EXTENDED,NEW_MC,R0,ADJACENCY_GAP1_MINUS_H0,GAP1_COMMON,FOLD_LOCAL_GAP1,FOLD_LOCAL_LOTO,1.6714874408371152,1.6125834453055214,0.1934448968027836
MC_S0_FULL_R2_L1_EXTENDED,NEW_MC,R1,PREPROCESSING_FOLDLOCAL_MINUS_LEGACY,H0_COMMON,FOLD_LOCAL_LOTO,LEGACY_GLOBAL_LOTO,1.4209886206088154,1.4209886206088154,-2.6698220354081144e-16
MC_S0_FULL_R2_L1_EXTENDED,NEW_MC,R1,ADJACENCY_GAP1_MINUS_H0,GAP1_COMMON,FOLD_LOCAL_GAP1,FOLD_LOCAL_LOTO,1.565753913602775,1.461115378138865,0.3167271697285273
MC_S0_FULL_R2_L1_EXTENDED,NEW_MC,R2,PREPROCESSING_FOLDLOCAL_MINUS_LEGACY,H0_COMMON,FOLD_LOCAL_LOTO,LEGACY_GLOBAL_LOTO,1.4287041409758718,1.4087778913909206,0.0565403751697554
MC_S0_FULL_R2_L1_EXTENDED,NEW_MC,R2,ADJACENCY_GAP1_MINUS_H0,GAP1_COMMON,FOLD_LOCAL_GAP1,FOLD_LOCAL_LOTO,1.535747546574737,1.4878374407372916,0.1448602767506302
MC_S0_FULL_R2_L2_HIGH,NEW_MC,R0,PREPROCESSING_FOLDLOCAL_MINUS_LEGACY,H0_COMMON,FOLD_LOCAL_LOTO,LEGACY_GLOBAL_LOTO,1.427341626671195,1.427341626671195,1.2423924323186276e-16
MC_S0_FULL_R2_L2_HIGH,NEW_MC,R0,ADJACENCY_GAP1_MINUS_H0,GAP1_COMMON,FOLD_LOCAL_GAP1,FOLD_LOCAL_LOTO,1.6149376572227423,1.5361660203200886,0.248217594730021
MC_S0_FULL_R2_L2_HIGH,NEW_MC,R1,PREPROCESSING_FOLDLOCAL_MINUS_LEGACY,H0_COMMON,FOLD_LOCAL_LOTO,LEGACY_GLOBAL_LOTO,1.289623940881373,1.2896239408813732,-1.427429603089487e-16
MC_S0_FULL_R2_L2_HIGH,NEW_MC,R1,ADJACENCY_GAP1_MINUS_H0,GAP1_COMMON,FOLD_LOCAL_GAP1,FOLD_LOCAL_LOTO,1.510766246222212,1.350920094738998,0.4574295483547294
MC_S0_FULL_R2_L2_HIGH,NEW_MC,R2,PREPROCESSING_FOLDLOCAL_MINUS_LEGACY,H0_COMMON,FOLD_LOCAL_LOTO,LEGACY_GLOBAL_LOTO,1.2740594295297003,1.2740594295297003,2.9077269692563625e-17
MC_S0_FULL_R2_L2_HIGH,NEW_MC,R2,ADJACENCY_GAP1_MINUS_H0,GAP1_COMMON,FOLD_LOCAL_GAP1,FOLD_LOCAL_LOTO,1.501945904777797,1.3156857122012298,0.524812607588338
MC_S0_FULL_R3_L0_STAGE15_MATCHED,NEW_MC,R0,PREPROCESSING_FOLDLOCAL_MINUS_LEGACY,H0_COMMON,FOLD_LOCAL_LOTO,LEGACY_GLOBAL_LOTO,1.5235796997632547,1.523579699763255,-3.3042351923367755e-16
MC_S0_FULL_R3_L0_STAGE15_MATCHED,NEW_MC,R0,ADJACENCY_GAP1_MINUS_H0,GAP1_COMMON,FOLD_LOCAL_GAP1,FOLD_LOCAL_LOTO,1.6863146002955265,1.61570996477974,0.2331382408813118
MC_S0_FULL_R3_L0_STAGE15_MATCHED,NEW_MC,R1,PREPROCESSING_FOLDLOCAL_MINUS_LEGACY,H0_COMMON,FOLD_LOCAL_LOTO,LEGACY_GLOBAL_LOTO,1.3297165006170877,1.3297165006170877,6.608470384673551e-18
MC_S0_FULL_R3_L0_STAGE15_MATCHED,NEW_MC,R1,ADJACENCY_GAP1_MINUS_H0,GAP1_COMMON,FOLD_LOCAL_GAP1,FOLD_LOCAL_LOTO,1.5341284593759947,1.4028431771304586,0.3855811502458842
MC_S0_FULL_R3_L0_STAGE15_MATCHED,NEW_MC,R2,PREPROCESSING_FOLDLOCAL_MINUS_LEGACY,H0_COMMON,FOLD_LOCAL_LOTO,LEGACY_GLOBAL_LOTO,1.3604526509256876,1.3604526509256876,-1.3216940769347101e-17
MC_S0_FULL_R3_L0_STAGE15_MATCHED,NEW_MC,R2,ADJACENCY_GAP1_MINUS_H0,GAP1_COMMON,FOLD_LOCAL_GAP1,FOLD_LOCAL_LOTO,1.5771594098294837,1.4374778865869673,0.4210891295871516
MC_S0_FULL_R3_L1_EXTENDED,NEW_MC,R0,PREPROCESSING_FOLDLOCAL_MINUS_LEGACY,H0_COMMON,FOLD_LOCAL_LOTO,LEGACY_GLOBAL_LOTO,1.5843505007692682,1.584350500769268,1.5860328923216522e-16
MC_S0_FULL_R3_L1_EXTENDED,NEW_MC,R0,ADJACENCY_GAP1_MINUS_H0,GAP1_COMMON,FOLD_LOCAL_GAP1,FOLD_LOCAL_LOTO,1.672894800027256,1.6140668822272588,0.19336511165541
MC_S0_FULL_R3_L1_EXTENDED,NEW_MC,R1,PREPROCESSING_FOLDLOCAL_MINUS_LEGACY,H0_COMMON,FOLD_LOCAL_LOTO,LEGACY_GLOBAL_LOTO,1.4419023170432617,1.4419023170432617,-6.344131569286607e-17
MC_S0_FULL_R3_L1_EXTENDED,NEW_MC,R1,ADJACENCY_GAP1_MINUS_H0,GAP1_COMMON,FOLD_LOCAL_GAP1,FOLD_LOCAL_LOTO,1.571603276432236,1.467316889245354,0.3169180050278773
MC_S0_FULL_R3_L1_EXTENDED,NEW_MC,R2,PREPROCESSING_FOLDLOCAL_MINUS_LEGACY,H0_COMMON,FOLD_LOCAL_LOTO,LEGACY_GLOBAL_LOTO,1.4397320827405051,1.432001127042984,0.0222012422199359
MC_S0_FULL_R3_L1_EXTENDED,NEW_MC,R2,ADJACENCY_GAP1_MINUS_H0,GAP1_COMMON,FOLD_LOCAL_GAP1,FOLD_LOCAL_LOTO,1.5300063367903656,1.4757380391596828,0.1631166303958088
MC_S0_FULL_R3_L2_HIGH,NEW_MC,R0,PREPROCESSING_FOLDLOCAL_MINUS_LEGACY,H0_COMMON,FOLD_LOCAL_LOTO,LEGACY_GLOBAL_LOTO,1.436653803268062,1.436653803268062,1.8239378261699002e-16
MC_S0_FULL_R3_L2_HIGH,NEW_MC,R0,ADJACENCY_GAP1_MINUS_H0,GAP1_COMMON,FOLD_LOCAL_GAP1,FOLD_LOCAL_LOTO,1.6240245412769343,1.5448225370371378,0.2509790397319
MC_S0_FULL_R3_L2_HIGH,NEW_MC,R1,PREPROCESSING_FOLDLOCAL_MINUS_LEGACY,H0_COMMON,FOLD_LOCAL_LOTO,LEGACY_GLOBAL_LOTO,1.2976799976414932,1.2976799976414932,-6.608470384673551e-17
MC_S0_FULL_R3_L2_HIGH,NEW_MC,R1,ADJACENCY_GAP1_MINUS_H0,GAP1_COMMON,FOLD_LOCAL_GAP1,FOLD_LOCAL_LOTO,1.5276792539206656,1.365787727132865,0.468427787272844
MC_S0_FULL_R3_L2_HIGH,NEW_MC,R2,PREPROCESSING_FOLDLOCAL_MINUS_LEGACY,H0_COMMON,FOLD_LOCAL_LOTO,LEGACY_GLOBAL_LOTO,1.2802801635053342,1.280280163505334,5.418945715432312e-17
MC_S0_FULL_R3_L2_HIGH,NEW_MC,R2,ADJACENCY_GAP1_MINUS_H0,GAP1_COMMON,FOLD_LOCAL_GAP1,FOLD_LOCAL_LOTO,1.5200931621672815,1.3347094207807737,0.5292339837467773
MC_S0_FULL_R4_L0_STAGE15_MATCHED,NEW_MC,R0,PREPROCESSING_FOLDLOCAL_MINUS_LEGACY,H0_COMMON,FOLD_LOCAL_LOTO,LEGACY_GLOBAL_LOTO,1.5270916139932589,1.5270916139932589,1.8503717077085938e-17
MC_S0_FULL_R4_L0_STAGE15_MATCHED,NEW_MC,R0,ADJACENCY_GAP1_MINUS_H0,GAP1_COMMON,FOLD_LOCAL_GAP1,FOLD_LOCAL_LOTO,1.7336022671742084,1.660362661321233,0.2485726536418273
MC_S0_FULL_R4_L0_STAGE15_MATCHED,NEW_MC,R1,PREPROCESSING_FOLDLOCAL_MINUS_LEGACY,H0_COMMON,FOLD_LOCAL_LOTO,LEGACY_GLOBAL_LOTO,1.340670696981896,1.340670696981896,-1.7842870038618588e-16
MC_S0_FULL_R4_L0_STAGE15_MATCHED,NEW_MC,R1,ADJACENCY_GAP1_MINUS_H0,GAP1_COMMON,FOLD_LOCAL_GAP1,FOLD_LOCAL_LOTO,1.5848494998498517,1.445927351121126,0.4210420324541689
MC_S0_FULL_R4_L0_STAGE15_MATCHED,NEW_MC,R2,PREPROCESSING_FOLDLOCAL_MINUS_LEGACY,H0_COMMON,FOLD_LOCAL_LOTO,LEGACY_GLOBAL_LOTO,1.3666812151982448,1.3666812151982446,2.299747693866396e-16
MC_S0_FULL_R4_L0_STAGE15_MATCHED,NEW_MC,R2,ADJACENCY_GAP1_MINUS_H0,GAP1_COMMON,FOLD_LOCAL_GAP1,FOLD_LOCAL_LOTO,1.6266441096568869,1.4754958276254622,0.4688831221412985
MC_S0_FULL_R4_L1_EXTENDED,NEW_MC,R0,PREPROCESSING_FOLDLOCAL_MINUS_LEGACY,H0_COMMON,FOLD_LOCAL_LOTO,LEGACY_GLOBAL_LOTO,1.5784991020764547,1.5784991020764547,1.480297366166875e-16
MC_S0_FULL_R4_L1_EXTENDED,NEW_MC,R0,ADJACENCY_GAP1_MINUS_H0,GAP1_COMMON,FOLD_LOCAL_GAP1,FOLD_LOCAL_LOTO,1.6613511143474984,1.6031282567539988,0.1900673175405582
MC_S0_FULL_R4_L1_EXTENDED,NEW_MC,R1,PREPROCESSING_FOLDLOCAL_MINUS_LEGACY,H0_COMMON,FOLD_LOCAL_LOTO,LEGACY_GLOBAL_LOTO,1.430663864528752,1.4306638645287515,2.9077269692563624e-16
MC_S0_FULL_R4_L1_EXTENDED,NEW_MC,R1,ADJACENCY_GAP1_MINUS_H0,GAP1_COMMON,FOLD_LOCAL_GAP1,FOLD_LOCAL_LOTO,1.549035372223449,1.4483342497700933,0.3018384853423394
MC_S0_FULL_R4_L1_EXTENDED,NEW_MC,R2,PREPROCESSING_FOLDLOCAL_MINUS_LEGACY,H0_COMMON,FOLD_LOCAL_LOTO,LEGACY_GLOBAL_LOTO,1.4283187579158985,1.4203429152281966,0.0227204773754824
MC_S0_FULL_R4_L1_EXTENDED,NEW_MC,R2,ADJACENCY_GAP1_MINUS_H0,GAP1_COMMON,FOLD_LOCAL_GAP1,FOLD_LOCAL_LOTO,1.521443699616092,1.462254071662818,0.1766039610070123
MC_S0_FULL_R4_L2_HIGH,NEW_MC,R0,PREPROCESSING_FOLDLOCAL_MINUS_LEGACY,H0_COMMON,FOLD_LOCAL_LOTO,LEGACY_GLOBAL_LOTO,1.4177321576284114,1.4177321576284114,6.079792753899666e-17
MC_S0_FULL_R4_L2_HIGH,NEW_MC,R0,ADJACENCY_GAP1_MINUS_H0,GAP1_COMMON,FOLD_LOCAL_GAP1,FOLD_LOCAL_LOTO,1.591151327077036,1.5145663300963426,0.2378513773975089
MC_S0_FULL_R4_L2_HIGH,NEW_MC,R1,PREPROCESSING_FOLDLOCAL_MINUS_LEGACY,H0_COMMON,FOLD_LOCAL_LOTO,LEGACY_GLOBAL_LOTO,1.2784220654524256,1.2784220654524256,5.2867763077388396e-18
MC_S0_FULL_R4_L2_HIGH,NEW_MC,R1,ADJACENCY_GAP1_MINUS_H0,GAP1_COMMON,FOLD_LOCAL_GAP1,FOLD_LOCAL_LOTO,1.4970244248096003,1.3406529312384774,0.4437318464381927
MC_S0_FULL_R4_L2_HIGH,NEW_MC,R2,PREPROCESSING_FOLDLOCAL_MINUS_LEGACY,H0_COMMON,FOLD_LOCAL_LOTO,LEGACY_GLOBAL_LOTO,1.2586655849446318,1.2586655849446318,-1.163090787702545e-16
MC_S0_FULL_R4_L2_HIGH,NEW_MC,R2,ADJACENCY_GAP1_MINUS_H0,GAP1_COMMON,FOLD_LOCAL_GAP1,FOLD_LOCAL_LOTO,1.4985245050549676,1.3176640738898937,0.5093370806301252
MC_S1_DROP_TOP1_R0_L0_STAGE15_MATCHED,NEW_MC,R0,PREPROCESSING_FOLDLOCAL_MINUS_LEGACY,H0_COMMON,FOLD_LOCAL_LOTO,LEGACY_GLOBAL_LOTO,1.6125590809358905,1.6125590809358905,4.493759861578015e-17
MC_S1_DROP_TOP1_R0_L0_STAGE15_MATCHED,NEW_MC,R0,ADJACENCY_GAP1_MINUS_H0,GAP1_COMMON,FOLD_LOCAL_GAP1,FOLD_LOCAL_LOTO,2.012865760723204,1.8921982367132637,0.4712144036710201
MC_S1_DROP_TOP1_R0_L0_STAGE15_MATCHED,NEW_MC,R1,PREPROCESSING_FOLDLOCAL_MINUS_LEGACY,H0_COMMON,FOLD_LOCAL_LOTO,LEGACY_GLOBAL_LOTO,1.391808276054352,1.391808276054352,3.5685740077237176e-16
MC_S1_DROP_TOP1_R0_L0_STAGE15_MATCHED,NEW_MC,R1,ADJACENCY_GAP1_MINUS_H0,GAP1_COMMON,FOLD_LOCAL_GAP1,FOLD_LOCAL_LOTO,1.79320369502582,1.5655605846531546,0.7645995476347262
MC_S1_DROP_TOP1_R0_L0_STAGE15_MATCHED,NEW_MC,R2,PREPROCESSING_FOLDLOCAL_MINUS_LEGACY,H0_COMMON,FOLD_LOCAL_LOTO,LEGACY_GLOBAL_LOTO,1.5185537320644504,1.5905737783842486,-0.2239195073166736
MC_S1_DROP_TOP1_R0_L0_STAGE15_MATCHED,NEW_MC,R2,ADJACENCY_GAP1_MINUS_H0,GAP1_COMMON,FOLD_LOCAL_GAP1,FOLD_LOCAL_LOTO,2.003044091438348,1.7124972237041671,1.0795388910515948
MC_S1_DROP_TOP1_R0_L1_EXTENDED,NEW_MC,R0,PREPROCESSING_FOLDLOCAL_MINUS_LEGACY,H0_COMMON,FOLD_LOCAL_LOTO,LEGACY_GLOBAL_LOTO,1.6403932944611643,1.6403932944611643,4.2294210461910717e-17
MC_S1_DROP_TOP1_R0_L1_EXTENDED,NEW_MC,R0,ADJACENCY_GAP1_MINUS_H0,GAP1_COMMON,FOLD_LOCAL_GAP1,FOLD_LOCAL_LOTO,1.9876973185292304,1.881383162400106,0.411338026325669
MC_S1_DROP_TOP1_R0_L1_EXTENDED,NEW_MC,R1,PREPROCESSING_FOLDLOCAL_MINUS_LEGACY,H0_COMMON,FOLD_LOCAL_LOTO,LEGACY_GLOBAL_LOTO,1.4670857962613686,1.4670857962613688,6.079792753899666e-17
MC_S1_DROP_TOP1_R0_L1_EXTENDED,NEW_MC,R1,ADJACENCY_GAP1_MINUS_H0,GAP1_COMMON,FOLD_LOCAL_GAP1,FOLD_LOCAL_LOTO,1.7974408310011394,1.6107225975370036,0.6363662547337133
MC_S1_DROP_TOP1_R0_L1_EXTENDED,NEW_MC,R2,PREPROCESSING_FOLDLOCAL_MINUS_LEGACY,H0_COMMON,FOLD_LOCAL_LOTO,LEGACY_GLOBAL_LOTO,1.6173512099070315,1.754691480215337,-0.4631172545525511
MC_S1_DROP_TOP1_R0_L1_EXTENDED,NEW_MC,R2,ADJACENCY_GAP1_MINUS_H0,GAP1_COMMON,FOLD_LOCAL_GAP1,FOLD_LOCAL_LOTO,2.0059223993675,1.798823170582695,0.7879598732590893
MC_S1_DROP_TOP1_R0_L2_HIGH,NEW_MC,R0,PREPROCESSING_FOLDLOCAL_MINUS_LEGACY,H0_COMMON,FOLD_LOCAL_LOTO,LEGACY_GLOBAL_LOTO,1.6642771534832594,1.6642771534832594,1.6124667738603463e-16
MC_S1_DROP_TOP1_R0_L2_HIGH,NEW_MC,R0,ADJACENCY_GAP1_MINUS_H0,GAP1_COMMON,FOLD_LOCAL_GAP1,FOLD_LOCAL_LOTO,2.0259836239681754,1.90943993499094,0.4586487792490171
MC_S1_DROP_TOP1_R0_L2_HIGH,NEW_MC,R1,PREPROCESSING_FOLDLOCAL_MINUS_LEGACY,H0_COMMON,FOLD_LOCAL_LOTO,LEGACY_GLOBAL_LOTO,1.43195204084547,1.43195204084547,-2.6301712131000733e-16
MC_S1_DROP_TOP1_R0_L2_HIGH,NEW_MC,R1,ADJACENCY_GAP1_MINUS_H0,GAP1_COMMON,FOLD_LOCAL_GAP1,FOLD_LOCAL_LOTO,1.7961669834389098,1.6013997960800188,0.6617345255109066
MC_S1_DROP_TOP1_R0_L2_HIGH,NEW_MC,R2,PREPROCESSING_FOLDLOCAL_MINUS_LEGACY,H0_COMMON,FOLD_LOCAL_LOTO,LEGACY_GLOBAL_LOTO,1.6113652248490142,1.5685730707032906,0.1360764097171647
MC_S1_DROP_TOP1_R0_L2_HIGH,NEW_MC,R2,ADJACENCY_GAP1_MINUS_H0,GAP1_COMMON,FOLD_LOCAL_GAP1,FOLD_LOCAL_LOTO,1.9561847024076129,1.8143684288834585,0.5347257942045321
MC_S1_DROP_TOP1_R1_L0_STAGE15_MATCHED,NEW_MC,R0,PREPROCESSING_FOLDLOCAL_MINUS_LEGACY,H0_COMMON,FOLD_LOCAL_LOTO,LEGACY_GLOBAL_LOTO,1.6002368677894492,1.6002368677894492,-4.2294210461910717e-17
MC_S1_DROP_TOP1_R1_L0_STAGE15_MATCHED,NEW_MC,R0,ADJACENCY_GAP1_MINUS_H0,GAP1_COMMON,FOLD_LOCAL_GAP1,FOLD_LOCAL_LOTO,1.8714931120939384,1.764679412349058,0.3883930402464375
MC_S1_DROP_TOP1_R1_L0_STAGE15_MATCHED,NEW_MC,R1,PREPROCESSING_FOLDLOCAL_MINUS_LEGACY,H0_COMMON,FOLD_LOCAL_LOTO,LEGACY_GLOBAL_LOTO,1.3946581998480665,1.3946581998480665,-2.2468799307890076e-17
MC_S1_DROP_TOP1_R1_L0_STAGE15_MATCHED,NEW_MC,R1,ADJACENCY_GAP1_MINUS_H0,GAP1_COMMON,FOLD_LOCAL_GAP1,FOLD_LOCAL_LOTO,1.687508971034395,1.5018606708370643,0.592101052714404
MC_S1_DROP_TOP1_R1_L0_STAGE15_MATCHED,NEW_MC,R2,PREPROCESSING_FOLDLOCAL_MINUS_LEGACY,H0_COMMON,FOLD_LOCAL_LOTO,LEGACY_GLOBAL_LOTO,1.5507512483898442,1.6337598130004494,-0.2643416921926042
MC_S1_DROP_TOP1_R1_L0_STAGE15_MATCHED,NEW_MC,R2,ADJACENCY_GAP1_MINUS_H0,GAP1_COMMON,FOLD_LOCAL_GAP1,FOLD_LOCAL_LOTO,1.8990440583190225,1.671939455685564,0.8109867919586425
MC_S1_DROP_TOP1_R1_L1_EXTENDED,NEW_MC,R0,PREPROCESSING_FOLDLOCAL_MINUS_LEGACY,H0_COMMON,FOLD_LOCAL_LOTO,LEGACY_GLOBAL_LOTO,1.6497388285314958,1.6497388285314958,4.2294210461910717e-17
MC_S1_DROP_TOP1_R1_L1_EXTENDED,NEW_MC,R0,ADJACENCY_GAP1_MINUS_H0,GAP1_COMMON,FOLD_LOCAL_GAP1,FOLD_LOCAL_LOTO,2.007891609056748,1.8978606527803572,0.4297536563486118
MC_S1_DROP_TOP1_R1_L1_EXTENDED,NEW_MC,R1,PREPROCESSING_FOLDLOCAL_MINUS_LEGACY,H0_COMMON,FOLD_LOCAL_LOTO,LEGACY_GLOBAL_LOTO,1.4735074196070312,1.4735074196070317,-1.956107233863371e-16
MC_S1_DROP_TOP1_R1_L1_EXTENDED,NEW_MC,R1,ADJACENCY_GAP1_MINUS_H0,GAP1_COMMON,FOLD_LOCAL_GAP1,FOLD_LOCAL_LOTO,1.8127234804590773,1.6167476905064688,0.6720933218496711
MC_S1_DROP_TOP1_R1_L1_EXTENDED,NEW_MC,R2,PREPROCESSING_FOLDLOCAL_MINUS_LEGACY,H0_COMMON,FOLD_LOCAL_LOTO,LEGACY_GLOBAL_LOTO,1.6336566518853115,1.754413977915838,-0.4091343496573476
MC_S1_DROP_TOP1_R1_L1_EXTENDED,NEW_MC,R2,ADJACENCY_GAP1_MINUS_H0,GAP1_COMMON,FOLD_LOCAL_GAP1,FOLD_LOCAL_LOTO,2.0202982830956624,1.8097582091767312,0.8063803769967114
MC_S1_DROP_TOP1_R1_L2_HIGH,NEW_MC,R0,PREPROCESSING_FOLDLOCAL_MINUS_LEGACY,H0_COMMON,FOLD_LOCAL_LOTO,LEGACY_GLOBAL_LOTO,1.6579395032024742,1.6579395032024742,-2.6433881538694198e-18
MC_S1_DROP_TOP1_R1_L2_HIGH,NEW_MC,R0,ADJACENCY_GAP1_MINUS_H0,GAP1_COMMON,FOLD_LOCAL_GAP1,FOLD_LOCAL_LOTO,2.008931810396386,1.893360509769934,0.4509929988662363
MC_S1_DROP_TOP1_R1_L2_HIGH,NEW_MC,R1,PREPROCESSING_FOLDLOCAL_MINUS_LEGACY,H0_COMMON,FOLD_LOCAL_LOTO,LEGACY_GLOBAL_LOTO,1.4207574661168316,1.4207574661168316,1.718202300015123e-16
MC_S1_DROP_TOP1_R1_L2_HIGH,NEW_MC,R1,ADJACENCY_GAP1_MINUS_H0,GAP1_COMMON,FOLD_LOCAL_GAP1,FOLD_LOCAL_LOTO,1.7790067452642462,1.5860916291958649,0.6491783434904949
MC_S1_DROP_TOP1_R1_L2_HIGH,NEW_MC,R2,PREPROCESSING_FOLDLOCAL_MINUS_LEGACY,H0_COMMON,FOLD_LOCAL_LOTO,LEGACY_GLOBAL_LOTO,1.6025846453341062,1.5770945155089815,0.0810504346121335
MC_S1_DROP_TOP1_R1_L2_HIGH,NEW_MC,R2,ADJACENCY_GAP1_MINUS_H0,GAP1_COMMON,FOLD_LOCAL_GAP1,FOLD_LOCAL_LOTO,1.953686244842236,1.7964699845417595,0.5895855379262872
MC_S1_DROP_TOP1_R2_L0_STAGE15_MATCHED,NEW_MC,R0,PREPROCESSING_FOLDLOCAL_MINUS_LEGACY,H0_COMMON,FOLD_LOCAL_LOTO,LEGACY_GLOBAL_LOTO,1.6174448464707043,1.6174448464707043,2.854859206178974e-16
MC_S1_DROP_TOP1_R2_L0_STAGE15_MATCHED,NEW_MC,R0,ADJACENCY_GAP1_MINUS_H0,GAP1_COMMON,FOLD_LOCAL_GAP1,FOLD_LOCAL_LOTO,1.9157801485282708,1.8051125546888636,0.4117822423996495
MC_S1_DROP_TOP1_R2_L0_STAGE15_MATCHED,NEW_MC,R1,PREPROCESSING_FOLDLOCAL_MINUS_LEGACY,H0_COMMON,FOLD_LOCAL_LOTO,LEGACY_GLOBAL_LOTO,1.3934428780120132,1.3934428780120132,2.5376526277146434e-16
MC_S1_DROP_TOP1_R2_L0_STAGE15_MATCHED,NEW_MC,R1,ADJACENCY_GAP1_MINUS_H0,GAP1_COMMON,FOLD_LOCAL_GAP1,FOLD_LOCAL_LOTO,1.7287549442865684,1.5314215424767386,0.6433417166334232
MC_S1_DROP_TOP1_R2_L0_STAGE15_MATCHED,NEW_MC,R2,PREPROCESSING_FOLDLOCAL_MINUS_LEGACY,H0_COMMON,FOLD_LOCAL_LOTO,LEGACY_GLOBAL_LOTO,1.5967717186470416,1.637883433044116,-0.1329822187693528
MC_S1_DROP_TOP1_R2_L0_STAGE15_MATCHED,NEW_MC,R2,ADJACENCY_GAP1_MINUS_H0,GAP1_COMMON,FOLD_LOCAL_GAP1,FOLD_LOCAL_LOTO,1.9578004992428648,1.766869853706325,0.7111537148993996
MC_S1_DROP_TOP1_R2_L1_EXTENDED,NEW_MC,R0,PREPROCESSING_FOLDLOCAL_MINUS_LEGACY,H0_COMMON,FOLD_LOCAL_LOTO,LEGACY_GLOBAL_LOTO,1.6663397859022564,1.6663397859022564,-5.815453938512725e-17
MC_S1_DROP_TOP1_R2_L1_EXTENDED,NEW_MC,R0,ADJACENCY_GAP1_MINUS_H0,GAP1_COMMON,FOLD_LOCAL_GAP1,FOLD_LOCAL_LOTO,2.007671423293137,1.8986249235759671,0.4259679434840443
MC_S1_DROP_TOP1_R2_L1_EXTENDED,NEW_MC,R1,PREPROCESSING_FOLDLOCAL_MINUS_LEGACY,H0_COMMON,FOLD_LOCAL_LOTO,LEGACY_GLOBAL_LOTO,1.4919371990022496,1.4919371990022496,-5.2867763077388396e-18
MC_S1_DROP_TOP1_R2_L1_EXTENDED,NEW_MC,R1,ADJACENCY_GAP1_MINUS_H0,GAP1_COMMON,FOLD_LOCAL_GAP1,FOLD_LOCAL_LOTO,1.8147818156852684,1.6213174664954395,0.6647627113787286
MC_S1_DROP_TOP1_R2_L1_EXTENDED,NEW_MC,R2,PREPROCESSING_FOLDLOCAL_MINUS_LEGACY,H0_COMMON,FOLD_LOCAL_LOTO,LEGACY_GLOBAL_LOTO,1.616108585692295,1.7423655315887587,-0.4240306849202286
MC_S1_DROP_TOP1_R2_L1_EXTENDED,NEW_MC,R2,ADJACENCY_GAP1_MINUS_H0,GAP1_COMMON,FOLD_LOCAL_GAP1,FOLD_LOCAL_LOTO,2.014636781851687,1.748901047622362,1.0001064884151245
MC_S1_DROP_TOP1_R2_L2_HIGH,NEW_MC,R0,PREPROCESSING_FOLDLOCAL_MINUS_LEGACY,H0_COMMON,FOLD_LOCAL_LOTO,LEGACY_GLOBAL_LOTO,1.6700380567917976,1.6700380567917976,0.0
MC_S1_DROP_TOP1_R2_L2_HIGH,NEW_MC,R0,ADJACENCY_GAP1_MINUS_H0,GAP1_COMMON,FOLD_LOCAL_GAP1,FOLD_LOCAL_LOTO,2.0139575438702915,1.896396920478816,0.4597037085105234
MC_S1_DROP_TOP1_R2_L2_HIGH,NEW_MC,R1,PREPROCESSING_FOLDLOCAL_MINUS_LEGACY,H0_COMMON,FOLD_LOCAL_LOTO,LEGACY_GLOBAL_LOTO,1.4312704928249516,1.4312704928249518,-1.3216940769347101e-17
MC_S1_DROP_TOP1_R2_L2_HIGH,NEW_MC,R1,ADJACENCY_GAP1_MINUS_H0,GAP1_COMMON,FOLD_LOCAL_GAP1,FOLD_LOCAL_LOTO,1.7868582669358009,1.590529506123712,0.6630783562666754
MC_S1_DROP_TOP1_R2_L2_HIGH,NEW_MC,R2,PREPROCESSING_FOLDLOCAL_MINUS_LEGACY,H0_COMMON,FOLD_LOCAL_LOTO,LEGACY_GLOBAL_LOTO,1.618088610222314,1.5927025112071702,0.0815094613255535
MC_S1_DROP_TOP1_R2_L2_HIGH,NEW_MC,R2,ADJACENCY_GAP1_MINUS_H0,GAP1_COMMON,FOLD_LOCAL_GAP1,FOLD_LOCAL_LOTO,1.961234424214412,1.791452608407049,0.6371380185552145
MC_S1_DROP_TOP1_R3_L0_STAGE15_MATCHED,NEW_MC,R0,PREPROCESSING_FOLDLOCAL_MINUS_LEGACY,H0_COMMON,FOLD_LOCAL_LOTO,LEGACY_GLOBAL_LOTO,1.5904997789372606,1.5904997789372606,5.815453938512725e-17
MC_S1_DROP_TOP1_R3_L0_STAGE15_MATCHED,NEW_MC,R0,ADJACENCY_GAP1_MINUS_H0,GAP1_COMMON,FOLD_LOCAL_GAP1,FOLD_LOCAL_LOTO,1.8864349335067032,1.7767612936592012,0.4017560637089205
MC_S1_DROP_TOP1_R3_L0_STAGE15_MATCHED,NEW_MC,R1,PREPROCESSING_FOLDLOCAL_MINUS_LEGACY,H0_COMMON,FOLD_LOCAL_LOTO,LEGACY_GLOBAL_LOTO,1.3760424423485118,1.3760424423485114,3.6875264746478416e-16
MC_S1_DROP_TOP1_R3_L0_STAGE15_MATCHED,NEW_MC,R1,ADJACENCY_GAP1_MINUS_H0,GAP1_COMMON,FOLD_LOCAL_GAP1,FOLD_LOCAL_LOTO,1.6970070324622315,1.5009517582563063,0.6269766876135731
MC_S1_DROP_TOP1_R3_L0_STAGE15_MATCHED,NEW_MC,R2,PREPROCESSING_FOLDLOCAL_MINUS_LEGACY,H0_COMMON,FOLD_LOCAL_LOTO,LEGACY_GLOBAL_LOTO,1.5155238325831235,1.6273527904711158,-0.3514646175266878
MC_S1_DROP_TOP1_R3_L0_STAGE15_MATCHED,NEW_MC,R2,ADJACENCY_GAP1_MINUS_H0,GAP1_COMMON,FOLD_LOCAL_GAP1,FOLD_LOCAL_LOTO,1.9065097967531637,1.674046586012732,0.8323476329749055
MC_S1_DROP_TOP1_R3_L1_EXTENDED,NEW_MC,R0,PREPROCESSING_FOLDLOCAL_MINUS_LEGACY,H0_COMMON,FOLD_LOCAL_LOTO,LEGACY_GLOBAL_LOTO,1.676658687409609,1.676658687409609,2.484784864637255e-16
MC_S1_DROP_TOP1_R3_L1_EXTENDED,NEW_MC,R0,ADJACENCY_GAP1_MINUS_H0,GAP1_COMMON,FOLD_LOCAL_GAP1,FOLD_LOCAL_LOTO,2.00690703970159,1.9010627048450008,0.4136364582512091
MC_S1_DROP_TOP1_R3_L1_EXTENDED,NEW_MC,R1,PREPROCESSING_FOLDLOCAL_MINUS_LEGACY,H0_COMMON,FOLD_LOCAL_LOTO,LEGACY_GLOBAL_LOTO,1.495168381934729,1.4951683819347292,-2.1411444046342303e-16
MC_S1_DROP_TOP1_R3_L1_EXTENDED,NEW_MC,R1,ADJACENCY_GAP1_MINUS_H0,GAP1_COMMON,FOLD_LOCAL_GAP1,FOLD_LOCAL_LOTO,1.8207468352638636,1.6331054901897848,0.6480854960353577
MC_S1_DROP_TOP1_R3_L1_EXTENDED,NEW_MC,R2,PREPROCESSING_FOLDLOCAL_MINUS_LEGACY,H0_COMMON,FOLD_LOCAL_LOTO,LEGACY_GLOBAL_LOTO,1.649168919500065,1.716022842435376,-0.2249762707149762
MC_S1_DROP_TOP1_R3_L1_EXTENDED,NEW_MC,R2,ADJACENCY_GAP1_MINUS_H0,GAP1_COMMON,FOLD_LOCAL_GAP1,FOLD_LOCAL_LOTO,2.0313310561632267,1.829599038760884,0.778873217098458
MC_S1_DROP_TOP1_R3_L2_HIGH,NEW_MC,R0,PREPROCESSING_FOLDLOCAL_MINUS_LEGACY,H0_COMMON,FOLD_LOCAL_LOTO,LEGACY_GLOBAL_LOTO,1.6841953149714988,1.6841953149714983,3.6478756523398004e-16
MC_S1_DROP_TOP1_R3_L2_HIGH,NEW_MC,R0,ADJACENCY_GAP1_MINUS_H0,GAP1_COMMON,FOLD_LOCAL_GAP1,FOLD_LOCAL_LOTO,2.028828511834577,1.9116063192004915,0.4619064108256553
MC_S1_DROP_TOP1_R3_L2_HIGH,NEW_MC,R1,PREPROCESSING_FOLDLOCAL_MINUS_LEGACY,H0_COMMON,FOLD_LOCAL_LOTO,LEGACY_GLOBAL_LOTO,1.4431862994318163,1.4431862994318163,2.3790493384824785e-17
MC_S1_DROP_TOP1_R3_L2_HIGH,NEW_MC,R1,ADJACENCY_GAP1_MINUS_H0,GAP1_COMMON,FOLD_LOCAL_GAP1,FOLD_LOCAL_LOTO,1.80214448482264,1.605818833503274,0.6690706181428426
MC_S1_DROP_TOP1_R3_L2_HIGH,NEW_MC,R2,PREPROCESSING_FOLDLOCAL_MINUS_LEGACY,H0_COMMON,FOLD_LOCAL_LOTO,LEGACY_GLOBAL_LOTO,1.6219336302733394,1.5972961069694749,0.0793138476718128
MC_S1_DROP_TOP1_R3_L2_HIGH,NEW_MC,R2,ADJACENCY_GAP1_MINUS_H0,GAP1_COMMON,FOLD_LOCAL_GAP1,FOLD_LOCAL_LOTO,1.9786162004060464,1.8069732788438904,0.649769638053418
MC_S1_DROP_TOP1_R4_L0_STAGE15_MATCHED,NEW_MC,R0,PREPROCESSING_FOLDLOCAL_MINUS_LEGACY,H0_COMMON,FOLD_LOCAL_LOTO,LEGACY_GLOBAL_LOTO,1.569535428306575,1.5695354283065752,-6.608470384673551e-17
MC_S1_DROP_TOP1_R4_L0_STAGE15_MATCHED,NEW_MC,R0,ADJACENCY_GAP1_MINUS_H0,GAP1_COMMON,FOLD_LOCAL_GAP1,FOLD_LOCAL_LOTO,1.9075902790486772,1.795042796951586,0.4167220298332383
MC_S1_DROP_TOP1_R4_L0_STAGE15_MATCHED,NEW_MC,R1,PREPROCESSING_FOLDLOCAL_MINUS_LEGACY,H0_COMMON,FOLD_LOCAL_LOTO,LEGACY_GLOBAL_LOTO,1.358919583734027,1.358919583734027,-1.3216940769347101e-17
MC_S1_DROP_TOP1_R4_L0_STAGE15_MATCHED,NEW_MC,R1,ADJACENCY_GAP1_MINUS_H0,GAP1_COMMON,FOLD_LOCAL_GAP1,FOLD_LOCAL_LOTO,1.7099297076015954,1.5051147826190074,0.6584890960802153
MC_S1_DROP_TOP1_R4_L0_STAGE15_MATCHED,NEW_MC,R2,PREPROCESSING_FOLDLOCAL_MINUS_LEGACY,H0_COMMON,FOLD_LOCAL_LOTO,LEGACY_GLOBAL_LOTO,1.544180993768185,1.5694755128639175,-0.0787584439645581
MC_S1_DROP_TOP1_R4_L0_STAGE15_MATCHED,NEW_MC,R2,ADJACENCY_GAP1_MINUS_H0,GAP1_COMMON,FOLD_LOCAL_GAP1,FOLD_LOCAL_LOTO,1.938048565622709,1.7226546690657167,0.788493133858326
MC_S1_DROP_TOP1_R4_L1_EXTENDED,NEW_MC,R0,PREPROCESSING_FOLDLOCAL_MINUS_LEGACY,H0_COMMON,FOLD_LOCAL_LOTO,LEGACY_GLOBAL_LOTO,1.6412136905024246,1.6412136905024246,3.4364046000302466e-17
MC_S1_DROP_TOP1_R4_L1_EXTENDED,NEW_MC,R0,ADJACENCY_GAP1_MINUS_H0,GAP1_COMMON,FOLD_LOCAL_GAP1,FOLD_LOCAL_LOTO,1.944597068051588,1.840917527253063,0.3924804149273011
MC_S1_DROP_TOP1_R4_L1_EXTENDED,NEW_MC,R1,PREPROCESSING_FOLDLOCAL_MINUS_LEGACY,H0_COMMON,FOLD_LOCAL_LOTO,LEGACY_GLOBAL_LOTO,1.463277012401067,1.4632770124010668,3.5421401261850235e-16
MC_S1_DROP_TOP1_R4_L1_EXTENDED,NEW_MC,R1,ADJACENCY_GAP1_MINUS_H0,GAP1_COMMON,FOLD_LOCAL_GAP1,FOLD_LOCAL_LOTO,1.760491805801701,1.5851595697327874,0.5866005367794985
MC_S1_DROP_TOP1_R4_L1_EXTENDED,NEW_MC,R2,PREPROCESSING_FOLDLOCAL_MINUS_LEGACY,H0_COMMON,FOLD_LOCAL_LOTO,LEGACY_GLOBAL_LOTO,1.5891989616525528,1.7381381305568449,-0.4955708211780921
MC_S1_DROP_TOP1_R4_L1_EXTENDED,NEW_MC,R2,ADJACENCY_GAP1_MINUS_H0,GAP1_COMMON,FOLD_LOCAL_GAP1,FOLD_LOCAL_LOTO,1.931564701327904,1.723752096927817,0.7596209037529082
MC_S1_DROP_TOP1_R4_L2_HIGH,NEW_MC,R0,PREPROCESSING_FOLDLOCAL_MINUS_LEGACY,H0_COMMON,FOLD_LOCAL_LOTO,LEGACY_GLOBAL_LOTO,1.6985421873615203,1.6985421873615203,4.361590453884543e-16
MC_S1_DROP_TOP1_R4_L2_HIGH,NEW_MC,R0,ADJACENCY_GAP1_MINUS_H0,GAP1_COMMON,FOLD_LOCAL_GAP1,FOLD_LOCAL_LOTO,2.040716898860269,1.9228817968023333,0.4670510568201061
MC_S1_DROP_TOP1_R4_L2_HIGH,NEW_MC,R1,PREPROCESSING_FOLDLOCAL_MINUS_LEGACY,H0_COMMON,FOLD_LOCAL_LOTO,LEGACY_GLOBAL_LOTO,1.4487856865751123,1.4487856865751123,1.3216940769347102e-16
MC_S1_DROP_TOP1_R4_L2_HIGH,NEW_MC,R1,ADJACENCY_GAP1_MINUS_H0,GAP1_COMMON,FOLD_LOCAL_GAP1,FOLD_LOCAL_LOTO,1.8208648902457287,1.6268366093945834,0.6689515948631264
MC_S1_DROP_TOP1_R4_L2_HIGH,NEW_MC,R2,PREPROCESSING_FOLDLOCAL_MINUS_LEGACY,H0_COMMON,FOLD_LOCAL_LOTO,LEGACY_GLOBAL_LOTO,1.6033976688703226,1.6051349813615745,-0.0055742238518363
MC_S1_DROP_TOP1_R4_L2_HIGH,NEW_MC,R2,ADJACENCY_GAP1_MINUS_H0,GAP1_COMMON,FOLD_LOCAL_GAP1,FOLD_LOCAL_LOTO,1.972157452134921,1.817672748483381,0.585470795432175
MC_S2_DROP_TOP5_R0_L0_STAGE15_MATCHED,NEW_MC,R0,PREPROCESSING_FOLDLOCAL_MINUS_LEGACY,H0_COMMON,FOLD_LOCAL_LOTO,LEGACY_GLOBAL_LOTO,1.5029979326251934,1.5029979326251934,2.1147105230955358e-17
MC_S2_DROP_TOP5_R0_L0_STAGE15_MATCHED,NEW_MC,R0,ADJACENCY_GAP1_MINUS_H0,GAP1_COMMON,FOLD_LOCAL_GAP1,FOLD_LOCAL_LOTO,1.7880173171867029,1.7280354537818845,0.2108993970323709
MC_S2_DROP_TOP5_R0_L0_STAGE15_MATCHED,NEW_MC,R1,PREPROCESSING_FOLDLOCAL_MINUS_LEGACY,H0_COMMON,FOLD_LOCAL_LOTO,LEGACY_GLOBAL_LOTO,1.5313175877217116,1.5313175877217111,2.3790493384824785e-17
MC_S2_DROP_TOP5_R0_L0_STAGE15_MATCHED,NEW_MC,R1,ADJACENCY_GAP1_MINUS_H0,GAP1_COMMON,FOLD_LOCAL_GAP1,FOLD_LOCAL_LOTO,1.9143127549933088,1.7317451348810038,0.6656521117460443
MC_S2_DROP_TOP5_R0_L0_STAGE15_MATCHED,NEW_MC,R2,PREPROCESSING_FOLDLOCAL_MINUS_LEGACY,H0_COMMON,FOLD_LOCAL_LOTO,LEGACY_GLOBAL_LOTO,1.5167082180404237,1.5165232316286583,0.0005611066019281
MC_S2_DROP_TOP5_R0_L0_STAGE15_MATCHED,NEW_MC,R2,ADJACENCY_GAP1_MINUS_H0,GAP1_COMMON,FOLD_LOCAL_GAP1,FOLD_LOCAL_LOTO,1.9872528787818584,1.7325804619359373,0.9473389471446388
MC_S2_DROP_TOP5_R0_L1_EXTENDED,NEW_MC,R0,PREPROCESSING_FOLDLOCAL_MINUS_LEGACY,H0_COMMON,FOLD_LOCAL_LOTO,LEGACY_GLOBAL_LOTO,1.9481005245473997,1.9481005245474,-1.3481279584734043e-16
MC_S2_DROP_TOP5_R0_L1_EXTENDED,NEW_MC,R0,ADJACENCY_GAP1_MINUS_H0,GAP1_COMMON,FOLD_LOCAL_GAP1,FOLD_LOCAL_LOTO,2.0402568795235614,2.006327114801532,0.1372996428553802
MC_S2_DROP_TOP5_R0_L1_EXTENDED,NEW_MC,R1,PREPROCESSING_FOLDLOCAL_MINUS_LEGACY,H0_COMMON,FOLD_LOCAL_LOTO,LEGACY_GLOBAL_LOTO,2.037867622705825,2.037867622705825,-5.2867763077388404e-17
MC_S2_DROP_TOP5_R0_L1_EXTENDED,NEW_MC,R1,ADJACENCY_GAP1_MINUS_H0,GAP1_COMMON,FOLD_LOCAL_GAP1,FOLD_LOCAL_LOTO,2.2934389254854124,2.0922531555519703,0.8823388380145047
MC_S2_DROP_TOP5_R0_L1_EXTENDED,NEW_MC,R2,PREPROCESSING_FOLDLOCAL_MINUS_LEGACY,H0_COMMON,FOLD_LOCAL_LOTO,LEGACY_GLOBAL_LOTO,2.175954756254788,2.1324596728604317,0.1873948448918151
MC_S2_DROP_TOP5_R0_L1_EXTENDED,NEW_MC,R2,ADJACENCY_GAP1_MINUS_H0,GAP1_COMMON,FOLD_LOCAL_GAP1,FOLD_LOCAL_LOTO,2.6014698322441228,2.225101423535254,1.816568943057652
MC_S2_DROP_TOP5_R0_L2_HIGH,NEW_MC,R0,PREPROCESSING_FOLDLOCAL_MINUS_LEGACY,H0_COMMON,FOLD_LOCAL_LOTO,LEGACY_GLOBAL_LOTO,1.6873083395414226,1.6873083395414226,1.5860328923216518e-17
MC_S2_DROP_TOP5_R0_L2_HIGH,NEW_MC,R0,ADJACENCY_GAP1_MINUS_H0,GAP1_COMMON,FOLD_LOCAL_GAP1,FOLD_LOCAL_LOTO,1.9317138807493688,1.852055036049844,0.3014106605221957
MC_S2_DROP_TOP5_R0_L2_HIGH,NEW_MC,R1,PREPROCESSING_FOLDLOCAL_MINUS_LEGACY,H0_COMMON,FOLD_LOCAL_LOTO,LEGACY_GLOBAL_LOTO,1.6697734682329826,1.6697734682329826,1.2688263138573214e-16
MC_S2_DROP_TOP5_R0_L2_HIGH,NEW_MC,R1,ADJACENCY_GAP1_MINUS_H0,GAP1_COMMON,FOLD_LOCAL_GAP1,FOLD_LOCAL_LOTO,2.064655419039692,1.81168608440366,0.9805955309481016
MC_S2_DROP_TOP5_R0_L2_HIGH,NEW_MC,R2,PREPROCESSING_FOLDLOCAL_MINUS_LEGACY,H0_COMMON,FOLD_LOCAL_LOTO,LEGACY_GLOBAL_LOTO,1.6161908418639352,1.6161908418639352,-4.388024335423238e-16
MC_S2_DROP_TOP5_R0_L2_HIGH,NEW_MC,R2,ADJACENCY_GAP1_MINUS_H0,GAP1_COMMON,FOLD_LOCAL_GAP1,FOLD_LOCAL_LOTO,1.9959350699763976,1.7508976710697273,0.918114149004292
MC_S2_DROP_TOP5_R1_L0_STAGE15_MATCHED,NEW_MC,R0,PREPROCESSING_FOLDLOCAL_MINUS_LEGACY,H0_COMMON,FOLD_LOCAL_LOTO,LEGACY_GLOBAL_LOTO,1.733354349945473,1.7333543499454729,2.6433881538694203e-16
MC_S2_DROP_TOP5_R1_L0_STAGE15_MATCHED,NEW_MC,R0,ADJACENCY_GAP1_MINUS_H0,GAP1_COMMON,FOLD_LOCAL_GAP1,FOLD_LOCAL_LOTO,1.9850327718739813,1.923525352476389,0.2404053237942872
MC_S2_DROP_TOP5_R1_L0_STAGE15_MATCHED,NEW_MC,R1,PREPROCESSING_FOLDLOCAL_MINUS_LEGACY,H0_COMMON,FOLD_LOCAL_LOTO,LEGACY_GLOBAL_LOTO,1.79152867009363,1.79152867009363,-7.665825646221319e-17
MC_S2_DROP_TOP5_R1_L0_STAGE15_MATCHED,NEW_MC,R1,ADJACENCY_GAP1_MINUS_H0,GAP1_COMMON,FOLD_LOCAL_GAP1,FOLD_LOCAL_LOTO,2.178853958866419,1.9642407627438203,0.8891628000434411
MC_S2_DROP_TOP5_R1_L0_STAGE15_MATCHED,NEW_MC,R2,PREPROCESSING_FOLDLOCAL_MINUS_LEGACY,H0_COMMON,FOLD_LOCAL_LOTO,LEGACY_GLOBAL_LOTO,1.7701589562092472,1.7701589562092472,3.9650822308041306e-17
MC_S2_DROP_TOP5_R1_L0_STAGE15_MATCHED,NEW_MC,R2,ADJACENCY_GAP1_MINUS_H0,GAP1_COMMON,FOLD_LOCAL_GAP1,FOLD_LOCAL_LOTO,2.256211663607923,1.9741610067313156,1.1931793905020298
MC_S2_DROP_TOP5_R1_L1_EXTENDED,NEW_MC,R0,PREPROCESSING_FOLDLOCAL_MINUS_LEGACY,H0_COMMON,FOLD_LOCAL_LOTO,LEGACY_GLOBAL_LOTO,1.865049362782856,1.865049362782856,3.7007434154171876e-17
MC_S2_DROP_TOP5_R1_L1_EXTENDED,NEW_MC,R0,ADJACENCY_GAP1_MINUS_H0,GAP1_COMMON,FOLD_LOCAL_GAP1,FOLD_LOCAL_LOTO,2.037167822183465,1.9956086278163607,0.1675989403246232
MC_S2_DROP_TOP5_R1_L1_EXTENDED,NEW_MC,R1,PREPROCESSING_FOLDLOCAL_MINUS_LEGACY,H0_COMMON,FOLD_LOCAL_LOTO,LEGACY_GLOBAL_LOTO,1.9471563165958712,1.9471563165958707,7.665825646221319e-17
MC_S2_DROP_TOP5_R1_L1_EXTENDED,NEW_MC,R1,ADJACENCY_GAP1_MINUS_H0,GAP1_COMMON,FOLD_LOCAL_GAP1,FOLD_LOCAL_LOTO,2.369315332415653,2.1096010149033426,1.1632387023386843
MC_S2_DROP_TOP5_R1_L1_EXTENDED,NEW_MC,R2,PREPROCESSING_FOLDLOCAL_MINUS_LEGACY,H0_COMMON,FOLD_LOCAL_LOTO,LEGACY_GLOBAL_LOTO,2.073699152068197,2.074381465283264,-0.0028302902223805
MC_S2_DROP_TOP5_R1_L1_EXTENDED,NEW_MC,R2,ADJACENCY_GAP1_MINUS_H0,GAP1_COMMON,FOLD_LOCAL_GAP1,FOLD_LOCAL_LOTO,2.689172986583663,2.213554386975058,2.3318283276747707
MC_S2_DROP_TOP5_R1_L2_HIGH,NEW_MC,R0,PREPROCESSING_FOLDLOCAL_MINUS_LEGACY,H0_COMMON,FOLD_LOCAL_LOTO,LEGACY_GLOBAL_LOTO,1.669337545531287,1.6693375455312875,-6.344131569286607e-17
MC_S2_DROP_TOP5_R1_L2_HIGH,NEW_MC,R0,ADJACENCY_GAP1_MINUS_H0,GAP1_COMMON,FOLD_LOCAL_GAP1,FOLD_LOCAL_LOTO,1.9038365104626456,1.826721846101808,0.2876807555449839
MC_S2_DROP_TOP5_R1_L2_HIGH,NEW_MC,R1,PREPROCESSING_FOLDLOCAL_MINUS_LEGACY,H0_COMMON,FOLD_LOCAL_LOTO,LEGACY_GLOBAL_LOTO,1.6484881229594266,1.6484881229594264,1.5860328923216518e-17
MC_S2_DROP_TOP5_R1_L2_HIGH,NEW_MC,R1,ADJACENCY_GAP1_MINUS_H0,GAP1_COMMON,FOLD_LOCAL_GAP1,FOLD_LOCAL_LOTO,2.0138797891570666,1.7817572534613684,0.8810528949131115
MC_S2_DROP_TOP5_R1_L2_HIGH,NEW_MC,R2,PREPROCESSING_FOLDLOCAL_MINUS_LEGACY,H0_COMMON,FOLD_LOCAL_LOTO,LEGACY_GLOBAL_LOTO,1.6114738694481576,1.6114738694481578,-3.4364046000302466e-17
MC_S2_DROP_TOP5_R1_L2_HIGH,NEW_MC,R2,ADJACENCY_GAP1_MINUS_H0,GAP1_COMMON,FOLD_LOCAL_GAP1,FOLD_LOCAL_LOTO,1.9751117186888028,1.732492944364332,0.8995344990296433
MC_S2_DROP_TOP5_R2_L0_STAGE15_MATCHED,NEW_MC,R0,PREPROCESSING_FOLDLOCAL_MINUS_LEGACY,H0_COMMON,FOLD_LOCAL_LOTO,LEGACY_GLOBAL_LOTO,1.5769038048881312,1.5769038048881314,-1.7975039446312059e-16
MC_S2_DROP_TOP5_R2_L0_STAGE15_MATCHED,NEW_MC,R0,ADJACENCY_GAP1_MINUS_H0,GAP1_COMMON,FOLD_LOCAL_GAP1,FOLD_LOCAL_LOTO,1.8802939604400408,1.821041584559656,0.2193129249717516
MC_S2_DROP_TOP5_R2_L0_STAGE15_MATCHED,NEW_MC,R1,PREPROCESSING_FOLDLOCAL_MINUS_LEGACY,H0_COMMON,FOLD_LOCAL_LOTO,LEGACY_GLOBAL_LOTO,1.6166750186751149,1.6166750186751149,-4.758098676964956e-16
MC_S2_DROP_TOP5_R2_L0_STAGE15_MATCHED,NEW_MC,R1,ADJACENCY_GAP1_MINUS_H0,GAP1_COMMON,FOLD_LOCAL_GAP1,FOLD_LOCAL_LOTO,2.0558715349836305,1.854319076037588,0.7881085325990537
MC_S2_DROP_TOP5_R2_L0_STAGE15_MATCHED,NEW_MC,R2,PREPROCESSING_FOLDLOCAL_MINUS_LEGACY,H0_COMMON,FOLD_LOCAL_LOTO,LEGACY_GLOBAL_LOTO,1.595223698613323,1.5959884701955702,-0.002440548379627
MC_S2_DROP_TOP5_R2_L0_STAGE15_MATCHED,NEW_MC,R2,ADJACENCY_GAP1_MINUS_H0,GAP1_COMMON,FOLD_LOCAL_GAP1,FOLD_LOCAL_LOTO,2.114161827217474,1.8493880088647856,1.049444224330671
MC_S2_DROP_TOP5_R2_L1_EXTENDED,NEW_MC,R0,PREPROCESSING_FOLDLOCAL_MINUS_LEGACY,H0_COMMON,FOLD_LOCAL_LOTO,LEGACY_GLOBAL_LOTO,1.8483984233306496,1.8483984233306496,2.564086509253337e-16
MC_S2_DROP_TOP5_R2_L1_EXTENDED,NEW_MC,R0,ADJACENCY_GAP1_MINUS_H0,GAP1_COMMON,FOLD_LOCAL_GAP1,FOLD_LOCAL_LOTO,1.9956267873101727,1.9605616477322336,0.1387242996713895
MC_S2_DROP_TOP5_R2_L1_EXTENDED,NEW_MC,R1,PREPROCESSING_FOLDLOCAL_MINUS_LEGACY,H0_COMMON,FOLD_LOCAL_LOTO,LEGACY_GLOBAL_LOTO,1.9300857252580244,1.9300857252580244,-1.3216940769347101e-17
MC_S2_DROP_TOP5_R2_L1_EXTENDED,NEW_MC,R1,ADJACENCY_GAP1_MINUS_H0,GAP1_COMMON,FOLD_LOCAL_GAP1,FOLD_LOCAL_LOTO,2.257837650243358,2.048939711969506,0.8996769115707683
MC_S2_DROP_TOP5_R2_L1_EXTENDED,NEW_MC,R2,PREPROCESSING_FOLDLOCAL_MINUS_LEGACY,H0_COMMON,FOLD_LOCAL_LOTO,LEGACY_GLOBAL_LOTO,2.029365220529982,2.060174811431003,-0.1259970553580648
MC_S2_DROP_TOP5_R2_L1_EXTENDED,NEW_MC,R2,ADJACENCY_GAP1_MINUS_H0,GAP1_COMMON,FOLD_LOCAL_GAP1,FOLD_LOCAL_LOTO,2.5500559636085387,2.1502533355937983,1.8791960103032164
MC_S2_DROP_TOP5_R2_L2_HIGH,NEW_MC,R0,PREPROCESSING_FOLDLOCAL_MINUS_LEGACY,H0_COMMON,FOLD_LOCAL_LOTO,LEGACY_GLOBAL_LOTO,1.678135388740412,1.678135388740412,1.7446361815538174e-16
MC_S2_DROP_TOP5_R2_L2_HIGH,NEW_MC,R0,ADJACENCY_GAP1_MINUS_H0,GAP1_COMMON,FOLD_LOCAL_GAP1,FOLD_LOCAL_LOTO,1.8920366323967288,1.815031876676564,0.2854619049791042
MC_S2_DROP_TOP5_R2_L2_HIGH,NEW_MC,R1,PREPROCESSING_FOLDLOCAL_MINUS_LEGACY,H0_COMMON,FOLD_LOCAL_LOTO,LEGACY_GLOBAL_LOTO,1.6550806019089417,1.6550806019089417,1.057355261547768e-16
MC_S2_DROP_TOP5_R2_L2_HIGH,NEW_MC,R1,ADJACENCY_GAP1_MINUS_H0,GAP1_COMMON,FOLD_LOCAL_GAP1,FOLD_LOCAL_LOTO,1.9901099258667625,1.7609656497865664,0.859537497305187
MC_S2_DROP_TOP5_R2_L2_HIGH,NEW_MC,R2,PREPROCESSING_FOLDLOCAL_MINUS_LEGACY,H0_COMMON,FOLD_LOCAL_LOTO,LEGACY_GLOBAL_LOTO,1.617300964781749,1.617300964781749,-1.0573552615477679e-17
MC_S2_DROP_TOP5_R2_L2_HIGH,NEW_MC,R2,ADJACENCY_GAP1_MINUS_H0,GAP1_COMMON,FOLD_LOCAL_GAP1,FOLD_LOCAL_LOTO,1.9490094800839253,1.7126230758850975,0.865560153402881
MC_S2_DROP_TOP5_R3_L0_STAGE15_MATCHED,NEW_MC,R0,PREPROCESSING_FOLDLOCAL_MINUS_LEGACY,H0_COMMON,FOLD_LOCAL_LOTO,LEGACY_GLOBAL_LOTO,1.5968682934493348,1.5968682934493348,2.6698220354081144e-16
MC_S2_DROP_TOP5_R3_L0_STAGE15_MATCHED,NEW_MC,R0,ADJACENCY_GAP1_MINUS_H0,GAP1_COMMON,FOLD_LOCAL_GAP1,FOLD_LOCAL_LOTO,1.886363041591763,1.824178922259632,0.2307367842670142
MC_S2_DROP_TOP5_R3_L0_STAGE15_MATCHED,NEW_MC,R1,PREPROCESSING_FOLDLOCAL_MINUS_LEGACY,H0_COMMON,FOLD_LOCAL_LOTO,LEGACY_GLOBAL_LOTO,1.6424858344011724,1.6424858344011724,1.4009957215507927e-16
MC_S2_DROP_TOP5_R3_L0_STAGE15_MATCHED,NEW_MC,R1,ADJACENCY_GAP1_MINUS_H0,GAP1_COMMON,FOLD_LOCAL_GAP1,FOLD_LOCAL_LOTO,2.0467636006188448,1.841340206981552,0.7987074789713544
MC_S2_DROP_TOP5_R3_L0_STAGE15_MATCHED,NEW_MC,R2,PREPROCESSING_FOLDLOCAL_MINUS_LEGACY,H0_COMMON,FOLD_LOCAL_LOTO,LEGACY_GLOBAL_LOTO,1.618985070996259,1.6223617380471131,-0.0109449489704874
MC_S2_DROP_TOP5_R3_L0_STAGE15_MATCHED,NEW_MC,R2,ADJACENCY_GAP1_MINUS_H0,GAP1_COMMON,FOLD_LOCAL_GAP1,FOLD_LOCAL_LOTO,2.098866213274131,1.831605617985256,1.0504602413885382
MC_S2_DROP_TOP5_R3_L1_EXTENDED,NEW_MC,R0,PREPROCESSING_FOLDLOCAL_MINUS_LEGACY,H0_COMMON,FOLD_LOCAL_LOTO,LEGACY_GLOBAL_LOTO,1.954285802275695,1.954285802275695,1.0573552615477679e-17
MC_S2_DROP_TOP5_R3_L1_EXTENDED,NEW_MC,R0,ADJACENCY_GAP1_MINUS_H0,GAP1_COMMON,FOLD_LOCAL_GAP1,FOLD_LOCAL_LOTO,2.127387258360542,2.080160765389516,0.1987077371688853
MC_S2_DROP_TOP5_R3_L1_EXTENDED,NEW_MC,R1,PREPROCESSING_FOLDLOCAL_MINUS_LEGACY,H0_COMMON,FOLD_LOCAL_LOTO,LEGACY_GLOBAL_LOTO,2.050057819165712,2.050057819165712,1.7446361815538174e-16
MC_S2_DROP_TOP5_R3_L1_EXTENDED,NEW_MC,R1,ADJACENCY_GAP1_MINUS_H0,GAP1_COMMON,FOLD_LOCAL_GAP1,FOLD_LOCAL_LOTO,2.4772510399746497,2.193915494883421,1.323507516365916
MC_S2_DROP_TOP5_R3_L1_EXTENDED,NEW_MC,R2,PREPROCESSING_FOLDLOCAL_MINUS_LEGACY,H0_COMMON,FOLD_LOCAL_LOTO,LEGACY_GLOBAL_LOTO,2.158521593790456,2.150919634184477,0.0327601981394059
MC_S2_DROP_TOP5_R3_L1_EXTENDED,NEW_MC,R2,ADJACENCY_GAP1_MINUS_H0,GAP1_COMMON,FOLD_LOCAL_GAP1,FOLD_LOCAL_LOTO,2.7791493183441363,2.290595727251691,2.476842147948974
MC_S2_DROP_TOP5_R3_L2_HIGH,NEW_MC,R0,PREPROCESSING_FOLDLOCAL_MINUS_LEGACY,H0_COMMON,FOLD_LOCAL_LOTO,LEGACY_GLOBAL_LOTO,1.6964588866909258,1.6964588866909258,5.2867763077388404e-17
MC_S2_DROP_TOP5_R3_L2_HIGH,NEW_MC,R0,ADJACENCY_GAP1_MINUS_H0,GAP1_COMMON,FOLD_LOCAL_GAP1,FOLD_LOCAL_LOTO,1.9350858096402543,1.853233403310534,0.310083043525134
MC_S2_DROP_TOP5_R3_L2_HIGH,NEW_MC,R1,PREPROCESSING_FOLDLOCAL_MINUS_LEGACY,H0_COMMON,FOLD_LOCAL_LOTO,LEGACY_GLOBAL_LOTO,1.6780846439125845,1.6780846439125845,-1.2423924323186276e-16
MC_S2_DROP_TOP5_R3_L2_HIGH,NEW_MC,R1,ADJACENCY_GAP1_MINUS_H0,GAP1_COMMON,FOLD_LOCAL_GAP1,FOLD_LOCAL_LOTO,2.063413158792322,1.8042930344365449,1.002200509761073
MC_S2_DROP_TOP5_R3_L2_HIGH,NEW_MC,R2,PREPROCESSING_FOLDLOCAL_MINUS_LEGACY,H0_COMMON,FOLD_LOCAL_LOTO,LEGACY_GLOBAL_LOTO,1.6258840119440072,1.6258840119440072,8.987519723156028e-17
MC_S2_DROP_TOP5_R3_L2_HIGH,NEW_MC,R2,ADJACENCY_GAP1_MINUS_H0,GAP1_COMMON,FOLD_LOCAL_GAP1,FOLD_LOCAL_LOTO,1.97363778521051,1.7347617651440643,0.8858477254048974
MC_S2_DROP_TOP5_R4_L0_STAGE15_MATCHED,NEW_MC,R0,PREPROCESSING_FOLDLOCAL_MINUS_LEGACY,H0_COMMON,FOLD_LOCAL_LOTO,LEGACY_GLOBAL_LOTO,1.5681637200619734,1.5681637200619734,4.7580986769649563e-17
MC_S2_DROP_TOP5_R4_L0_STAGE15_MATCHED,NEW_MC,R0,ADJACENCY_GAP1_MINUS_H0,GAP1_COMMON,FOLD_LOCAL_GAP1,FOLD_LOCAL_LOTO,1.8780425278412975,1.8118162803598925,0.244365502603376
MC_S2_DROP_TOP5_R4_L0_STAGE15_MATCHED,NEW_MC,R1,PREPROCESSING_FOLDLOCAL_MINUS_LEGACY,H0_COMMON,FOLD_LOCAL_LOTO,LEGACY_GLOBAL_LOTO,1.6090295635087155,1.6090295635087155,1.8239378261699002e-16
MC_S2_DROP_TOP5_R4_L0_STAGE15_MATCHED,NEW_MC,R1,ADJACENCY_GAP1_MINUS_H0,GAP1_COMMON,FOLD_LOCAL_GAP1,FOLD_LOCAL_LOTO,2.0450820260651947,1.829669695526452,0.8346692986070627
MC_S2_DROP_TOP5_R4_L0_STAGE15_MATCHED,NEW_MC,R2,PREPROCESSING_FOLDLOCAL_MINUS_LEGACY,H0_COMMON,FOLD_LOCAL_LOTO,LEGACY_GLOBAL_LOTO,1.5738990712511296,1.5738990712511296,0.0
MC_S2_DROP_TOP5_R4_L0_STAGE15_MATCHED,NEW_MC,R2,ADJACENCY_GAP1_MINUS_H0,GAP1_COMMON,FOLD_LOCAL_GAP1,FOLD_LOCAL_LOTO,2.0812809628857947,1.8122680006055605,1.047415140451947
MC_S2_DROP_TOP5_R4_L1_EXTENDED,NEW_MC,R0,PREPROCESSING_FOLDLOCAL_MINUS_LEGACY,H0_COMMON,FOLD_LOCAL_LOTO,LEGACY_GLOBAL_LOTO,1.9948925998392384,1.9948925998392384,-7.401486830834377e-17
MC_S2_DROP_TOP5_R4_L1_EXTENDED,NEW_MC,R0,ADJACENCY_GAP1_MINUS_H0,GAP1_COMMON,FOLD_LOCAL_GAP1,FOLD_LOCAL_LOTO,2.1987075745186,2.1537750090842067,0.19556820848979
MC_S2_DROP_TOP5_R4_L1_EXTENDED,NEW_MC,R1,PREPROCESSING_FOLDLOCAL_MINUS_LEGACY,H0_COMMON,FOLD_LOCAL_LOTO,LEGACY_GLOBAL_LOTO,2.089449097762744,2.089449097762744,-4.784532558503652e-16
MC_S2_DROP_TOP5_R4_L1_EXTENDED,NEW_MC,R1,ADJACENCY_GAP1_MINUS_H0,GAP1_COMMON,FOLD_LOCAL_GAP1,FOLD_LOCAL_LOTO,2.5454551911417806,2.267899315094894,1.3359748267027487
MC_S2_DROP_TOP5_R4_L1_EXTENDED,NEW_MC,R2,PREPROCESSING_FOLDLOCAL_MINUS_LEGACY,H0_COMMON,FOLD_LOCAL_LOTO,LEGACY_GLOBAL_LOTO,2.204247505622677,2.2186411348317527,-0.0636614191237336
MC_S2_DROP_TOP5_R4_L1_EXTENDED,NEW_MC,R2,ADJACENCY_GAP1_MINUS_H0,GAP1_COMMON,FOLD_LOCAL_GAP1,FOLD_LOCAL_LOTO,2.811456988473785,2.373022838397244,2.273053006483176
MC_S2_DROP_TOP5_R4_L2_HIGH,NEW_MC,R0,PREPROCESSING_FOLDLOCAL_MINUS_LEGACY,H0_COMMON,FOLD_LOCAL_LOTO,LEGACY_GLOBAL_LOTO,1.6830047226604126,1.6830047226604126,1.5860328923216518e-17
MC_S2_DROP_TOP5_R4_L2_HIGH,NEW_MC,R0,ADJACENCY_GAP1_MINUS_H0,GAP1_COMMON,FOLD_LOCAL_GAP1,FOLD_LOCAL_LOTO,1.909888156757206,1.8322661222486023,0.2904736285815095
MC_S2_DROP_TOP5_R4_L2_HIGH,NEW_MC,R1,PREPROCESSING_FOLDLOCAL_MINUS_LEGACY,H0_COMMON,FOLD_LOCAL_LOTO,LEGACY_GLOBAL_LOTO,1.6644482509433234,1.6644482509433234,-5.0224374923518987e-17
MC_S2_DROP_TOP5_R4_L2_HIGH,NEW_MC,R1,ADJACENCY_GAP1_MINUS_H0,GAP1_COMMON,FOLD_LOCAL_GAP1,FOLD_LOCAL_LOTO,2.015591792536509,1.78234870055826,0.8858433837588197
MC_S2_DROP_TOP5_R4_L2_HIGH,NEW_MC,R2,PREPROCESSING_FOLDLOCAL_MINUS_LEGACY,H0_COMMON,FOLD_LOCAL_LOTO,LEGACY_GLOBAL_LOTO,1.6303630803556612,1.6303630803556617,-3.1456319031046104e-16
MC_S2_DROP_TOP5_R4_L2_HIGH,NEW_MC,R2,ADJACENCY_GAP1_MINUS_H0,GAP1_COMMON,FOLD_LOCAL_GAP1,FOLD_LOCAL_LOTO,1.983318632146532,1.7378801477709214,0.913325388603311
