scenario,replicate_id,level,scope,density_multiplier,best_model,preferred_model_set,T12,T12_p,R1_R2_practical_tie,R2_boundaries,R0_RSS,R0_IC,R0_LOTO,R1_RSS,R1_IC,R1_LOTO,R2_RSS,R2_IC,R2_LOTO,scenario_short,level_short,DeltaIC_R0,DeltaIC_R1,DeltaIC_R2
S0_FULL,0,L0_STAGE15_MATCHED,B0_REFERENCE,1.0,R2,{R2},6.377387988765776,NOT_REESTIMATED_FOR_NEW_MC,False,[5],400.7612637402116,189.23169196311463,1.528978102683151,266.34811620641494,159.1892467996177,1.332123415031095,249.3466753081222,152.81185881085193,1.331489690296823,S0,L0,36.4198331522627,6.377387988765776,0.0
S0_FULL,0,L1_EXTENDED,B0_REFERENCE,1.0,R2,{R2},10.63337535271586,NOT_REESTIMATED_FOR_NEW_MC,False,[5],395.6084479308064,186.7858536424361,1.5191168310117025,284.4015700489058,171.58444471745008,1.3800718743580571,260.3192609794521,160.95106936473422,1.363977248120322,S0,L1,25.834784277701885,10.63337535271586,0.0
S0_FULL,0,L2_HIGH,B0_REFERENCE,1.0,R2,{R2},14.370929572233038,NOT_REESTIMATED_FOR_NEW_MC,False,[5],312.0358911455726,141.9348802864589,1.3491513499292211,222.66970684682832,125.33658315954204,1.211833572775063,199.82374544473035,110.965653587309,1.1867861868565552,S0,L2,30.9692266991499,14.370929572233038,0.0
S0_FULL,1,L0_STAGE15_MATCHED,B0_REFERENCE,1.0,R2,{R2},4.250464314200428,NOT_REESTIMATED_FOR_NEW_MC,False,[5],397.9396428384927,187.89630204532784,1.5235860931449003,260.8591424061537,155.25358954831998,1.317242734602828,246.9718048097002,151.00312523411955,1.325172515578878,S0,L0,36.89317681120829,4.250464314200428,0.0
S0_FULL,1,L1_EXTENDED,B0_REFERENCE,1.0,R2,{R2},10.316730204757988,NOT_REESTIMATED_FOR_NEW_MC,False,[5],387.1275110528183,182.6900668548829,1.5027454257041588,276.74036866787856,166.42333684551136,1.3610743078286662,253.73152673697888,156.10660664075337,1.3453670131967377,S0,L1,26.58346021412953,10.316730204757988,0.0
S0_FULL,1,L2_HIGH,B0_REFERENCE,1.0,R2,{R2},14.71073130765292,NOT_REESTIMATED_FOR_NEW_MC,False,[5],308.49511165499894,139.7779708532713,1.3414748666998924,219.79053664572945,122.8768329027138,1.2040016867607397,196.8856810024463,108.16610159506088,1.1779976359528768,S0,L2,31.611869258210437,14.71073130765292,0.0
S0_FULL,2,L0_STAGE15_MATCHED,B0_REFERENCE,1.0,R1,{R1},-8.1726364572107,NOT_REESTIMATED_FOR_NEW_MC,False,[5],316.5921360993562,144.67464160309737,1.3589655847664346,210.9448322317048,115.11302551186488,1.1856111807080636,213.28321592946497,123.2856619690756,1.216924544687957,S0,L0,29.56161609123249,0.0,8.172636457210729
S0_FULL,2,L1_EXTENDED,B0_REFERENCE,1.0,R2,{R2},9.23200638321643,NOT_REESTIMATED_FOR_NEW_MC,False,[5],367.1345525827392,172.6682066193111,1.4634268766833936,266.20702496648823,159.08910225904933,1.334979627670181,245.47878601235945,149.8570958758329,1.3200304407529275,S0,L1,22.8111107434782,9.23200638321643,0.0
S0_FULL,2,L2_HIGH,B0_REFERENCE,1.0,R2,{R2},12.925970576281015,NOT_REESTIMATED_FOR_NEW_MC,False,[5],292.4333932027107,129.67231615102577,1.3060863142798584,209.8740262750241,114.15117335850675,1.1762983927719115,189.78634291995743,101.22520278222574,1.1530150498046288,S0,L2,28.447113368800032,12.925970576281015,0.0
S0_FULL,3,L0_STAGE15_MATCHED,B0_REFERENCE,1.0,R1,{R1},-2.506500288019112,NOT_REESTIMATED_FOR_NEW_MC,False,[5],361.33218435853,169.65730514206143,1.4518164744294504,237.4854237515165,137.51134128044012,1.2581146694070091,233.02622142677689,140.01784156845923,1.2812414902526446,S0,L0,32.14596386162131,0.0,2.506500288019112
S0_FULL,3,L1_EXTENDED,B0_REFERENCE,1.0,R2,{R2},9.18217188849701,NOT_REESTIMATED_FOR_NEW_MC,False,[5],371.5507153005672,174.92807217796062,1.4722021507206955,267.95855790767183,160.32857152827623,1.3396985021822787,247.15909662936,151.14639963977922,1.3248895256440385,S0,L1,23.7816725381814,9.18217188849701,0.0
S0_FULL,3,L2_HIGH,B0_REFERENCE,1.0,R2,{R2},14.648227139435534,NOT_REESTIMATED_FOR_NEW_MC,False,[5],304.6436869819219,137.40353674824064,1.3330747068567503,217.103768765249,120.55221788844204,1.1966410353907864,194.54323385022155,105.9039907490065,1.1702860581206065,S0,L2,31.499545999234144,14.648227139435548,0.0
S0_FULL,4,L0_STAGE15_MATCHED,B0_REFERENCE,1.0,R1,{R1},-5.043825161839081,NOT_REESTIMATED_FOR_NEW_MC,False,[5],336.4590943486984,156.17761083020366,1.4009561200720768,223.6100399295849,126.13304868115657,1.2209088208688277,222.3768307201865,131.17687384299563,1.2450184515641851,S0,L0,30.044562149047096,0.0,5.043825161839067
S0_FULL,4,L1_EXTENDED,B0_REFERENCE,1.0,R2,{R2},8.300690508384633,NOT_REESTIMATED_FOR_NEW_MC,False,[5],367.4278351456613,172.81912751660633,1.464011283545892,265.6372506636412,158.68414393056526,1.3336635755389132,246.1633876021132,150.38345342218062,1.3218251014230562,S0,L1,22.435674094425707,8.300690508384633,0.0
S0_FULL,4,L2_HIGH,B0_REFERENCE,1.0,R2,{R2},13.507037040129887,NOT_REESTIMATED_FOR_NEW_MC,False,[5],300.2330496595902,134.64718928659462,1.3233893819838551,215.2404644698093,118.92311466386955,1.191411593652815,194.0416582844602,105.41607762373968,1.1675528198575191,S0,L2,29.231111662854943,13.507037040129871,0.0
S1_DROP_TOP1,0,L0_STAGE15_MATCHED,B0_REFERENCE,1.0,R1,{R1},-19.97965111591344,NOT_REESTIMATED_FOR_NEW_MC,False,[5],401.80923226234006,189.72527144114912,1.5309758940613611,264.0235247553241,157.53248175533037,1.340468222814607,284.1588688771743,177.5121328712438,1.5368385815973942,S1,L0,32.19278968581875,0.0,19.97965111591344
S1_DROP_TOP1,0,L1_EXTENDED,B0_REFERENCE,1.0,R1,{R1},-19.9035064831852,NOT_REESTIMATED_FOR_NEW_MC,False,[14],413.1388485601189,194.9806625467257,1.5524099383219283,292.8603054530062,177.12375190673993,1.4159164647008455,315.067881232402,197.02725838992512,1.6717970178564197,S1,L1,17.856910639985784,0.0,19.9035064831852
S1_DROP_TOP1,0,L2_HIGH,B0_REFERENCE,1.0,R1,{R1},-11.493677527206016,NOT_REESTIMATED_FOR_NEW_MC,False,[14],429.4745633447051,202.30985277418333,1.5828039316913027,278.1615788448005,167.39146936685376,1.3810942234692327,286.23069274587414,178.88514689405977,1.4713482076184548,S1,L2,34.91838340732957,0.0,11.493677527206016
S1_DROP_TOP1,1,L0_STAGE15_MATCHED,B0_REFERENCE,1.0,R1,{R1},-21.5405809232403,NOT_REESTIMATED_FOR_NEW_MC,False,[12],391.3300892831499,184.73075603765568,1.5108801587656473,259.0095819651758,153.90875620153318,1.330026206099872,281.0743474477489,175.44933712477348,1.5511948940813305,S1,L0,30.8219998361225,0.0,21.5405809232403
S1_DROP_TOP1,1,L1_EXTENDED,B0_REFERENCE,1.0,R1,{R1},-19.166062811240693,NOT_REESTIMATED_FOR_NEW_MC,False,[6],422.110537315943,199.0410412085593,1.569175410104407,297.9607327590251,180.38702334227435,1.4278336906061422,319.30676282204576,199.55308615351504,1.6858789982688935,S1,L1,18.65401786628496,0.0,19.166062811240693
S1_DROP_TOP1,1,L2_HIGH,B0_REFERENCE,1.0,R1,{R1},-14.039653557502277,NOT_REESTIMATED_FOR_NEW_MC,False,[14],440.6737855988248,207.17516084289767,1.603308168338143,283.4876497647306,170.97611803399292,1.3935585964487651,295.66742881967497,185.0157715914952,1.5141318667119998,S1,L2,36.19904280890481,0.0,14.039653557502277
S1_DROP_TOP1,2,L0_STAGE15_MATCHED,B0_REFERENCE,1.0,R1,{R1},-22.25307051471782,NOT_REESTIMATED_FOR_NEW_MC,False,[12],416.0206991768497,196.2944554380145,1.557814947888534,272.1509461641888,163.26270724862684,1.3628312788050152,296.45066301996235,185.51577776334463,1.6128199772321152,S1,L0,33.031748189387656,0.0,22.25307051471779
S1_DROP_TOP1,2,L1_EXTENDED,B0_REFERENCE,1.0,R1,{R1},-18.623544598710964,NOT_REESTIMATED_FOR_NEW_MC,False,[6],417.50983621203295,196.969768907972,1.5606005397186662,295.4061717331016,178.75964907112632,1.4214726551649044,315.66179360544623,197.38319366983728,1.6475928087206826,S1,L1,18.21011983684568,0.0,18.623544598710964
S1_DROP_TOP1,2,L2_HIGH,B0_REFERENCE,1.0,R1,{R1},-14.970077362032242,NOT_REESTIMATED_FOR_NEW_MC,False,[14],443.8875361810725,208.548500412765,1.609143859652162,285.1556357678012,172.08489841266018,1.3975517196230678,298.8747865215853,187.0549757746924,1.524502530798914,S1,L2,36.46360200010483,0.0,14.970077362032214
S1_DROP_TOP1,3,L0_STAGE15_MATCHED,B0_REFERENCE,1.0,R1,{R1},-23.026772311612177,NOT_REESTIMATED_FOR_NEW_MC,False,[5],381.8272953250254,180.08456486972904,1.4924228252730465,250.21484782207628,147.37972910092185,1.305543445025175,273.67398044676673,170.40650141253403,1.548407206839029,S1,L0,32.704835768807186,0.0,23.026772311612177
S1_DROP_TOP1,3,L1_EXTENDED,B0_REFERENCE,1.0,R1,{R1},-17.682180013895902,NOT_REESTIMATED_FOR_NEW_MC,False,[5],430.6339875471292,202.8193961492809,1.5849389874770952,300.1503297432706,181.7708321520251,1.4324800997627103,319.13773719907783,199.453012165921,1.6412720354994734,S1,L1,21.0485639972558,0.0,17.682180013895902
S1_DROP_TOP1,3,L2_HIGH,B0_REFERENCE,1.0,R1,{R1},-14.799911118536926,NOT_REESTIMATED_FOR_NEW_MC,False,[14],452.832729070329,212.31934758405384,1.62527666965051,292.8576177198087,177.12201734628263,1.4162086135547325,306.67108348493605,191.9219284648196,1.5380049958777595,S1,L2,35.19733023777121,0.0,14.799911118536954
S1_DROP_TOP1,4,L0_STAGE15_MATCHED,B0_REFERENCE,1.0,R1,{R1},-20.911687789057453,NOT_REESTIMATED_FOR_NEW_MC,False,[12],391.9708599457391,185.0399748184135,1.5121166234840524,257.73375449999503,152.97548096072524,1.32605335780253,278.7607187264244,173.8871687497827,1.5354652263271706,S1,L0,32.06449385768826,0.0,20.911687789057453
S1_DROP_TOP1,4,L1_EXTENDED,B0_REFERENCE,1.0,R1,{R1},-18.373817819449783,NOT_REESTIMATED_FOR_NEW_MC,False,[14],409.5377601989479,193.3260389923322,1.545629408308213,287.7617158584045,173.80435247687518,1.4042646874912352,307.08714302983907,192.17817029632496,1.6557613491883645,S1,L1,19.52168651545702,0.0,18.373817819449783
S1_DROP_TOP1,4,L2_HIGH,B0_REFERENCE,1.0,R1,{R1},-13.8504222544382,NOT_REESTIMATED_FOR_NEW_MC,False,[14],445.2784748268479,209.13981320527807,1.6116630447532383,287.16028651110213,173.40892427048823,1.4028107733494386,299.19814260971066,187.25934652492643,1.5249355493068262,S1,L2,35.730888934789846,0.0,13.8504222544382
S2_DROP_TOP5,0,L0_STAGE15_MATCHED,B0_REFERENCE,1.0,R0,{R0},8.188022868262692,NOT_REESTIMATED_FOR_NEW_MC,False,[5],342.55964067934025,159.57378893685237,1.4135998622769756,309.96119298365875,187.8497634057588,1.4560322565829753,287.4092231308238,179.6617405374961,1.4411559605414872,S2,L0,0.0,28.27597446890644,20.08795160064372
S2_DROP_TOP5,0,L1_EXTENDED,B0_REFERENCE,1.0,R0,{R0},-3.873356629939906,NOT_REESTIMATED_FOR_NEW_MC,False,[15],623.2858931115798,272.7015410638399,1.9067864003302035,583.5310418488834,307.42071621995944,2.004132377965785,576.7301223226136,311.2940728498993,2.0982876106938053,S2,L1,0.0,34.71917515611955,38.5925317860594
S2_DROP_TOP5,0,L2_HIGH,B0_REFERENCE,1.0,R2,"{R0,R2}",17.28590498931075,NOT_REESTIMATED_FOR_NEW_MC,False,[5],450.3682912844923,211.2879495077791,1.6208480390913285,382.72452234644766,227.7038837981864,1.6144285961722924,338.2003543350819,210.41797880887563,1.5793771137229935,S2,L2,0.8699706989034723,17.28590498931078,0.0
S2_DROP_TOP5,1,L0_STAGE15_MATCHED,B0_REFERENCE,1.0,R0,{R0},10.020895768525207,NOT_REESTIMATED_FOR_NEW_MC,False,[5],450.25316842180007,211.2396312694497,1.620640865766945,414.9852842403797,242.99919875350963,1.685095783894092,381.0784573595147,232.9783029849844,1.6579892914838916,S2,L0,0.0,31.759567484059943,21.738671715534707
S2_DROP_TOP5,1,L1_EXTENDED,B0_REFERENCE,1.0,R0,{R0},-5.561145293612242,NOT_REESTIMATED_FOR_NEW_MC,False,[15],494.52088787882985,228.96393210751427,1.6984419858485522,456.083481987891,260.8469993432045,1.770312168684418,454.81136374572736,266.4081446368168,1.8996819880877984,S2,L1,0.0,31.88306723569025,37.44421252930255
S2_DROP_TOP5,1,L2_HIGH,B0_REFERENCE,1.0,R0,"{R0,R2}",15.14188550610828,NOT_REESTIMATED_FOR_NEW_MC,False,[5],439.4308285118209,206.64131738414784,1.601045439596356,373.2614907566682,222.9720333128224,1.593669491152219,333.60119634624664,207.83014780671408,1.5727430852334534,S2,L2,0.0,16.33071592867455,1.188830422566241
S2_DROP_TOP5,2,L0_STAGE15_MATCHED,B0_REFERENCE,1.0,R0,{R0},10.999258146276048,NOT_REESTIMATED_FOR_NEW_MC,False,[5],376.5153116376188,177.43673438140388,1.482005167968759,342.6538175789073,206.801465033662,1.5320490863663905,313.0322929567092,195.80220688738592,1.5052854968984184,S2,L0,0.0,29.36473065225812,18.36547250598204
S2_DROP_TOP5,2,L1_EXTENDED,B0_REFERENCE,1.0,R0,{R0},-5.471577001122455,NOT_REESTIMATED_FOR_NEW_MC,False,[15],505.8070979403237,233.2289016965148,1.7177140054886575,467.4290129098118,265.49103663130154,1.7926157930348765,465.90440209710016,270.962613632424,1.9259220640473536,S2,L1,0.0,32.26213493478673,37.733711935909184
S2_DROP_TOP5,2,L2_HIGH,B0_REFERENCE,1.0,R0,"{R0,R2}",15.4802860640051,NOT_REESTIMATED_FOR_NEW_MC,False,[5],438.7175155982013,206.3342709238778,1.59974545089404,372.2531288004445,222.46076090864403,1.5915562054524206,332.1048168556087,206.98047484463893,1.5668972613191463,S2,L2,0.0,16.126489984766238,0.6462039207611383
S2_DROP_TOP5,3,L0_STAGE15_MATCHED,B0_REFERENCE,1.0,R0,{R0},9.835798417023312,NOT_REESTIMATED_FOR_NEW_MC,False,[5],373.37840865536367,175.8555019859512,1.475818659983769,341.03978278019133,205.90909703869204,1.5291385272528706,313.48161230065,196.0732986216688,1.507700479692695,S2,L0,0.0,30.05359505274083,20.217796635717548
S2_DROP_TOP5,3,L1_EXTENDED,B0_REFERENCE,1.0,R0,{R0},-3.829774228983524,NOT_REESTIMATED_FOR_NEW_MC,False,[15],613.9212502521125,269.8403365968576,1.892407803074518,574.3947505428229,304.4381504925119,1.9880163075012964,567.5694187827626,308.26792472149543,2.096006987398644,S2,L1,0.0,34.597813895654326,38.42758812463785
S2_DROP_TOP5,3,L2_HIGH,B0_REFERENCE,1.0,R2,"{R0,R2}",16.510381740687535,NOT_REESTIMATED_FOR_NEW_MC,False,[5],443.3295346080882,208.31076307728807,1.6081321313500687,375.92200860908105,224.3144013397257,1.5992359159177731,333.5550810083122,207.8040195990382,1.5679979515461562,S2,L2,0.5067434782498594,16.510381740687507,0.0
S2_DROP_TOP5,4,L0_STAGE15_MATCHED,B0_REFERENCE,1.0,R0,{R0},10.675541556828506,NOT_REESTIMATED_FOR_NEW_MC,False,[5],369.6164668370608,173.9415908594316,1.4683650964761867,335.84345637555737,203.0071933499684,1.516506790797966,307.33662100285494,192.33165179313988,1.4888763928355069,S2,L0,0.0,29.065602490536776,18.39006093370827
S2_DROP_TOP5,4,L1_EXTENDED,B0_REFERENCE,1.0,R0,{R0},-4.954677575211576,NOT_REESTIMATED_FOR_NEW_MC,False,[15],597.6460388857386,264.7622860111144,1.8671552051628728,557.191553291928,298.6910770338316,1.9564768896104028,553.8573370308269,303.6457546090432,2.091081644376404,S2,L1,0.0,33.928791022717235,38.88346859792881
S2_DROP_TOP5,4,L2_HIGH,B0_REFERENCE,1.0,R0,"{R0,R2}",15.876893853269737,NOT_REESTIMATED_FOR_NEW_MC,False,[5],445.8528747862008,209.3834621519788,1.6127022156160258,379.0116816062682,225.86142848765053,1.606685581039924,337.42562941856363,209.9845346343808,1.5810627108427815,S2,L2,0.0,16.477966335671738,0.6010724824020031
