comparison_pair,comparison_role,left_scenario,right_scenario,replicate_id,level,scope,density_multiplier,left_set,right_set,intersection,sets_equal,sets_different,sets_overlap,sets_disjoint,stored_left_matches_model_row,stored_right_matches_model_row,left_model_row_key,right_model_row_key
S0_FULL--S2_DROP_TOP5,PRIMARY,S0_FULL,S2_DROP_TOP5,0,L0_STAGE15_MATCHED,B0_REFERENCE,1.0,{R2},{R0},{},False,True,False,True,True,True,"[""S0_FULL"", 0, ""L0_STAGE15_MATCHED"", ""B0_REFERENCE"", 1.0]","[""S2_DROP_TOP5"", 0, ""L0_STAGE15_MATCHED"", ""B0_REFERENCE"", 1.0]"
S0_FULL--S2_DROP_TOP5,PRIMARY,S0_FULL,S2_DROP_TOP5,0,L0_STAGE15_MATCHED,B2_COMMON_NODE_EQUAL_DENSITY,1.0,{R2},{R0},{},False,True,False,True,True,True,"[""S0_FULL"", 0, ""L0_STAGE15_MATCHED"", ""B2_COMMON_NODE_EQUAL_DENSITY"", 1.0]","[""S2_DROP_TOP5"", 0, ""L0_STAGE15_MATCHED"", ""B2_COMMON_NODE_EQUAL_DENSITY"", 1.0]"
S0_FULL--S2_DROP_TOP5,PRIMARY,S0_FULL,S2_DROP_TOP5,0,L0_STAGE15_MATCHED,B2_COMMON_NODE_EQUAL_DENSITY,0.75,{R2},"{R0,R1,R2}",{R2},False,True,True,False,True,True,"[""S0_FULL"", 0, ""L0_STAGE15_MATCHED"", ""B2_COMMON_NODE_EQUAL_DENSITY"", 0.75]","[""S2_DROP_TOP5"", 0, ""L0_STAGE15_MATCHED"", ""B2_COMMON_NODE_EQUAL_DENSITY"", 0.75]"
S0_FULL--S2_DROP_TOP5,PRIMARY,S0_FULL,S2_DROP_TOP5,0,L0_STAGE15_MATCHED,B2_COMMON_NODE_EQUAL_DENSITY,0.5,{R2},{R0},{},False,True,False,True,True,True,"[""S0_FULL"", 0, ""L0_STAGE15_MATCHED"", ""B2_COMMON_NODE_EQUAL_DENSITY"", 0.5]","[""S2_DROP_TOP5"", 0, ""L0_STAGE15_MATCHED"", ""B2_COMMON_NODE_EQUAL_DENSITY"", 0.5]"
S0_FULL--S2_DROP_TOP5,PRIMARY,S0_FULL,S2_DROP_TOP5,0,L1_EXTENDED,B0_REFERENCE,1.0,{R2},{R0},{},False,True,False,True,True,True,"[""S0_FULL"", 0, ""L1_EXTENDED"", ""B0_REFERENCE"", 1.0]","[""S2_DROP_TOP5"", 0, ""L1_EXTENDED"", ""B0_REFERENCE"", 1.0]"
S0_FULL--S2_DROP_TOP5,PRIMARY,S0_FULL,S2_DROP_TOP5,0,L1_EXTENDED,B2_COMMON_NODE_EQUAL_DENSITY,1.0,{R2},{R0},{},False,True,False,True,True,True,"[""S0_FULL"", 0, ""L1_EXTENDED"", ""B2_COMMON_NODE_EQUAL_DENSITY"", 1.0]","[""S2_DROP_TOP5"", 0, ""L1_EXTENDED"", ""B2_COMMON_NODE_EQUAL_DENSITY"", 1.0]"
S0_FULL--S2_DROP_TOP5,PRIMARY,S0_FULL,S2_DROP_TOP5,0,L1_EXTENDED,B2_COMMON_NODE_EQUAL_DENSITY,0.75,{R2},{R0},{},False,True,False,True,True,True,"[""S0_FULL"", 0, ""L1_EXTENDED"", ""B2_COMMON_NODE_EQUAL_DENSITY"", 0.75]","[""S2_DROP_TOP5"", 0, ""L1_EXTENDED"", ""B2_COMMON_NODE_EQUAL_DENSITY"", 0.75]"
S0_FULL--S2_DROP_TOP5,PRIMARY,S0_FULL,S2_DROP_TOP5,0,L1_EXTENDED,B2_COMMON_NODE_EQUAL_DENSITY,0.5,{R2},{R0},{},False,True,False,True,True,True,"[""S0_FULL"", 0, ""L1_EXTENDED"", ""B2_COMMON_NODE_EQUAL_DENSITY"", 0.5]","[""S2_DROP_TOP5"", 0, ""L1_EXTENDED"", ""B2_COMMON_NODE_EQUAL_DENSITY"", 0.5]"
S0_FULL--S2_DROP_TOP5,PRIMARY,S0_FULL,S2_DROP_TOP5,0,L2_HIGH,B0_REFERENCE,1.0,{R2},"{R0,R2}",{R2},False,True,True,False,True,True,"[""S0_FULL"", 0, ""L2_HIGH"", ""B0_REFERENCE"", 1.0]","[""S2_DROP_TOP5"", 0, ""L2_HIGH"", ""B0_REFERENCE"", 1.0]"
S0_FULL--S2_DROP_TOP5,PRIMARY,S0_FULL,S2_DROP_TOP5,0,L2_HIGH,B2_COMMON_NODE_EQUAL_DENSITY,1.0,{R2},{R0},{},False,True,False,True,True,True,"[""S0_FULL"", 0, ""L2_HIGH"", ""B2_COMMON_NODE_EQUAL_DENSITY"", 1.0]","[""S2_DROP_TOP5"", 0, ""L2_HIGH"", ""B2_COMMON_NODE_EQUAL_DENSITY"", 1.0]"
S0_FULL--S2_DROP_TOP5,PRIMARY,S0_FULL,S2_DROP_TOP5,0,L2_HIGH,B2_COMMON_NODE_EQUAL_DENSITY,0.75,{R2},{R0},{},False,True,False,True,True,True,"[""S0_FULL"", 0, ""L2_HIGH"", ""B2_COMMON_NODE_EQUAL_DENSITY"", 0.75]","[""S2_DROP_TOP5"", 0, ""L2_HIGH"", ""B2_COMMON_NODE_EQUAL_DENSITY"", 0.75]"
S0_FULL--S2_DROP_TOP5,PRIMARY,S0_FULL,S2_DROP_TOP5,0,L2_HIGH,B2_COMMON_NODE_EQUAL_DENSITY,0.5,{R2},{R0},{},False,True,False,True,True,True,"[""S0_FULL"", 0, ""L2_HIGH"", ""B2_COMMON_NODE_EQUAL_DENSITY"", 0.5]","[""S2_DROP_TOP5"", 0, ""L2_HIGH"", ""B2_COMMON_NODE_EQUAL_DENSITY"", 0.5]"
S0_FULL--S2_DROP_TOP5,PRIMARY,S0_FULL,S2_DROP_TOP5,1,L0_STAGE15_MATCHED,B0_REFERENCE,1.0,{R2},{R0},{},False,True,False,True,True,True,"[""S0_FULL"", 1, ""L0_STAGE15_MATCHED"", ""B0_REFERENCE"", 1.0]","[""S2_DROP_TOP5"", 1, ""L0_STAGE15_MATCHED"", ""B0_REFERENCE"", 1.0]"
S0_FULL--S2_DROP_TOP5,PRIMARY,S0_FULL,S2_DROP_TOP5,1,L0_STAGE15_MATCHED,B2_COMMON_NODE_EQUAL_DENSITY,1.0,{R2},{R0},{},False,True,False,True,True,True,"[""S0_FULL"", 1, ""L0_STAGE15_MATCHED"", ""B2_COMMON_NODE_EQUAL_DENSITY"", 1.0]","[""S2_DROP_TOP5"", 1, ""L0_STAGE15_MATCHED"", ""B2_COMMON_NODE_EQUAL_DENSITY"", 1.0]"
S0_FULL--S2_DROP_TOP5,PRIMARY,S0_FULL,S2_DROP_TOP5,1,L0_STAGE15_MATCHED,B2_COMMON_NODE_EQUAL_DENSITY,0.75,{R2},{R2},{R2},True,False,True,False,True,True,"[""S0_FULL"", 1, ""L0_STAGE15_MATCHED"", ""B2_COMMON_NODE_EQUAL_DENSITY"", 0.75]","[""S2_DROP_TOP5"", 1, ""L0_STAGE15_MATCHED"", ""B2_COMMON_NODE_EQUAL_DENSITY"", 0.75]"
S0_FULL--S2_DROP_TOP5,PRIMARY,S0_FULL,S2_DROP_TOP5,1,L0_STAGE15_MATCHED,B2_COMMON_NODE_EQUAL_DENSITY,0.5,{R2},{R2},{R2},True,False,True,False,True,True,"[""S0_FULL"", 1, ""L0_STAGE15_MATCHED"", ""B2_COMMON_NODE_EQUAL_DENSITY"", 0.5]","[""S2_DROP_TOP5"", 1, ""L0_STAGE15_MATCHED"", ""B2_COMMON_NODE_EQUAL_DENSITY"", 0.5]"
S0_FULL--S2_DROP_TOP5,PRIMARY,S0_FULL,S2_DROP_TOP5,1,L1_EXTENDED,B0_REFERENCE,1.0,{R2},{R0},{},False,True,False,True,True,True,"[""S0_FULL"", 1, ""L1_EXTENDED"", ""B0_REFERENCE"", 1.0]","[""S2_DROP_TOP5"", 1, ""L1_EXTENDED"", ""B0_REFERENCE"", 1.0]"
S0_FULL--S2_DROP_TOP5,PRIMARY,S0_FULL,S2_DROP_TOP5,1,L1_EXTENDED,B2_COMMON_NODE_EQUAL_DENSITY,1.0,{R2},{R0},{},False,True,False,True,True,True,"[""S0_FULL"", 1, ""L1_EXTENDED"", ""B2_COMMON_NODE_EQUAL_DENSITY"", 1.0]","[""S2_DROP_TOP5"", 1, ""L1_EXTENDED"", ""B2_COMMON_NODE_EQUAL_DENSITY"", 1.0]"
S0_FULL--S2_DROP_TOP5,PRIMARY,S0_FULL,S2_DROP_TOP5,1,L1_EXTENDED,B2_COMMON_NODE_EQUAL_DENSITY,0.75,{R2},{R0},{},False,True,False,True,True,True,"[""S0_FULL"", 1, ""L1_EXTENDED"", ""B2_COMMON_NODE_EQUAL_DENSITY"", 0.75]","[""S2_DROP_TOP5"", 1, ""L1_EXTENDED"", ""B2_COMMON_NODE_EQUAL_DENSITY"", 0.75]"
S0_FULL--S2_DROP_TOP5,PRIMARY,S0_FULL,S2_DROP_TOP5,1,L1_EXTENDED,B2_COMMON_NODE_EQUAL_DENSITY,0.5,{R2},{R0},{},False,True,False,True,True,True,"[""S0_FULL"", 1, ""L1_EXTENDED"", ""B2_COMMON_NODE_EQUAL_DENSITY"", 0.5]","[""S2_DROP_TOP5"", 1, ""L1_EXTENDED"", ""B2_COMMON_NODE_EQUAL_DENSITY"", 0.5]"
S0_FULL--S2_DROP_TOP5,PRIMARY,S0_FULL,S2_DROP_TOP5,1,L2_HIGH,B0_REFERENCE,1.0,{R2},"{R0,R2}",{R2},False,True,True,False,True,True,"[""S0_FULL"", 1, ""L2_HIGH"", ""B0_REFERENCE"", 1.0]","[""S2_DROP_TOP5"", 1, ""L2_HIGH"", ""B0_REFERENCE"", 1.0]"
S0_FULL--S2_DROP_TOP5,PRIMARY,S0_FULL,S2_DROP_TOP5,1,L2_HIGH,B2_COMMON_NODE_EQUAL_DENSITY,1.0,"{R0,R2}",{R0},{R0},False,True,True,False,True,True,"[""S0_FULL"", 1, ""L2_HIGH"", ""B2_COMMON_NODE_EQUAL_DENSITY"", 1.0]","[""S2_DROP_TOP5"", 1, ""L2_HIGH"", ""B2_COMMON_NODE_EQUAL_DENSITY"", 1.0]"
S0_FULL--S2_DROP_TOP5,PRIMARY,S0_FULL,S2_DROP_TOP5,1,L2_HIGH,B2_COMMON_NODE_EQUAL_DENSITY,0.75,{R2},{R0},{},False,True,False,True,True,True,"[""S0_FULL"", 1, ""L2_HIGH"", ""B2_COMMON_NODE_EQUAL_DENSITY"", 0.75]","[""S2_DROP_TOP5"", 1, ""L2_HIGH"", ""B2_COMMON_NODE_EQUAL_DENSITY"", 0.75]"
S0_FULL--S2_DROP_TOP5,PRIMARY,S0_FULL,S2_DROP_TOP5,1,L2_HIGH,B2_COMMON_NODE_EQUAL_DENSITY,0.5,{R2},{R0},{},False,True,False,True,True,True,"[""S0_FULL"", 1, ""L2_HIGH"", ""B2_COMMON_NODE_EQUAL_DENSITY"", 0.5]","[""S2_DROP_TOP5"", 1, ""L2_HIGH"", ""B2_COMMON_NODE_EQUAL_DENSITY"", 0.5]"
S0_FULL--S2_DROP_TOP5,PRIMARY,S0_FULL,S2_DROP_TOP5,2,L0_STAGE15_MATCHED,B0_REFERENCE,1.0,{R1},{R0},{},False,True,False,True,True,True,"[""S0_FULL"", 2, ""L0_STAGE15_MATCHED"", ""B0_REFERENCE"", 1.0]","[""S2_DROP_TOP5"", 2, ""L0_STAGE15_MATCHED"", ""B0_REFERENCE"", 1.0]"
S0_FULL--S2_DROP_TOP5,PRIMARY,S0_FULL,S2_DROP_TOP5,2,L0_STAGE15_MATCHED,B2_COMMON_NODE_EQUAL_DENSITY,1.0,{R2},{R0},{},False,True,False,True,True,True,"[""S0_FULL"", 2, ""L0_STAGE15_MATCHED"", ""B2_COMMON_NODE_EQUAL_DENSITY"", 1.0]","[""S2_DROP_TOP5"", 2, ""L0_STAGE15_MATCHED"", ""B2_COMMON_NODE_EQUAL_DENSITY"", 1.0]"
S0_FULL--S2_DROP_TOP5,PRIMARY,S0_FULL,S2_DROP_TOP5,2,L0_STAGE15_MATCHED,B2_COMMON_NODE_EQUAL_DENSITY,0.75,{R2},{R0},{},False,True,False,True,True,True,"[""S0_FULL"", 2, ""L0_STAGE15_MATCHED"", ""B2_COMMON_NODE_EQUAL_DENSITY"", 0.75]","[""S2_DROP_TOP5"", 2, ""L0_STAGE15_MATCHED"", ""B2_COMMON_NODE_EQUAL_DENSITY"", 0.75]"
S0_FULL--S2_DROP_TOP5,PRIMARY,S0_FULL,S2_DROP_TOP5,2,L0_STAGE15_MATCHED,B2_COMMON_NODE_EQUAL_DENSITY,0.5,{R2},{R0},{},False,True,False,True,True,True,"[""S0_FULL"", 2, ""L0_STAGE15_MATCHED"", ""B2_COMMON_NODE_EQUAL_DENSITY"", 0.5]","[""S2_DROP_TOP5"", 2, ""L0_STAGE15_MATCHED"", ""B2_COMMON_NODE_EQUAL_DENSITY"", 0.5]"
S0_FULL--S2_DROP_TOP5,PRIMARY,S0_FULL,S2_DROP_TOP5,2,L1_EXTENDED,B0_REFERENCE,1.0,{R2},{R0},{},False,True,False,True,True,True,"[""S0_FULL"", 2, ""L1_EXTENDED"", ""B0_REFERENCE"", 1.0]","[""S2_DROP_TOP5"", 2, ""L1_EXTENDED"", ""B0_REFERENCE"", 1.0]"
S0_FULL--S2_DROP_TOP5,PRIMARY,S0_FULL,S2_DROP_TOP5,2,L1_EXTENDED,B2_COMMON_NODE_EQUAL_DENSITY,1.0,{R2},{R0},{},False,True,False,True,True,True,"[""S0_FULL"", 2, ""L1_EXTENDED"", ""B2_COMMON_NODE_EQUAL_DENSITY"", 1.0]","[""S2_DROP_TOP5"", 2, ""L1_EXTENDED"", ""B2_COMMON_NODE_EQUAL_DENSITY"", 1.0]"
S0_FULL--S2_DROP_TOP5,PRIMARY,S0_FULL,S2_DROP_TOP5,2,L1_EXTENDED,B2_COMMON_NODE_EQUAL_DENSITY,0.75,{R2},{R0},{},False,True,False,True,True,True,"[""S0_FULL"", 2, ""L1_EXTENDED"", ""B2_COMMON_NODE_EQUAL_DENSITY"", 0.75]","[""S2_DROP_TOP5"", 2, ""L1_EXTENDED"", ""B2_COMMON_NODE_EQUAL_DENSITY"", 0.75]"
S0_FULL--S2_DROP_TOP5,PRIMARY,S0_FULL,S2_DROP_TOP5,2,L1_EXTENDED,B2_COMMON_NODE_EQUAL_DENSITY,0.5,{R2},{R0},{},False,True,False,True,True,True,"[""S0_FULL"", 2, ""L1_EXTENDED"", ""B2_COMMON_NODE_EQUAL_DENSITY"", 0.5]","[""S2_DROP_TOP5"", 2, ""L1_EXTENDED"", ""B2_COMMON_NODE_EQUAL_DENSITY"", 0.5]"
S0_FULL--S2_DROP_TOP5,PRIMARY,S0_FULL,S2_DROP_TOP5,2,L2_HIGH,B0_REFERENCE,1.0,{R2},"{R0,R2}",{R2},False,True,True,False,True,True,"[""S0_FULL"", 2, ""L2_HIGH"", ""B0_REFERENCE"", 1.0]","[""S2_DROP_TOP5"", 2, ""L2_HIGH"", ""B0_REFERENCE"", 1.0]"
S0_FULL--S2_DROP_TOP5,PRIMARY,S0_FULL,S2_DROP_TOP5,2,L2_HIGH,B2_COMMON_NODE_EQUAL_DENSITY,1.0,{R2},{R0},{},False,True,False,True,True,True,"[""S0_FULL"", 2, ""L2_HIGH"", ""B2_COMMON_NODE_EQUAL_DENSITY"", 1.0]","[""S2_DROP_TOP5"", 2, ""L2_HIGH"", ""B2_COMMON_NODE_EQUAL_DENSITY"", 1.0]"
S0_FULL--S2_DROP_TOP5,PRIMARY,S0_FULL,S2_DROP_TOP5,2,L2_HIGH,B2_COMMON_NODE_EQUAL_DENSITY,0.75,{R2},{R0},{},False,True,False,True,True,True,"[""S0_FULL"", 2, ""L2_HIGH"", ""B2_COMMON_NODE_EQUAL_DENSITY"", 0.75]","[""S2_DROP_TOP5"", 2, ""L2_HIGH"", ""B2_COMMON_NODE_EQUAL_DENSITY"", 0.75]"
S0_FULL--S2_DROP_TOP5,PRIMARY,S0_FULL,S2_DROP_TOP5,2,L2_HIGH,B2_COMMON_NODE_EQUAL_DENSITY,0.5,{R2},{R2},{R2},True,False,True,False,True,True,"[""S0_FULL"", 2, ""L2_HIGH"", ""B2_COMMON_NODE_EQUAL_DENSITY"", 0.5]","[""S2_DROP_TOP5"", 2, ""L2_HIGH"", ""B2_COMMON_NODE_EQUAL_DENSITY"", 0.5]"
S0_FULL--S2_DROP_TOP5,PRIMARY,S0_FULL,S2_DROP_TOP5,3,L0_STAGE15_MATCHED,B0_REFERENCE,1.0,{R1},{R0},{},False,True,False,True,True,True,"[""S0_FULL"", 3, ""L0_STAGE15_MATCHED"", ""B0_REFERENCE"", 1.0]","[""S2_DROP_TOP5"", 3, ""L0_STAGE15_MATCHED"", ""B0_REFERENCE"", 1.0]"
S0_FULL--S2_DROP_TOP5,PRIMARY,S0_FULL,S2_DROP_TOP5,3,L0_STAGE15_MATCHED,B2_COMMON_NODE_EQUAL_DENSITY,1.0,{R2},{R0},{},False,True,False,True,True,True,"[""S0_FULL"", 3, ""L0_STAGE15_MATCHED"", ""B2_COMMON_NODE_EQUAL_DENSITY"", 1.0]","[""S2_DROP_TOP5"", 3, ""L0_STAGE15_MATCHED"", ""B2_COMMON_NODE_EQUAL_DENSITY"", 1.0]"
S0_FULL--S2_DROP_TOP5,PRIMARY,S0_FULL,S2_DROP_TOP5,3,L0_STAGE15_MATCHED,B2_COMMON_NODE_EQUAL_DENSITY,0.75,{R2},{R2},{R2},True,False,True,False,True,True,"[""S0_FULL"", 3, ""L0_STAGE15_MATCHED"", ""B2_COMMON_NODE_EQUAL_DENSITY"", 0.75]","[""S2_DROP_TOP5"", 3, ""L0_STAGE15_MATCHED"", ""B2_COMMON_NODE_EQUAL_DENSITY"", 0.75]"
S0_FULL--S2_DROP_TOP5,PRIMARY,S0_FULL,S2_DROP_TOP5,3,L0_STAGE15_MATCHED,B2_COMMON_NODE_EQUAL_DENSITY,0.5,{R2},"{R0,R2}",{R2},False,True,True,False,True,True,"[""S0_FULL"", 3, ""L0_STAGE15_MATCHED"", ""B2_COMMON_NODE_EQUAL_DENSITY"", 0.5]","[""S2_DROP_TOP5"", 3, ""L0_STAGE15_MATCHED"", ""B2_COMMON_NODE_EQUAL_DENSITY"", 0.5]"
S0_FULL--S2_DROP_TOP5,PRIMARY,S0_FULL,S2_DROP_TOP5,3,L1_EXTENDED,B0_REFERENCE,1.0,{R2},{R0},{},False,True,False,True,True,True,"[""S0_FULL"", 3, ""L1_EXTENDED"", ""B0_REFERENCE"", 1.0]","[""S2_DROP_TOP5"", 3, ""L1_EXTENDED"", ""B0_REFERENCE"", 1.0]"
S0_FULL--S2_DROP_TOP5,PRIMARY,S0_FULL,S2_DROP_TOP5,3,L1_EXTENDED,B2_COMMON_NODE_EQUAL_DENSITY,1.0,{R2},{R0},{},False,True,False,True,True,True,"[""S0_FULL"", 3, ""L1_EXTENDED"", ""B2_COMMON_NODE_EQUAL_DENSITY"", 1.0]","[""S2_DROP_TOP5"", 3, ""L1_EXTENDED"", ""B2_COMMON_NODE_EQUAL_DENSITY"", 1.0]"
S0_FULL--S2_DROP_TOP5,PRIMARY,S0_FULL,S2_DROP_TOP5,3,L1_EXTENDED,B2_COMMON_NODE_EQUAL_DENSITY,0.75,{R2},{R0},{},False,True,False,True,True,True,"[""S0_FULL"", 3, ""L1_EXTENDED"", ""B2_COMMON_NODE_EQUAL_DENSITY"", 0.75]","[""S2_DROP_TOP5"", 3, ""L1_EXTENDED"", ""B2_COMMON_NODE_EQUAL_DENSITY"", 0.75]"
S0_FULL--S2_DROP_TOP5,PRIMARY,S0_FULL,S2_DROP_TOP5,3,L1_EXTENDED,B2_COMMON_NODE_EQUAL_DENSITY,0.5,{R2},{R0},{},False,True,False,True,True,True,"[""S0_FULL"", 3, ""L1_EXTENDED"", ""B2_COMMON_NODE_EQUAL_DENSITY"", 0.5]","[""S2_DROP_TOP5"", 3, ""L1_EXTENDED"", ""B2_COMMON_NODE_EQUAL_DENSITY"", 0.5]"
S0_FULL--S2_DROP_TOP5,PRIMARY,S0_FULL,S2_DROP_TOP5,3,L2_HIGH,B0_REFERENCE,1.0,{R2},"{R0,R2}",{R2},False,True,True,False,True,True,"[""S0_FULL"", 3, ""L2_HIGH"", ""B0_REFERENCE"", 1.0]","[""S2_DROP_TOP5"", 3, ""L2_HIGH"", ""B0_REFERENCE"", 1.0]"
S0_FULL--S2_DROP_TOP5,PRIMARY,S0_FULL,S2_DROP_TOP5,3,L2_HIGH,B2_COMMON_NODE_EQUAL_DENSITY,1.0,{R2},{R0},{},False,True,False,True,True,True,"[""S0_FULL"", 3, ""L2_HIGH"", ""B2_COMMON_NODE_EQUAL_DENSITY"", 1.0]","[""S2_DROP_TOP5"", 3, ""L2_HIGH"", ""B2_COMMON_NODE_EQUAL_DENSITY"", 1.0]"
S0_FULL--S2_DROP_TOP5,PRIMARY,S0_FULL,S2_DROP_TOP5,3,L2_HIGH,B2_COMMON_NODE_EQUAL_DENSITY,0.75,{R2},{R0},{},False,True,False,True,True,True,"[""S0_FULL"", 3, ""L2_HIGH"", ""B2_COMMON_NODE_EQUAL_DENSITY"", 0.75]","[""S2_DROP_TOP5"", 3, ""L2_HIGH"", ""B2_COMMON_NODE_EQUAL_DENSITY"", 0.75]"
S0_FULL--S2_DROP_TOP5,PRIMARY,S0_FULL,S2_DROP_TOP5,3,L2_HIGH,B2_COMMON_NODE_EQUAL_DENSITY,0.5,{R2},{R0},{},False,True,False,True,True,True,"[""S0_FULL"", 3, ""L2_HIGH"", ""B2_COMMON_NODE_EQUAL_DENSITY"", 0.5]","[""S2_DROP_TOP5"", 3, ""L2_HIGH"", ""B2_COMMON_NODE_EQUAL_DENSITY"", 0.5]"
S0_FULL--S2_DROP_TOP5,PRIMARY,S0_FULL,S2_DROP_TOP5,4,L0_STAGE15_MATCHED,B0_REFERENCE,1.0,{R1},{R0},{},False,True,False,True,True,True,"[""S0_FULL"", 4, ""L0_STAGE15_MATCHED"", ""B0_REFERENCE"", 1.0]","[""S2_DROP_TOP5"", 4, ""L0_STAGE15_MATCHED"", ""B0_REFERENCE"", 1.0]"
S0_FULL--S2_DROP_TOP5,PRIMARY,S0_FULL,S2_DROP_TOP5,4,L0_STAGE15_MATCHED,B2_COMMON_NODE_EQUAL_DENSITY,1.0,{R2},{R0},{},False,True,False,True,True,True,"[""S0_FULL"", 4, ""L0_STAGE15_MATCHED"", ""B2_COMMON_NODE_EQUAL_DENSITY"", 1.0]","[""S2_DROP_TOP5"", 4, ""L0_STAGE15_MATCHED"", ""B2_COMMON_NODE_EQUAL_DENSITY"", 1.0]"
S0_FULL--S2_DROP_TOP5,PRIMARY,S0_FULL,S2_DROP_TOP5,4,L0_STAGE15_MATCHED,B2_COMMON_NODE_EQUAL_DENSITY,0.75,{R2},{R0},{},False,True,False,True,True,True,"[""S0_FULL"", 4, ""L0_STAGE15_MATCHED"", ""B2_COMMON_NODE_EQUAL_DENSITY"", 0.75]","[""S2_DROP_TOP5"", 4, ""L0_STAGE15_MATCHED"", ""B2_COMMON_NODE_EQUAL_DENSITY"", 0.75]"
S0_FULL--S2_DROP_TOP5,PRIMARY,S0_FULL,S2_DROP_TOP5,4,L0_STAGE15_MATCHED,B2_COMMON_NODE_EQUAL_DENSITY,0.5,{R2},"{R0,R2}",{R2},False,True,True,False,True,True,"[""S0_FULL"", 4, ""L0_STAGE15_MATCHED"", ""B2_COMMON_NODE_EQUAL_DENSITY"", 0.5]","[""S2_DROP_TOP5"", 4, ""L0_STAGE15_MATCHED"", ""B2_COMMON_NODE_EQUAL_DENSITY"", 0.5]"
S0_FULL--S2_DROP_TOP5,PRIMARY,S0_FULL,S2_DROP_TOP5,4,L1_EXTENDED,B0_REFERENCE,1.0,{R2},{R0},{},False,True,False,True,True,True,"[""S0_FULL"", 4, ""L1_EXTENDED"", ""B0_REFERENCE"", 1.0]","[""S2_DROP_TOP5"", 4, ""L1_EXTENDED"", ""B0_REFERENCE"", 1.0]"
S0_FULL--S2_DROP_TOP5,PRIMARY,S0_FULL,S2_DROP_TOP5,4,L1_EXTENDED,B2_COMMON_NODE_EQUAL_DENSITY,1.0,{R2},{R0},{},False,True,False,True,True,True,"[""S0_FULL"", 4, ""L1_EXTENDED"", ""B2_COMMON_NODE_EQUAL_DENSITY"", 1.0]","[""S2_DROP_TOP5"", 4, ""L1_EXTENDED"", ""B2_COMMON_NODE_EQUAL_DENSITY"", 1.0]"
S0_FULL--S2_DROP_TOP5,PRIMARY,S0_FULL,S2_DROP_TOP5,4,L1_EXTENDED,B2_COMMON_NODE_EQUAL_DENSITY,0.75,{R2},{R0},{},False,True,False,True,True,True,"[""S0_FULL"", 4, ""L1_EXTENDED"", ""B2_COMMON_NODE_EQUAL_DENSITY"", 0.75]","[""S2_DROP_TOP5"", 4, ""L1_EXTENDED"", ""B2_COMMON_NODE_EQUAL_DENSITY"", 0.75]"
S0_FULL--S2_DROP_TOP5,PRIMARY,S0_FULL,S2_DROP_TOP5,4,L1_EXTENDED,B2_COMMON_NODE_EQUAL_DENSITY,0.5,{R2},{R0},{},False,True,False,True,True,True,"[""S0_FULL"", 4, ""L1_EXTENDED"", ""B2_COMMON_NODE_EQUAL_DENSITY"", 0.5]","[""S2_DROP_TOP5"", 4, ""L1_EXTENDED"", ""B2_COMMON_NODE_EQUAL_DENSITY"", 0.5]"
S0_FULL--S2_DROP_TOP5,PRIMARY,S0_FULL,S2_DROP_TOP5,4,L2_HIGH,B0_REFERENCE,1.0,{R2},"{R0,R2}",{R2},False,True,True,False,True,True,"[""S0_FULL"", 4, ""L2_HIGH"", ""B0_REFERENCE"", 1.0]","[""S2_DROP_TOP5"", 4, ""L2_HIGH"", ""B0_REFERENCE"", 1.0]"
S0_FULL--S2_DROP_TOP5,PRIMARY,S0_FULL,S2_DROP_TOP5,4,L2_HIGH,B2_COMMON_NODE_EQUAL_DENSITY,1.0,{R2},{R0},{},False,True,False,True,True,True,"[""S0_FULL"", 4, ""L2_HIGH"", ""B2_COMMON_NODE_EQUAL_DENSITY"", 1.0]","[""S2_DROP_TOP5"", 4, ""L2_HIGH"", ""B2_COMMON_NODE_EQUAL_DENSITY"", 1.0]"
S0_FULL--S2_DROP_TOP5,PRIMARY,S0_FULL,S2_DROP_TOP5,4,L2_HIGH,B2_COMMON_NODE_EQUAL_DENSITY,0.75,{R2},{R0},{},False,True,False,True,True,True,"[""S0_FULL"", 4, ""L2_HIGH"", ""B2_COMMON_NODE_EQUAL_DENSITY"", 0.75]","[""S2_DROP_TOP5"", 4, ""L2_HIGH"", ""B2_COMMON_NODE_EQUAL_DENSITY"", 0.75]"
S0_FULL--S2_DROP_TOP5,PRIMARY,S0_FULL,S2_DROP_TOP5,4,L2_HIGH,B2_COMMON_NODE_EQUAL_DENSITY,0.5,{R2},{R0},{},False,True,False,True,True,True,"[""S0_FULL"", 4, ""L2_HIGH"", ""B2_COMMON_NODE_EQUAL_DENSITY"", 0.5]","[""S2_DROP_TOP5"", 4, ""L2_HIGH"", ""B2_COMMON_NODE_EQUAL_DENSITY"", 0.5]"
S0_FULL--S1_DROP_TOP1,SECONDARY,S0_FULL,S1_DROP_TOP1,0,L0_STAGE15_MATCHED,B0_REFERENCE,1.0,{R2},{R1},{},False,True,False,True,True,True,"[""S0_FULL"", 0, ""L0_STAGE15_MATCHED"", ""B0_REFERENCE"", 1.0]","[""S1_DROP_TOP1"", 0, ""L0_STAGE15_MATCHED"", ""B0_REFERENCE"", 1.0]"
S0_FULL--S1_DROP_TOP1,SECONDARY,S0_FULL,S1_DROP_TOP1,0,L0_STAGE15_MATCHED,B2_COMMON_NODE_EQUAL_DENSITY,1.0,{R2},{R2},{R2},True,False,True,False,True,True,"[""S0_FULL"", 0, ""L0_STAGE15_MATCHED"", ""B2_COMMON_NODE_EQUAL_DENSITY"", 1.0]","[""S1_DROP_TOP1"", 0, ""L0_STAGE15_MATCHED"", ""B2_COMMON_NODE_EQUAL_DENSITY"", 1.0]"
S0_FULL--S1_DROP_TOP1,SECONDARY,S0_FULL,S1_DROP_TOP1,0,L0_STAGE15_MATCHED,B2_COMMON_NODE_EQUAL_DENSITY,0.75,{R2},{R2},{R2},True,False,True,False,True,True,"[""S0_FULL"", 0, ""L0_STAGE15_MATCHED"", ""B2_COMMON_NODE_EQUAL_DENSITY"", 0.75]","[""S1_DROP_TOP1"", 0, ""L0_STAGE15_MATCHED"", ""B2_COMMON_NODE_EQUAL_DENSITY"", 0.75]"
S0_FULL--S1_DROP_TOP1,SECONDARY,S0_FULL,S1_DROP_TOP1,0,L0_STAGE15_MATCHED,B2_COMMON_NODE_EQUAL_DENSITY,0.5,{R2},{R2},{R2},True,False,True,False,True,True,"[""S0_FULL"", 0, ""L0_STAGE15_MATCHED"", ""B2_COMMON_NODE_EQUAL_DENSITY"", 0.5]","[""S1_DROP_TOP1"", 0, ""L0_STAGE15_MATCHED"", ""B2_COMMON_NODE_EQUAL_DENSITY"", 0.5]"
S0_FULL--S1_DROP_TOP1,SECONDARY,S0_FULL,S1_DROP_TOP1,0,L1_EXTENDED,B0_REFERENCE,1.0,{R2},{R1},{},False,True,False,True,True,True,"[""S0_FULL"", 0, ""L1_EXTENDED"", ""B0_REFERENCE"", 1.0]","[""S1_DROP_TOP1"", 0, ""L1_EXTENDED"", ""B0_REFERENCE"", 1.0]"
S0_FULL--S1_DROP_TOP1,SECONDARY,S0_FULL,S1_DROP_TOP1,0,L1_EXTENDED,B2_COMMON_NODE_EQUAL_DENSITY,1.0,{R2},{R0},{},False,True,False,True,True,True,"[""S0_FULL"", 0, ""L1_EXTENDED"", ""B2_COMMON_NODE_EQUAL_DENSITY"", 1.0]","[""S1_DROP_TOP1"", 0, ""L1_EXTENDED"", ""B2_COMMON_NODE_EQUAL_DENSITY"", 1.0]"
S0_FULL--S1_DROP_TOP1,SECONDARY,S0_FULL,S1_DROP_TOP1,0,L1_EXTENDED,B2_COMMON_NODE_EQUAL_DENSITY,0.75,{R2},{R0},{},False,True,False,True,True,True,"[""S0_FULL"", 0, ""L1_EXTENDED"", ""B2_COMMON_NODE_EQUAL_DENSITY"", 0.75]","[""S1_DROP_TOP1"", 0, ""L1_EXTENDED"", ""B2_COMMON_NODE_EQUAL_DENSITY"", 0.75]"
S0_FULL--S1_DROP_TOP1,SECONDARY,S0_FULL,S1_DROP_TOP1,0,L1_EXTENDED,B2_COMMON_NODE_EQUAL_DENSITY,0.5,{R2},{R0},{},False,True,False,True,True,True,"[""S0_FULL"", 0, ""L1_EXTENDED"", ""B2_COMMON_NODE_EQUAL_DENSITY"", 0.5]","[""S1_DROP_TOP1"", 0, ""L1_EXTENDED"", ""B2_COMMON_NODE_EQUAL_DENSITY"", 0.5]"
S0_FULL--S1_DROP_TOP1,SECONDARY,S0_FULL,S1_DROP_TOP1,0,L2_HIGH,B0_REFERENCE,1.0,{R2},{R1},{},False,True,False,True,True,True,"[""S0_FULL"", 0, ""L2_HIGH"", ""B0_REFERENCE"", 1.0]","[""S1_DROP_TOP1"", 0, ""L2_HIGH"", ""B0_REFERENCE"", 1.0]"
S0_FULL--S1_DROP_TOP1,SECONDARY,S0_FULL,S1_DROP_TOP1,0,L2_HIGH,B2_COMMON_NODE_EQUAL_DENSITY,1.0,{R2},{R0},{},False,True,False,True,True,True,"[""S0_FULL"", 0, ""L2_HIGH"", ""B2_COMMON_NODE_EQUAL_DENSITY"", 1.0]","[""S1_DROP_TOP1"", 0, ""L2_HIGH"", ""B2_COMMON_NODE_EQUAL_DENSITY"", 1.0]"
S0_FULL--S1_DROP_TOP1,SECONDARY,S0_FULL,S1_DROP_TOP1,0,L2_HIGH,B2_COMMON_NODE_EQUAL_DENSITY,0.75,{R2},{R0},{},False,True,False,True,True,True,"[""S0_FULL"", 0, ""L2_HIGH"", ""B2_COMMON_NODE_EQUAL_DENSITY"", 0.75]","[""S1_DROP_TOP1"", 0, ""L2_HIGH"", ""B2_COMMON_NODE_EQUAL_DENSITY"", 0.75]"
S0_FULL--S1_DROP_TOP1,SECONDARY,S0_FULL,S1_DROP_TOP1,0,L2_HIGH,B2_COMMON_NODE_EQUAL_DENSITY,0.5,{R2},{R2},{R2},True,False,True,False,True,True,"[""S0_FULL"", 0, ""L2_HIGH"", ""B2_COMMON_NODE_EQUAL_DENSITY"", 0.5]","[""S1_DROP_TOP1"", 0, ""L2_HIGH"", ""B2_COMMON_NODE_EQUAL_DENSITY"", 0.5]"
S0_FULL--S1_DROP_TOP1,SECONDARY,S0_FULL,S1_DROP_TOP1,1,L0_STAGE15_MATCHED,B0_REFERENCE,1.0,{R2},{R1},{},False,True,False,True,True,True,"[""S0_FULL"", 1, ""L0_STAGE15_MATCHED"", ""B0_REFERENCE"", 1.0]","[""S1_DROP_TOP1"", 1, ""L0_STAGE15_MATCHED"", ""B0_REFERENCE"", 1.0]"
S0_FULL--S1_DROP_TOP1,SECONDARY,S0_FULL,S1_DROP_TOP1,1,L0_STAGE15_MATCHED,B2_COMMON_NODE_EQUAL_DENSITY,1.0,{R2},{R2},{R2},True,False,True,False,True,True,"[""S0_FULL"", 1, ""L0_STAGE15_MATCHED"", ""B2_COMMON_NODE_EQUAL_DENSITY"", 1.0]","[""S1_DROP_TOP1"", 1, ""L0_STAGE15_MATCHED"", ""B2_COMMON_NODE_EQUAL_DENSITY"", 1.0]"
S0_FULL--S1_DROP_TOP1,SECONDARY,S0_FULL,S1_DROP_TOP1,1,L0_STAGE15_MATCHED,B2_COMMON_NODE_EQUAL_DENSITY,0.75,{R2},{R2},{R2},True,False,True,False,True,True,"[""S0_FULL"", 1, ""L0_STAGE15_MATCHED"", ""B2_COMMON_NODE_EQUAL_DENSITY"", 0.75]","[""S1_DROP_TOP1"", 1, ""L0_STAGE15_MATCHED"", ""B2_COMMON_NODE_EQUAL_DENSITY"", 0.75]"
S0_FULL--S1_DROP_TOP1,SECONDARY,S0_FULL,S1_DROP_TOP1,1,L0_STAGE15_MATCHED,B2_COMMON_NODE_EQUAL_DENSITY,0.5,{R2},{R2},{R2},True,False,True,False,True,True,"[""S0_FULL"", 1, ""L0_STAGE15_MATCHED"", ""B2_COMMON_NODE_EQUAL_DENSITY"", 0.5]","[""S1_DROP_TOP1"", 1, ""L0_STAGE15_MATCHED"", ""B2_COMMON_NODE_EQUAL_DENSITY"", 0.5]"
S0_FULL--S1_DROP_TOP1,SECONDARY,S0_FULL,S1_DROP_TOP1,1,L1_EXTENDED,B0_REFERENCE,1.0,{R2},{R1},{},False,True,False,True,True,True,"[""S0_FULL"", 1, ""L1_EXTENDED"", ""B0_REFERENCE"", 1.0]","[""S1_DROP_TOP1"", 1, ""L1_EXTENDED"", ""B0_REFERENCE"", 1.0]"
S0_FULL--S1_DROP_TOP1,SECONDARY,S0_FULL,S1_DROP_TOP1,1,L1_EXTENDED,B2_COMMON_NODE_EQUAL_DENSITY,1.0,{R2},{R0},{},False,True,False,True,True,True,"[""S0_FULL"", 1, ""L1_EXTENDED"", ""B2_COMMON_NODE_EQUAL_DENSITY"", 1.0]","[""S1_DROP_TOP1"", 1, ""L1_EXTENDED"", ""B2_COMMON_NODE_EQUAL_DENSITY"", 1.0]"
S0_FULL--S1_DROP_TOP1,SECONDARY,S0_FULL,S1_DROP_TOP1,1,L1_EXTENDED,B2_COMMON_NODE_EQUAL_DENSITY,0.75,{R2},{R0},{},False,True,False,True,True,True,"[""S0_FULL"", 1, ""L1_EXTENDED"", ""B2_COMMON_NODE_EQUAL_DENSITY"", 0.75]","[""S1_DROP_TOP1"", 1, ""L1_EXTENDED"", ""B2_COMMON_NODE_EQUAL_DENSITY"", 0.75]"
S0_FULL--S1_DROP_TOP1,SECONDARY,S0_FULL,S1_DROP_TOP1,1,L1_EXTENDED,B2_COMMON_NODE_EQUAL_DENSITY,0.5,{R2},{R0},{},False,True,False,True,True,True,"[""S0_FULL"", 1, ""L1_EXTENDED"", ""B2_COMMON_NODE_EQUAL_DENSITY"", 0.5]","[""S1_DROP_TOP1"", 1, ""L1_EXTENDED"", ""B2_COMMON_NODE_EQUAL_DENSITY"", 0.5]"
S0_FULL--S1_DROP_TOP1,SECONDARY,S0_FULL,S1_DROP_TOP1,1,L2_HIGH,B0_REFERENCE,1.0,{R2},{R1},{},False,True,False,True,True,True,"[""S0_FULL"", 1, ""L2_HIGH"", ""B0_REFERENCE"", 1.0]","[""S1_DROP_TOP1"", 1, ""L2_HIGH"", ""B0_REFERENCE"", 1.0]"
S0_FULL--S1_DROP_TOP1,SECONDARY,S0_FULL,S1_DROP_TOP1,1,L2_HIGH,B2_COMMON_NODE_EQUAL_DENSITY,1.0,"{R0,R2}",{R0},{R0},False,True,True,False,True,True,"[""S0_FULL"", 1, ""L2_HIGH"", ""B2_COMMON_NODE_EQUAL_DENSITY"", 1.0]","[""S1_DROP_TOP1"", 1, ""L2_HIGH"", ""B2_COMMON_NODE_EQUAL_DENSITY"", 1.0]"
S0_FULL--S1_DROP_TOP1,SECONDARY,S0_FULL,S1_DROP_TOP1,1,L2_HIGH,B2_COMMON_NODE_EQUAL_DENSITY,0.75,{R2},{R0},{},False,True,False,True,True,True,"[""S0_FULL"", 1, ""L2_HIGH"", ""B2_COMMON_NODE_EQUAL_DENSITY"", 0.75]","[""S1_DROP_TOP1"", 1, ""L2_HIGH"", ""B2_COMMON_NODE_EQUAL_DENSITY"", 0.75]"
S0_FULL--S1_DROP_TOP1,SECONDARY,S0_FULL,S1_DROP_TOP1,1,L2_HIGH,B2_COMMON_NODE_EQUAL_DENSITY,0.5,{R2},{R2},{R2},True,False,True,False,True,True,"[""S0_FULL"", 1, ""L2_HIGH"", ""B2_COMMON_NODE_EQUAL_DENSITY"", 0.5]","[""S1_DROP_TOP1"", 1, ""L2_HIGH"", ""B2_COMMON_NODE_EQUAL_DENSITY"", 0.5]"
S0_FULL--S1_DROP_TOP1,SECONDARY,S0_FULL,S1_DROP_TOP1,2,L0_STAGE15_MATCHED,B0_REFERENCE,1.0,{R1},{R1},{R1},True,False,True,False,True,True,"[""S0_FULL"", 2, ""L0_STAGE15_MATCHED"", ""B0_REFERENCE"", 1.0]","[""S1_DROP_TOP1"", 2, ""L0_STAGE15_MATCHED"", ""B0_REFERENCE"", 1.0]"
S0_FULL--S1_DROP_TOP1,SECONDARY,S0_FULL,S1_DROP_TOP1,2,L0_STAGE15_MATCHED,B2_COMMON_NODE_EQUAL_DENSITY,1.0,{R2},{R2},{R2},True,False,True,False,True,True,"[""S0_FULL"", 2, ""L0_STAGE15_MATCHED"", ""B2_COMMON_NODE_EQUAL_DENSITY"", 1.0]","[""S1_DROP_TOP1"", 2, ""L0_STAGE15_MATCHED"", ""B2_COMMON_NODE_EQUAL_DENSITY"", 1.0]"
S0_FULL--S1_DROP_TOP1,SECONDARY,S0_FULL,S1_DROP_TOP1,2,L0_STAGE15_MATCHED,B2_COMMON_NODE_EQUAL_DENSITY,0.75,{R2},{R2},{R2},True,False,True,False,True,True,"[""S0_FULL"", 2, ""L0_STAGE15_MATCHED"", ""B2_COMMON_NODE_EQUAL_DENSITY"", 0.75]","[""S1_DROP_TOP1"", 2, ""L0_STAGE15_MATCHED"", ""B2_COMMON_NODE_EQUAL_DENSITY"", 0.75]"
S0_FULL--S1_DROP_TOP1,SECONDARY,S0_FULL,S1_DROP_TOP1,2,L0_STAGE15_MATCHED,B2_COMMON_NODE_EQUAL_DENSITY,0.5,{R2},{R2},{R2},True,False,True,False,True,True,"[""S0_FULL"", 2, ""L0_STAGE15_MATCHED"", ""B2_COMMON_NODE_EQUAL_DENSITY"", 0.5]","[""S1_DROP_TOP1"", 2, ""L0_STAGE15_MATCHED"", ""B2_COMMON_NODE_EQUAL_DENSITY"", 0.5]"
S0_FULL--S1_DROP_TOP1,SECONDARY,S0_FULL,S1_DROP_TOP1,2,L1_EXTENDED,B0_REFERENCE,1.0,{R2},{R1},{},False,True,False,True,True,True,"[""S0_FULL"", 2, ""L1_EXTENDED"", ""B0_REFERENCE"", 1.0]","[""S1_DROP_TOP1"", 2, ""L1_EXTENDED"", ""B0_REFERENCE"", 1.0]"
S0_FULL--S1_DROP_TOP1,SECONDARY,S0_FULL,S1_DROP_TOP1,2,L1_EXTENDED,B2_COMMON_NODE_EQUAL_DENSITY,1.0,{R2},{R2},{R2},True,False,True,False,True,True,"[""S0_FULL"", 2, ""L1_EXTENDED"", ""B2_COMMON_NODE_EQUAL_DENSITY"", 1.0]","[""S1_DROP_TOP1"", 2, ""L1_EXTENDED"", ""B2_COMMON_NODE_EQUAL_DENSITY"", 1.0]"
S0_FULL--S1_DROP_TOP1,SECONDARY,S0_FULL,S1_DROP_TOP1,2,L1_EXTENDED,B2_COMMON_NODE_EQUAL_DENSITY,0.75,{R2},{R0},{},False,True,False,True,True,True,"[""S0_FULL"", 2, ""L1_EXTENDED"", ""B2_COMMON_NODE_EQUAL_DENSITY"", 0.75]","[""S1_DROP_TOP1"", 2, ""L1_EXTENDED"", ""B2_COMMON_NODE_EQUAL_DENSITY"", 0.75]"
S0_FULL--S1_DROP_TOP1,SECONDARY,S0_FULL,S1_DROP_TOP1,2,L1_EXTENDED,B2_COMMON_NODE_EQUAL_DENSITY,0.5,{R2},"{R0,R2}",{R2},False,True,True,False,True,True,"[""S0_FULL"", 2, ""L1_EXTENDED"", ""B2_COMMON_NODE_EQUAL_DENSITY"", 0.5]","[""S1_DROP_TOP1"", 2, ""L1_EXTENDED"", ""B2_COMMON_NODE_EQUAL_DENSITY"", 0.5]"
S0_FULL--S1_DROP_TOP1,SECONDARY,S0_FULL,S1_DROP_TOP1,2,L2_HIGH,B0_REFERENCE,1.0,{R2},{R1},{},False,True,False,True,True,True,"[""S0_FULL"", 2, ""L2_HIGH"", ""B0_REFERENCE"", 1.0]","[""S1_DROP_TOP1"", 2, ""L2_HIGH"", ""B0_REFERENCE"", 1.0]"
S0_FULL--S1_DROP_TOP1,SECONDARY,S0_FULL,S1_DROP_TOP1,2,L2_HIGH,B2_COMMON_NODE_EQUAL_DENSITY,1.0,{R2},{R0},{},False,True,False,True,True,True,"[""S0_FULL"", 2, ""L2_HIGH"", ""B2_COMMON_NODE_EQUAL_DENSITY"", 1.0]","[""S1_DROP_TOP1"", 2, ""L2_HIGH"", ""B2_COMMON_NODE_EQUAL_DENSITY"", 1.0]"
S0_FULL--S1_DROP_TOP1,SECONDARY,S0_FULL,S1_DROP_TOP1,2,L2_HIGH,B2_COMMON_NODE_EQUAL_DENSITY,0.75,{R2},{R0},{},False,True,False,True,True,True,"[""S0_FULL"", 2, ""L2_HIGH"", ""B2_COMMON_NODE_EQUAL_DENSITY"", 0.75]","[""S1_DROP_TOP1"", 2, ""L2_HIGH"", ""B2_COMMON_NODE_EQUAL_DENSITY"", 0.75]"
S0_FULL--S1_DROP_TOP1,SECONDARY,S0_FULL,S1_DROP_TOP1,2,L2_HIGH,B2_COMMON_NODE_EQUAL_DENSITY,0.5,{R2},{R2},{R2},True,False,True,False,True,True,"[""S0_FULL"", 2, ""L2_HIGH"", ""B2_COMMON_NODE_EQUAL_DENSITY"", 0.5]","[""S1_DROP_TOP1"", 2, ""L2_HIGH"", ""B2_COMMON_NODE_EQUAL_DENSITY"", 0.5]"
S0_FULL--S1_DROP_TOP1,SECONDARY,S0_FULL,S1_DROP_TOP1,3,L0_STAGE15_MATCHED,B0_REFERENCE,1.0,{R1},{R1},{R1},True,False,True,False,True,True,"[""S0_FULL"", 3, ""L0_STAGE15_MATCHED"", ""B0_REFERENCE"", 1.0]","[""S1_DROP_TOP1"", 3, ""L0_STAGE15_MATCHED"", ""B0_REFERENCE"", 1.0]"
S0_FULL--S1_DROP_TOP1,SECONDARY,S0_FULL,S1_DROP_TOP1,3,L0_STAGE15_MATCHED,B2_COMMON_NODE_EQUAL_DENSITY,1.0,{R2},{R2},{R2},True,False,True,False,True,True,"[""S0_FULL"", 3, ""L0_STAGE15_MATCHED"", ""B2_COMMON_NODE_EQUAL_DENSITY"", 1.0]","[""S1_DROP_TOP1"", 3, ""L0_STAGE15_MATCHED"", ""B2_COMMON_NODE_EQUAL_DENSITY"", 1.0]"
S0_FULL--S1_DROP_TOP1,SECONDARY,S0_FULL,S1_DROP_TOP1,3,L0_STAGE15_MATCHED,B2_COMMON_NODE_EQUAL_DENSITY,0.75,{R2},{R2},{R2},True,False,True,False,True,True,"[""S0_FULL"", 3, ""L0_STAGE15_MATCHED"", ""B2_COMMON_NODE_EQUAL_DENSITY"", 0.75]","[""S1_DROP_TOP1"", 3, ""L0_STAGE15_MATCHED"", ""B2_COMMON_NODE_EQUAL_DENSITY"", 0.75]"
S0_FULL--S1_DROP_TOP1,SECONDARY,S0_FULL,S1_DROP_TOP1,3,L0_STAGE15_MATCHED,B2_COMMON_NODE_EQUAL_DENSITY,0.5,{R2},{R2},{R2},True,False,True,False,True,True,"[""S0_FULL"", 3, ""L0_STAGE15_MATCHED"", ""B2_COMMON_NODE_EQUAL_DENSITY"", 0.5]","[""S1_DROP_TOP1"", 3, ""L0_STAGE15_MATCHED"", ""B2_COMMON_NODE_EQUAL_DENSITY"", 0.5]"
S0_FULL--S1_DROP_TOP1,SECONDARY,S0_FULL,S1_DROP_TOP1,3,L1_EXTENDED,B0_REFERENCE,1.0,{R2},{R1},{},False,True,False,True,True,True,"[""S0_FULL"", 3, ""L1_EXTENDED"", ""B0_REFERENCE"", 1.0]","[""S1_DROP_TOP1"", 3, ""L1_EXTENDED"", ""B0_REFERENCE"", 1.0]"
S0_FULL--S1_DROP_TOP1,SECONDARY,S0_FULL,S1_DROP_TOP1,3,L1_EXTENDED,B2_COMMON_NODE_EQUAL_DENSITY,1.0,{R2},{R0},{},False,True,False,True,True,True,"[""S0_FULL"", 3, ""L1_EXTENDED"", ""B2_COMMON_NODE_EQUAL_DENSITY"", 1.0]","[""S1_DROP_TOP1"", 3, ""L1_EXTENDED"", ""B2_COMMON_NODE_EQUAL_DENSITY"", 1.0]"
S0_FULL--S1_DROP_TOP1,SECONDARY,S0_FULL,S1_DROP_TOP1,3,L1_EXTENDED,B2_COMMON_NODE_EQUAL_DENSITY,0.75,{R2},{R0},{},False,True,False,True,True,True,"[""S0_FULL"", 3, ""L1_EXTENDED"", ""B2_COMMON_NODE_EQUAL_DENSITY"", 0.75]","[""S1_DROP_TOP1"", 3, ""L1_EXTENDED"", ""B2_COMMON_NODE_EQUAL_DENSITY"", 0.75]"
S0_FULL--S1_DROP_TOP1,SECONDARY,S0_FULL,S1_DROP_TOP1,3,L1_EXTENDED,B2_COMMON_NODE_EQUAL_DENSITY,0.5,{R2},{R0},{},False,True,False,True,True,True,"[""S0_FULL"", 3, ""L1_EXTENDED"", ""B2_COMMON_NODE_EQUAL_DENSITY"", 0.5]","[""S1_DROP_TOP1"", 3, ""L1_EXTENDED"", ""B2_COMMON_NODE_EQUAL_DENSITY"", 0.5]"
S0_FULL--S1_DROP_TOP1,SECONDARY,S0_FULL,S1_DROP_TOP1,3,L2_HIGH,B0_REFERENCE,1.0,{R2},{R1},{},False,True,False,True,True,True,"[""S0_FULL"", 3, ""L2_HIGH"", ""B0_REFERENCE"", 1.0]","[""S1_DROP_TOP1"", 3, ""L2_HIGH"", ""B0_REFERENCE"", 1.0]"
S0_FULL--S1_DROP_TOP1,SECONDARY,S0_FULL,S1_DROP_TOP1,3,L2_HIGH,B2_COMMON_NODE_EQUAL_DENSITY,1.0,{R2},{R0},{},False,True,False,True,True,True,"[""S0_FULL"", 3, ""L2_HIGH"", ""B2_COMMON_NODE_EQUAL_DENSITY"", 1.0]","[""S1_DROP_TOP1"", 3, ""L2_HIGH"", ""B2_COMMON_NODE_EQUAL_DENSITY"", 1.0]"
S0_FULL--S1_DROP_TOP1,SECONDARY,S0_FULL,S1_DROP_TOP1,3,L2_HIGH,B2_COMMON_NODE_EQUAL_DENSITY,0.75,{R2},{R0},{},False,True,False,True,True,True,"[""S0_FULL"", 3, ""L2_HIGH"", ""B2_COMMON_NODE_EQUAL_DENSITY"", 0.75]","[""S1_DROP_TOP1"", 3, ""L2_HIGH"", ""B2_COMMON_NODE_EQUAL_DENSITY"", 0.75]"
S0_FULL--S1_DROP_TOP1,SECONDARY,S0_FULL,S1_DROP_TOP1,3,L2_HIGH,B2_COMMON_NODE_EQUAL_DENSITY,0.5,{R2},{R2},{R2},True,False,True,False,True,True,"[""S0_FULL"", 3, ""L2_HIGH"", ""B2_COMMON_NODE_EQUAL_DENSITY"", 0.5]","[""S1_DROP_TOP1"", 3, ""L2_HIGH"", ""B2_COMMON_NODE_EQUAL_DENSITY"", 0.5]"
S0_FULL--S1_DROP_TOP1,SECONDARY,S0_FULL,S1_DROP_TOP1,4,L0_STAGE15_MATCHED,B0_REFERENCE,1.0,{R1},{R1},{R1},True,False,True,False,True,True,"[""S0_FULL"", 4, ""L0_STAGE15_MATCHED"", ""B0_REFERENCE"", 1.0]","[""S1_DROP_TOP1"", 4, ""L0_STAGE15_MATCHED"", ""B0_REFERENCE"", 1.0]"
S0_FULL--S1_DROP_TOP1,SECONDARY,S0_FULL,S1_DROP_TOP1,4,L0_STAGE15_MATCHED,B2_COMMON_NODE_EQUAL_DENSITY,1.0,{R2},{R2},{R2},True,False,True,False,True,True,"[""S0_FULL"", 4, ""L0_STAGE15_MATCHED"", ""B2_COMMON_NODE_EQUAL_DENSITY"", 1.0]","[""S1_DROP_TOP1"", 4, ""L0_STAGE15_MATCHED"", ""B2_COMMON_NODE_EQUAL_DENSITY"", 1.0]"
S0_FULL--S1_DROP_TOP1,SECONDARY,S0_FULL,S1_DROP_TOP1,4,L0_STAGE15_MATCHED,B2_COMMON_NODE_EQUAL_DENSITY,0.75,{R2},{R2},{R2},True,False,True,False,True,True,"[""S0_FULL"", 4, ""L0_STAGE15_MATCHED"", ""B2_COMMON_NODE_EQUAL_DENSITY"", 0.75]","[""S1_DROP_TOP1"", 4, ""L0_STAGE15_MATCHED"", ""B2_COMMON_NODE_EQUAL_DENSITY"", 0.75]"
S0_FULL--S1_DROP_TOP1,SECONDARY,S0_FULL,S1_DROP_TOP1,4,L0_STAGE15_MATCHED,B2_COMMON_NODE_EQUAL_DENSITY,0.5,{R2},{R2},{R2},True,False,True,False,True,True,"[""S0_FULL"", 4, ""L0_STAGE15_MATCHED"", ""B2_COMMON_NODE_EQUAL_DENSITY"", 0.5]","[""S1_DROP_TOP1"", 4, ""L0_STAGE15_MATCHED"", ""B2_COMMON_NODE_EQUAL_DENSITY"", 0.5]"
S0_FULL--S1_DROP_TOP1,SECONDARY,S0_FULL,S1_DROP_TOP1,4,L1_EXTENDED,B0_REFERENCE,1.0,{R2},{R1},{},False,True,False,True,True,True,"[""S0_FULL"", 4, ""L1_EXTENDED"", ""B0_REFERENCE"", 1.0]","[""S1_DROP_TOP1"", 4, ""L1_EXTENDED"", ""B0_REFERENCE"", 1.0]"
S0_FULL--S1_DROP_TOP1,SECONDARY,S0_FULL,S1_DROP_TOP1,4,L1_EXTENDED,B2_COMMON_NODE_EQUAL_DENSITY,1.0,{R2},{R0},{},False,True,False,True,True,True,"[""S0_FULL"", 4, ""L1_EXTENDED"", ""B2_COMMON_NODE_EQUAL_DENSITY"", 1.0]","[""S1_DROP_TOP1"", 4, ""L1_EXTENDED"", ""B2_COMMON_NODE_EQUAL_DENSITY"", 1.0]"
S0_FULL--S1_DROP_TOP1,SECONDARY,S0_FULL,S1_DROP_TOP1,4,L1_EXTENDED,B2_COMMON_NODE_EQUAL_DENSITY,0.75,{R2},{R0},{},False,True,False,True,True,True,"[""S0_FULL"", 4, ""L1_EXTENDED"", ""B2_COMMON_NODE_EQUAL_DENSITY"", 0.75]","[""S1_DROP_TOP1"", 4, ""L1_EXTENDED"", ""B2_COMMON_NODE_EQUAL_DENSITY"", 0.75]"
S0_FULL--S1_DROP_TOP1,SECONDARY,S0_FULL,S1_DROP_TOP1,4,L1_EXTENDED,B2_COMMON_NODE_EQUAL_DENSITY,0.5,{R2},{R0},{},False,True,False,True,True,True,"[""S0_FULL"", 4, ""L1_EXTENDED"", ""B2_COMMON_NODE_EQUAL_DENSITY"", 0.5]","[""S1_DROP_TOP1"", 4, ""L1_EXTENDED"", ""B2_COMMON_NODE_EQUAL_DENSITY"", 0.5]"
S0_FULL--S1_DROP_TOP1,SECONDARY,S0_FULL,S1_DROP_TOP1,4,L2_HIGH,B0_REFERENCE,1.0,{R2},{R1},{},False,True,False,True,True,True,"[""S0_FULL"", 4, ""L2_HIGH"", ""B0_REFERENCE"", 1.0]","[""S1_DROP_TOP1"", 4, ""L2_HIGH"", ""B0_REFERENCE"", 1.0]"
S0_FULL--S1_DROP_TOP1,SECONDARY,S0_FULL,S1_DROP_TOP1,4,L2_HIGH,B2_COMMON_NODE_EQUAL_DENSITY,1.0,{R2},{R0},{},False,True,False,True,True,True,"[""S0_FULL"", 4, ""L2_HIGH"", ""B2_COMMON_NODE_EQUAL_DENSITY"", 1.0]","[""S1_DROP_TOP1"", 4, ""L2_HIGH"", ""B2_COMMON_NODE_EQUAL_DENSITY"", 1.0]"
S0_FULL--S1_DROP_TOP1,SECONDARY,S0_FULL,S1_DROP_TOP1,4,L2_HIGH,B2_COMMON_NODE_EQUAL_DENSITY,0.75,{R2},{R0},{},False,True,False,True,True,True,"[""S0_FULL"", 4, ""L2_HIGH"", ""B2_COMMON_NODE_EQUAL_DENSITY"", 0.75]","[""S1_DROP_TOP1"", 4, ""L2_HIGH"", ""B2_COMMON_NODE_EQUAL_DENSITY"", 0.75]"
S0_FULL--S1_DROP_TOP1,SECONDARY,S0_FULL,S1_DROP_TOP1,4,L2_HIGH,B2_COMMON_NODE_EQUAL_DENSITY,0.5,{R2},{R2},{R2},True,False,True,False,True,True,"[""S0_FULL"", 4, ""L2_HIGH"", ""B2_COMMON_NODE_EQUAL_DENSITY"", 0.5]","[""S1_DROP_TOP1"", 4, ""L2_HIGH"", ""B2_COMMON_NODE_EQUAL_DENSITY"", 0.5]"
S1_DROP_TOP1--S2_DROP_TOP5,SECONDARY,S1_DROP_TOP1,S2_DROP_TOP5,0,L0_STAGE15_MATCHED,B0_REFERENCE,1.0,{R1},{R0},{},False,True,False,True,True,True,"[""S1_DROP_TOP1"", 0, ""L0_STAGE15_MATCHED"", ""B0_REFERENCE"", 1.0]","[""S2_DROP_TOP5"", 0, ""L0_STAGE15_MATCHED"", ""B0_REFERENCE"", 1.0]"
S1_DROP_TOP1--S2_DROP_TOP5,SECONDARY,S1_DROP_TOP1,S2_DROP_TOP5,0,L0_STAGE15_MATCHED,B2_COMMON_NODE_EQUAL_DENSITY,1.0,{R2},{R0},{},False,True,False,True,True,True,"[""S1_DROP_TOP1"", 0, ""L0_STAGE15_MATCHED"", ""B2_COMMON_NODE_EQUAL_DENSITY"", 1.0]","[""S2_DROP_TOP5"", 0, ""L0_STAGE15_MATCHED"", ""B2_COMMON_NODE_EQUAL_DENSITY"", 1.0]"
S1_DROP_TOP1--S2_DROP_TOP5,SECONDARY,S1_DROP_TOP1,S2_DROP_TOP5,0,L0_STAGE15_MATCHED,B2_COMMON_NODE_EQUAL_DENSITY,0.75,{R2},"{R0,R1,R2}",{R2},False,True,True,False,True,True,"[""S1_DROP_TOP1"", 0, ""L0_STAGE15_MATCHED"", ""B2_COMMON_NODE_EQUAL_DENSITY"", 0.75]","[""S2_DROP_TOP5"", 0, ""L0_STAGE15_MATCHED"", ""B2_COMMON_NODE_EQUAL_DENSITY"", 0.75]"
S1_DROP_TOP1--S2_DROP_TOP5,SECONDARY,S1_DROP_TOP1,S2_DROP_TOP5,0,L0_STAGE15_MATCHED,B2_COMMON_NODE_EQUAL_DENSITY,0.5,{R2},{R0},{},False,True,False,True,True,True,"[""S1_DROP_TOP1"", 0, ""L0_STAGE15_MATCHED"", ""B2_COMMON_NODE_EQUAL_DENSITY"", 0.5]","[""S2_DROP_TOP5"", 0, ""L0_STAGE15_MATCHED"", ""B2_COMMON_NODE_EQUAL_DENSITY"", 0.5]"
S1_DROP_TOP1--S2_DROP_TOP5,SECONDARY,S1_DROP_TOP1,S2_DROP_TOP5,0,L1_EXTENDED,B0_REFERENCE,1.0,{R1},{R0},{},False,True,False,True,True,True,"[""S1_DROP_TOP1"", 0, ""L1_EXTENDED"", ""B0_REFERENCE"", 1.0]","[""S2_DROP_TOP5"", 0, ""L1_EXTENDED"", ""B0_REFERENCE"", 1.0]"
S1_DROP_TOP1--S2_DROP_TOP5,SECONDARY,S1_DROP_TOP1,S2_DROP_TOP5,0,L1_EXTENDED,B2_COMMON_NODE_EQUAL_DENSITY,1.0,{R0},{R0},{R0},True,False,True,False,True,True,"[""S1_DROP_TOP1"", 0, ""L1_EXTENDED"", ""B2_COMMON_NODE_EQUAL_DENSITY"", 1.0]","[""S2_DROP_TOP5"", 0, ""L1_EXTENDED"", ""B2_COMMON_NODE_EQUAL_DENSITY"", 1.0]"
S1_DROP_TOP1--S2_DROP_TOP5,SECONDARY,S1_DROP_TOP1,S2_DROP_TOP5,0,L1_EXTENDED,B2_COMMON_NODE_EQUAL_DENSITY,0.75,{R0},{R0},{R0},True,False,True,False,True,True,"[""S1_DROP_TOP1"", 0, ""L1_EXTENDED"", ""B2_COMMON_NODE_EQUAL_DENSITY"", 0.75]","[""S2_DROP_TOP5"", 0, ""L1_EXTENDED"", ""B2_COMMON_NODE_EQUAL_DENSITY"", 0.75]"
S1_DROP_TOP1--S2_DROP_TOP5,SECONDARY,S1_DROP_TOP1,S2_DROP_TOP5,0,L1_EXTENDED,B2_COMMON_NODE_EQUAL_DENSITY,0.5,{R0},{R0},{R0},True,False,True,False,True,True,"[""S1_DROP_TOP1"", 0, ""L1_EXTENDED"", ""B2_COMMON_NODE_EQUAL_DENSITY"", 0.5]","[""S2_DROP_TOP5"", 0, ""L1_EXTENDED"", ""B2_COMMON_NODE_EQUAL_DENSITY"", 0.5]"
S1_DROP_TOP1--S2_DROP_TOP5,SECONDARY,S1_DROP_TOP1,S2_DROP_TOP5,0,L2_HIGH,B0_REFERENCE,1.0,{R1},"{R0,R2}",{},False,True,False,True,True,True,"[""S1_DROP_TOP1"", 0, ""L2_HIGH"", ""B0_REFERENCE"", 1.0]","[""S2_DROP_TOP5"", 0, ""L2_HIGH"", ""B0_REFERENCE"", 1.0]"
S1_DROP_TOP1--S2_DROP_TOP5,SECONDARY,S1_DROP_TOP1,S2_DROP_TOP5,0,L2_HIGH,B2_COMMON_NODE_EQUAL_DENSITY,1.0,{R0},{R0},{R0},True,False,True,False,True,True,"[""S1_DROP_TOP1"", 0, ""L2_HIGH"", ""B2_COMMON_NODE_EQUAL_DENSITY"", 1.0]","[""S2_DROP_TOP5"", 0, ""L2_HIGH"", ""B2_COMMON_NODE_EQUAL_DENSITY"", 1.0]"
S1_DROP_TOP1--S2_DROP_TOP5,SECONDARY,S1_DROP_TOP1,S2_DROP_TOP5,0,L2_HIGH,B2_COMMON_NODE_EQUAL_DENSITY,0.75,{R0},{R0},{R0},True,False,True,False,True,True,"[""S1_DROP_TOP1"", 0, ""L2_HIGH"", ""B2_COMMON_NODE_EQUAL_DENSITY"", 0.75]","[""S2_DROP_TOP5"", 0, ""L2_HIGH"", ""B2_COMMON_NODE_EQUAL_DENSITY"", 0.75]"
S1_DROP_TOP1--S2_DROP_TOP5,SECONDARY,S1_DROP_TOP1,S2_DROP_TOP5,0,L2_HIGH,B2_COMMON_NODE_EQUAL_DENSITY,0.5,{R2},{R0},{},False,True,False,True,True,True,"[""S1_DROP_TOP1"", 0, ""L2_HIGH"", ""B2_COMMON_NODE_EQUAL_DENSITY"", 0.5]","[""S2_DROP_TOP5"", 0, ""L2_HIGH"", ""B2_COMMON_NODE_EQUAL_DENSITY"", 0.5]"
S1_DROP_TOP1--S2_DROP_TOP5,SECONDARY,S1_DROP_TOP1,S2_DROP_TOP5,1,L0_STAGE15_MATCHED,B0_REFERENCE,1.0,{R1},{R0},{},False,True,False,True,True,True,"[""S1_DROP_TOP1"", 1, ""L0_STAGE15_MATCHED"", ""B0_REFERENCE"", 1.0]","[""S2_DROP_TOP5"", 1, ""L0_STAGE15_MATCHED"", ""B0_REFERENCE"", 1.0]"
S1_DROP_TOP1--S2_DROP_TOP5,SECONDARY,S1_DROP_TOP1,S2_DROP_TOP5,1,L0_STAGE15_MATCHED,B2_COMMON_NODE_EQUAL_DENSITY,1.0,{R2},{R0},{},False,True,False,True,True,True,"[""S1_DROP_TOP1"", 1, ""L0_STAGE15_MATCHED"", ""B2_COMMON_NODE_EQUAL_DENSITY"", 1.0]","[""S2_DROP_TOP5"", 1, ""L0_STAGE15_MATCHED"", ""B2_COMMON_NODE_EQUAL_DENSITY"", 1.0]"
S1_DROP_TOP1--S2_DROP_TOP5,SECONDARY,S1_DROP_TOP1,S2_DROP_TOP5,1,L0_STAGE15_MATCHED,B2_COMMON_NODE_EQUAL_DENSITY,0.75,{R2},{R2},{R2},True,False,True,False,True,True,"[""S1_DROP_TOP1"", 1, ""L0_STAGE15_MATCHED"", ""B2_COMMON_NODE_EQUAL_DENSITY"", 0.75]","[""S2_DROP_TOP5"", 1, ""L0_STAGE15_MATCHED"", ""B2_COMMON_NODE_EQUAL_DENSITY"", 0.75]"
S1_DROP_TOP1--S2_DROP_TOP5,SECONDARY,S1_DROP_TOP1,S2_DROP_TOP5,1,L0_STAGE15_MATCHED,B2_COMMON_NODE_EQUAL_DENSITY,0.5,{R2},{R2},{R2},True,False,True,False,True,True,"[""S1_DROP_TOP1"", 1, ""L0_STAGE15_MATCHED"", ""B2_COMMON_NODE_EQUAL_DENSITY"", 0.5]","[""S2_DROP_TOP5"", 1, ""L0_STAGE15_MATCHED"", ""B2_COMMON_NODE_EQUAL_DENSITY"", 0.5]"
S1_DROP_TOP1--S2_DROP_TOP5,SECONDARY,S1_DROP_TOP1,S2_DROP_TOP5,1,L1_EXTENDED,B0_REFERENCE,1.0,{R1},{R0},{},False,True,False,True,True,True,"[""S1_DROP_TOP1"", 1, ""L1_EXTENDED"", ""B0_REFERENCE"", 1.0]","[""S2_DROP_TOP5"", 1, ""L1_EXTENDED"", ""B0_REFERENCE"", 1.0]"
S1_DROP_TOP1--S2_DROP_TOP5,SECONDARY,S1_DROP_TOP1,S2_DROP_TOP5,1,L1_EXTENDED,B2_COMMON_NODE_EQUAL_DENSITY,1.0,{R0},{R0},{R0},True,False,True,False,True,True,"[""S1_DROP_TOP1"", 1, ""L1_EXTENDED"", ""B2_COMMON_NODE_EQUAL_DENSITY"", 1.0]","[""S2_DROP_TOP5"", 1, ""L1_EXTENDED"", ""B2_COMMON_NODE_EQUAL_DENSITY"", 1.0]"
S1_DROP_TOP1--S2_DROP_TOP5,SECONDARY,S1_DROP_TOP1,S2_DROP_TOP5,1,L1_EXTENDED,B2_COMMON_NODE_EQUAL_DENSITY,0.75,{R0},{R0},{R0},True,False,True,False,True,True,"[""S1_DROP_TOP1"", 1, ""L1_EXTENDED"", ""B2_COMMON_NODE_EQUAL_DENSITY"", 0.75]","[""S2_DROP_TOP5"", 1, ""L1_EXTENDED"", ""B2_COMMON_NODE_EQUAL_DENSITY"", 0.75]"
S1_DROP_TOP1--S2_DROP_TOP5,SECONDARY,S1_DROP_TOP1,S2_DROP_TOP5,1,L1_EXTENDED,B2_COMMON_NODE_EQUAL_DENSITY,0.5,{R0},{R0},{R0},True,False,True,False,True,True,"[""S1_DROP_TOP1"", 1, ""L1_EXTENDED"", ""B2_COMMON_NODE_EQUAL_DENSITY"", 0.5]","[""S2_DROP_TOP5"", 1, ""L1_EXTENDED"", ""B2_COMMON_NODE_EQUAL_DENSITY"", 0.5]"
S1_DROP_TOP1--S2_DROP_TOP5,SECONDARY,S1_DROP_TOP1,S2_DROP_TOP5,1,L2_HIGH,B0_REFERENCE,1.0,{R1},"{R0,R2}",{},False,True,False,True,True,True,"[""S1_DROP_TOP1"", 1, ""L2_HIGH"", ""B0_REFERENCE"", 1.0]","[""S2_DROP_TOP5"", 1, ""L2_HIGH"", ""B0_REFERENCE"", 1.0]"
S1_DROP_TOP1--S2_DROP_TOP5,SECONDARY,S1_DROP_TOP1,S2_DROP_TOP5,1,L2_HIGH,B2_COMMON_NODE_EQUAL_DENSITY,1.0,{R0},{R0},{R0},True,False,True,False,True,True,"[""S1_DROP_TOP1"", 1, ""L2_HIGH"", ""B2_COMMON_NODE_EQUAL_DENSITY"", 1.0]","[""S2_DROP_TOP5"", 1, ""L2_HIGH"", ""B2_COMMON_NODE_EQUAL_DENSITY"", 1.0]"
S1_DROP_TOP1--S2_DROP_TOP5,SECONDARY,S1_DROP_TOP1,S2_DROP_TOP5,1,L2_HIGH,B2_COMMON_NODE_EQUAL_DENSITY,0.75,{R0},{R0},{R0},True,False,True,False,True,True,"[""S1_DROP_TOP1"", 1, ""L2_HIGH"", ""B2_COMMON_NODE_EQUAL_DENSITY"", 0.75]","[""S2_DROP_TOP5"", 1, ""L2_HIGH"", ""B2_COMMON_NODE_EQUAL_DENSITY"", 0.75]"
S1_DROP_TOP1--S2_DROP_TOP5,SECONDARY,S1_DROP_TOP1,S2_DROP_TOP5,1,L2_HIGH,B2_COMMON_NODE_EQUAL_DENSITY,0.5,{R2},{R0},{},False,True,False,True,True,True,"[""S1_DROP_TOP1"", 1, ""L2_HIGH"", ""B2_COMMON_NODE_EQUAL_DENSITY"", 0.5]","[""S2_DROP_TOP5"", 1, ""L2_HIGH"", ""B2_COMMON_NODE_EQUAL_DENSITY"", 0.5]"
S1_DROP_TOP1--S2_DROP_TOP5,SECONDARY,S1_DROP_TOP1,S2_DROP_TOP5,2,L0_STAGE15_MATCHED,B0_REFERENCE,1.0,{R1},{R0},{},False,True,False,True,True,True,"[""S1_DROP_TOP1"", 2, ""L0_STAGE15_MATCHED"", ""B0_REFERENCE"", 1.0]","[""S2_DROP_TOP5"", 2, ""L0_STAGE15_MATCHED"", ""B0_REFERENCE"", 1.0]"
S1_DROP_TOP1--S2_DROP_TOP5,SECONDARY,S1_DROP_TOP1,S2_DROP_TOP5,2,L0_STAGE15_MATCHED,B2_COMMON_NODE_EQUAL_DENSITY,1.0,{R2},{R0},{},False,True,False,True,True,True,"[""S1_DROP_TOP1"", 2, ""L0_STAGE15_MATCHED"", ""B2_COMMON_NODE_EQUAL_DENSITY"", 1.0]","[""S2_DROP_TOP5"", 2, ""L0_STAGE15_MATCHED"", ""B2_COMMON_NODE_EQUAL_DENSITY"", 1.0]"
S1_DROP_TOP1--S2_DROP_TOP5,SECONDARY,S1_DROP_TOP1,S2_DROP_TOP5,2,L0_STAGE15_MATCHED,B2_COMMON_NODE_EQUAL_DENSITY,0.75,{R2},{R0},{},False,True,False,True,True,True,"[""S1_DROP_TOP1"", 2, ""L0_STAGE15_MATCHED"", ""B2_COMMON_NODE_EQUAL_DENSITY"", 0.75]","[""S2_DROP_TOP5"", 2, ""L0_STAGE15_MATCHED"", ""B2_COMMON_NODE_EQUAL_DENSITY"", 0.75]"
S1_DROP_TOP1--S2_DROP_TOP5,SECONDARY,S1_DROP_TOP1,S2_DROP_TOP5,2,L0_STAGE15_MATCHED,B2_COMMON_NODE_EQUAL_DENSITY,0.5,{R2},{R0},{},False,True,False,True,True,True,"[""S1_DROP_TOP1"", 2, ""L0_STAGE15_MATCHED"", ""B2_COMMON_NODE_EQUAL_DENSITY"", 0.5]","[""S2_DROP_TOP5"", 2, ""L0_STAGE15_MATCHED"", ""B2_COMMON_NODE_EQUAL_DENSITY"", 0.5]"
S1_DROP_TOP1--S2_DROP_TOP5,SECONDARY,S1_DROP_TOP1,S2_DROP_TOP5,2,L1_EXTENDED,B0_REFERENCE,1.0,{R1},{R0},{},False,True,False,True,True,True,"[""S1_DROP_TOP1"", 2, ""L1_EXTENDED"", ""B0_REFERENCE"", 1.0]","[""S2_DROP_TOP5"", 2, ""L1_EXTENDED"", ""B0_REFERENCE"", 1.0]"
S1_DROP_TOP1--S2_DROP_TOP5,SECONDARY,S1_DROP_TOP1,S2_DROP_TOP5,2,L1_EXTENDED,B2_COMMON_NODE_EQUAL_DENSITY,1.0,{R2},{R0},{},False,True,False,True,True,True,"[""S1_DROP_TOP1"", 2, ""L1_EXTENDED"", ""B2_COMMON_NODE_EQUAL_DENSITY"", 1.0]","[""S2_DROP_TOP5"", 2, ""L1_EXTENDED"", ""B2_COMMON_NODE_EQUAL_DENSITY"", 1.0]"
S1_DROP_TOP1--S2_DROP_TOP5,SECONDARY,S1_DROP_TOP1,S2_DROP_TOP5,2,L1_EXTENDED,B2_COMMON_NODE_EQUAL_DENSITY,0.75,{R0},{R0},{R0},True,False,True,False,True,True,"[""S1_DROP_TOP1"", 2, ""L1_EXTENDED"", ""B2_COMMON_NODE_EQUAL_DENSITY"", 0.75]","[""S2_DROP_TOP5"", 2, ""L1_EXTENDED"", ""B2_COMMON_NODE_EQUAL_DENSITY"", 0.75]"
S1_DROP_TOP1--S2_DROP_TOP5,SECONDARY,S1_DROP_TOP1,S2_DROP_TOP5,2,L1_EXTENDED,B2_COMMON_NODE_EQUAL_DENSITY,0.5,"{R0,R2}",{R0},{R0},False,True,True,False,True,True,"[""S1_DROP_TOP1"", 2, ""L1_EXTENDED"", ""B2_COMMON_NODE_EQUAL_DENSITY"", 0.5]","[""S2_DROP_TOP5"", 2, ""L1_EXTENDED"", ""B2_COMMON_NODE_EQUAL_DENSITY"", 0.5]"
S1_DROP_TOP1--S2_DROP_TOP5,SECONDARY,S1_DROP_TOP1,S2_DROP_TOP5,2,L2_HIGH,B0_REFERENCE,1.0,{R1},"{R0,R2}",{},False,True,False,True,True,True,"[""S1_DROP_TOP1"", 2, ""L2_HIGH"", ""B0_REFERENCE"", 1.0]","[""S2_DROP_TOP5"", 2, ""L2_HIGH"", ""B0_REFERENCE"", 1.0]"
S1_DROP_TOP1--S2_DROP_TOP5,SECONDARY,S1_DROP_TOP1,S2_DROP_TOP5,2,L2_HIGH,B2_COMMON_NODE_EQUAL_DENSITY,1.0,{R0},{R0},{R0},True,False,True,False,True,True,"[""S1_DROP_TOP1"", 2, ""L2_HIGH"", ""B2_COMMON_NODE_EQUAL_DENSITY"", 1.0]","[""S2_DROP_TOP5"", 2, ""L2_HIGH"", ""B2_COMMON_NODE_EQUAL_DENSITY"", 1.0]"
S1_DROP_TOP1--S2_DROP_TOP5,SECONDARY,S1_DROP_TOP1,S2_DROP_TOP5,2,L2_HIGH,B2_COMMON_NODE_EQUAL_DENSITY,0.75,{R0},{R0},{R0},True,False,True,False,True,True,"[""S1_DROP_TOP1"", 2, ""L2_HIGH"", ""B2_COMMON_NODE_EQUAL_DENSITY"", 0.75]","[""S2_DROP_TOP5"", 2, ""L2_HIGH"", ""B2_COMMON_NODE_EQUAL_DENSITY"", 0.75]"
S1_DROP_TOP1--S2_DROP_TOP5,SECONDARY,S1_DROP_TOP1,S2_DROP_TOP5,2,L2_HIGH,B2_COMMON_NODE_EQUAL_DENSITY,0.5,{R2},{R2},{R2},True,False,True,False,True,True,"[""S1_DROP_TOP1"", 2, ""L2_HIGH"", ""B2_COMMON_NODE_EQUAL_DENSITY"", 0.5]","[""S2_DROP_TOP5"", 2, ""L2_HIGH"", ""B2_COMMON_NODE_EQUAL_DENSITY"", 0.5]"
S1_DROP_TOP1--S2_DROP_TOP5,SECONDARY,S1_DROP_TOP1,S2_DROP_TOP5,3,L0_STAGE15_MATCHED,B0_REFERENCE,1.0,{R1},{R0},{},False,True,False,True,True,True,"[""S1_DROP_TOP1"", 3, ""L0_STAGE15_MATCHED"", ""B0_REFERENCE"", 1.0]","[""S2_DROP_TOP5"", 3, ""L0_STAGE15_MATCHED"", ""B0_REFERENCE"", 1.0]"
S1_DROP_TOP1--S2_DROP_TOP5,SECONDARY,S1_DROP_TOP1,S2_DROP_TOP5,3,L0_STAGE15_MATCHED,B2_COMMON_NODE_EQUAL_DENSITY,1.0,{R2},{R0},{},False,True,False,True,True,True,"[""S1_DROP_TOP1"", 3, ""L0_STAGE15_MATCHED"", ""B2_COMMON_NODE_EQUAL_DENSITY"", 1.0]","[""S2_DROP_TOP5"", 3, ""L0_STAGE15_MATCHED"", ""B2_COMMON_NODE_EQUAL_DENSITY"", 1.0]"
S1_DROP_TOP1--S2_DROP_TOP5,SECONDARY,S1_DROP_TOP1,S2_DROP_TOP5,3,L0_STAGE15_MATCHED,B2_COMMON_NODE_EQUAL_DENSITY,0.75,{R2},{R2},{R2},True,False,True,False,True,True,"[""S1_DROP_TOP1"", 3, ""L0_STAGE15_MATCHED"", ""B2_COMMON_NODE_EQUAL_DENSITY"", 0.75]","[""S2_DROP_TOP5"", 3, ""L0_STAGE15_MATCHED"", ""B2_COMMON_NODE_EQUAL_DENSITY"", 0.75]"
S1_DROP_TOP1--S2_DROP_TOP5,SECONDARY,S1_DROP_TOP1,S2_DROP_TOP5,3,L0_STAGE15_MATCHED,B2_COMMON_NODE_EQUAL_DENSITY,0.5,{R2},"{R0,R2}",{R2},False,True,True,False,True,True,"[""S1_DROP_TOP1"", 3, ""L0_STAGE15_MATCHED"", ""B2_COMMON_NODE_EQUAL_DENSITY"", 0.5]","[""S2_DROP_TOP5"", 3, ""L0_STAGE15_MATCHED"", ""B2_COMMON_NODE_EQUAL_DENSITY"", 0.5]"
S1_DROP_TOP1--S2_DROP_TOP5,SECONDARY,S1_DROP_TOP1,S2_DROP_TOP5,3,L1_EXTENDED,B0_REFERENCE,1.0,{R1},{R0},{},False,True,False,True,True,True,"[""S1_DROP_TOP1"", 3, ""L1_EXTENDED"", ""B0_REFERENCE"", 1.0]","[""S2_DROP_TOP5"", 3, ""L1_EXTENDED"", ""B0_REFERENCE"", 1.0]"
S1_DROP_TOP1--S2_DROP_TOP5,SECONDARY,S1_DROP_TOP1,S2_DROP_TOP5,3,L1_EXTENDED,B2_COMMON_NODE_EQUAL_DENSITY,1.0,{R0},{R0},{R0},True,False,True,False,True,True,"[""S1_DROP_TOP1"", 3, ""L1_EXTENDED"", ""B2_COMMON_NODE_EQUAL_DENSITY"", 1.0]","[""S2_DROP_TOP5"", 3, ""L1_EXTENDED"", ""B2_COMMON_NODE_EQUAL_DENSITY"", 1.0]"
S1_DROP_TOP1--S2_DROP_TOP5,SECONDARY,S1_DROP_TOP1,S2_DROP_TOP5,3,L1_EXTENDED,B2_COMMON_NODE_EQUAL_DENSITY,0.75,{R0},{R0},{R0},True,False,True,False,True,True,"[""S1_DROP_TOP1"", 3, ""L1_EXTENDED"", ""B2_COMMON_NODE_EQUAL_DENSITY"", 0.75]","[""S2_DROP_TOP5"", 3, ""L1_EXTENDED"", ""B2_COMMON_NODE_EQUAL_DENSITY"", 0.75]"
S1_DROP_TOP1--S2_DROP_TOP5,SECONDARY,S1_DROP_TOP1,S2_DROP_TOP5,3,L1_EXTENDED,B2_COMMON_NODE_EQUAL_DENSITY,0.5,{R0},{R0},{R0},True,False,True,False,True,True,"[""S1_DROP_TOP1"", 3, ""L1_EXTENDED"", ""B2_COMMON_NODE_EQUAL_DENSITY"", 0.5]","[""S2_DROP_TOP5"", 3, ""L1_EXTENDED"", ""B2_COMMON_NODE_EQUAL_DENSITY"", 0.5]"
S1_DROP_TOP1--S2_DROP_TOP5,SECONDARY,S1_DROP_TOP1,S2_DROP_TOP5,3,L2_HIGH,B0_REFERENCE,1.0,{R1},"{R0,R2}",{},False,True,False,True,True,True,"[""S1_DROP_TOP1"", 3, ""L2_HIGH"", ""B0_REFERENCE"", 1.0]","[""S2_DROP_TOP5"", 3, ""L2_HIGH"", ""B0_REFERENCE"", 1.0]"
S1_DROP_TOP1--S2_DROP_TOP5,SECONDARY,S1_DROP_TOP1,S2_DROP_TOP5,3,L2_HIGH,B2_COMMON_NODE_EQUAL_DENSITY,1.0,{R0},{R0},{R0},True,False,True,False,True,True,"[""S1_DROP_TOP1"", 3, ""L2_HIGH"", ""B2_COMMON_NODE_EQUAL_DENSITY"", 1.0]","[""S2_DROP_TOP5"", 3, ""L2_HIGH"", ""B2_COMMON_NODE_EQUAL_DENSITY"", 1.0]"
S1_DROP_TOP1--S2_DROP_TOP5,SECONDARY,S1_DROP_TOP1,S2_DROP_TOP5,3,L2_HIGH,B2_COMMON_NODE_EQUAL_DENSITY,0.75,{R0},{R0},{R0},True,False,True,False,True,True,"[""S1_DROP_TOP1"", 3, ""L2_HIGH"", ""B2_COMMON_NODE_EQUAL_DENSITY"", 0.75]","[""S2_DROP_TOP5"", 3, ""L2_HIGH"", ""B2_COMMON_NODE_EQUAL_DENSITY"", 0.75]"
S1_DROP_TOP1--S2_DROP_TOP5,SECONDARY,S1_DROP_TOP1,S2_DROP_TOP5,3,L2_HIGH,B2_COMMON_NODE_EQUAL_DENSITY,0.5,{R2},{R0},{},False,True,False,True,True,True,"[""S1_DROP_TOP1"", 3, ""L2_HIGH"", ""B2_COMMON_NODE_EQUAL_DENSITY"", 0.5]","[""S2_DROP_TOP5"", 3, ""L2_HIGH"", ""B2_COMMON_NODE_EQUAL_DENSITY"", 0.5]"
S1_DROP_TOP1--S2_DROP_TOP5,SECONDARY,S1_DROP_TOP1,S2_DROP_TOP5,4,L0_STAGE15_MATCHED,B0_REFERENCE,1.0,{R1},{R0},{},False,True,False,True,True,True,"[""S1_DROP_TOP1"", 4, ""L0_STAGE15_MATCHED"", ""B0_REFERENCE"", 1.0]","[""S2_DROP_TOP5"", 4, ""L0_STAGE15_MATCHED"", ""B0_REFERENCE"", 1.0]"
S1_DROP_TOP1--S2_DROP_TOP5,SECONDARY,S1_DROP_TOP1,S2_DROP_TOP5,4,L0_STAGE15_MATCHED,B2_COMMON_NODE_EQUAL_DENSITY,1.0,{R2},{R0},{},False,True,False,True,True,True,"[""S1_DROP_TOP1"", 4, ""L0_STAGE15_MATCHED"", ""B2_COMMON_NODE_EQUAL_DENSITY"", 1.0]","[""S2_DROP_TOP5"", 4, ""L0_STAGE15_MATCHED"", ""B2_COMMON_NODE_EQUAL_DENSITY"", 1.0]"
S1_DROP_TOP1--S2_DROP_TOP5,SECONDARY,S1_DROP_TOP1,S2_DROP_TOP5,4,L0_STAGE15_MATCHED,B2_COMMON_NODE_EQUAL_DENSITY,0.75,{R2},{R0},{},False,True,False,True,True,True,"[""S1_DROP_TOP1"", 4, ""L0_STAGE15_MATCHED"", ""B2_COMMON_NODE_EQUAL_DENSITY"", 0.75]","[""S2_DROP_TOP5"", 4, ""L0_STAGE15_MATCHED"", ""B2_COMMON_NODE_EQUAL_DENSITY"", 0.75]"
S1_DROP_TOP1--S2_DROP_TOP5,SECONDARY,S1_DROP_TOP1,S2_DROP_TOP5,4,L0_STAGE15_MATCHED,B2_COMMON_NODE_EQUAL_DENSITY,0.5,{R2},"{R0,R2}",{R2},False,True,True,False,True,True,"[""S1_DROP_TOP1"", 4, ""L0_STAGE15_MATCHED"", ""B2_COMMON_NODE_EQUAL_DENSITY"", 0.5]","[""S2_DROP_TOP5"", 4, ""L0_STAGE15_MATCHED"", ""B2_COMMON_NODE_EQUAL_DENSITY"", 0.5]"
S1_DROP_TOP1--S2_DROP_TOP5,SECONDARY,S1_DROP_TOP1,S2_DROP_TOP5,4,L1_EXTENDED,B0_REFERENCE,1.0,{R1},{R0},{},False,True,False,True,True,True,"[""S1_DROP_TOP1"", 4, ""L1_EXTENDED"", ""B0_REFERENCE"", 1.0]","[""S2_DROP_TOP5"", 4, ""L1_EXTENDED"", ""B0_REFERENCE"", 1.0]"
S1_DROP_TOP1--S2_DROP_TOP5,SECONDARY,S1_DROP_TOP1,S2_DROP_TOP5,4,L1_EXTENDED,B2_COMMON_NODE_EQUAL_DENSITY,1.0,{R0},{R0},{R0},True,False,True,False,True,True,"[""S1_DROP_TOP1"", 4, ""L1_EXTENDED"", ""B2_COMMON_NODE_EQUAL_DENSITY"", 1.0]","[""S2_DROP_TOP5"", 4, ""L1_EXTENDED"", ""B2_COMMON_NODE_EQUAL_DENSITY"", 1.0]"
S1_DROP_TOP1--S2_DROP_TOP5,SECONDARY,S1_DROP_TOP1,S2_DROP_TOP5,4,L1_EXTENDED,B2_COMMON_NODE_EQUAL_DENSITY,0.75,{R0},{R0},{R0},True,False,True,False,True,True,"[""S1_DROP_TOP1"", 4, ""L1_EXTENDED"", ""B2_COMMON_NODE_EQUAL_DENSITY"", 0.75]","[""S2_DROP_TOP5"", 4, ""L1_EXTENDED"", ""B2_COMMON_NODE_EQUAL_DENSITY"", 0.75]"
S1_DROP_TOP1--S2_DROP_TOP5,SECONDARY,S1_DROP_TOP1,S2_DROP_TOP5,4,L1_EXTENDED,B2_COMMON_NODE_EQUAL_DENSITY,0.5,{R0},{R0},{R0},True,False,True,False,True,True,"[""S1_DROP_TOP1"", 4, ""L1_EXTENDED"", ""B2_COMMON_NODE_EQUAL_DENSITY"", 0.5]","[""S2_DROP_TOP5"", 4, ""L1_EXTENDED"", ""B2_COMMON_NODE_EQUAL_DENSITY"", 0.5]"
S1_DROP_TOP1--S2_DROP_TOP5,SECONDARY,S1_DROP_TOP1,S2_DROP_TOP5,4,L2_HIGH,B0_REFERENCE,1.0,{R1},"{R0,R2}",{},False,True,False,True,True,True,"[""S1_DROP_TOP1"", 4, ""L2_HIGH"", ""B0_REFERENCE"", 1.0]","[""S2_DROP_TOP5"", 4, ""L2_HIGH"", ""B0_REFERENCE"", 1.0]"
S1_DROP_TOP1--S2_DROP_TOP5,SECONDARY,S1_DROP_TOP1,S2_DROP_TOP5,4,L2_HIGH,B2_COMMON_NODE_EQUAL_DENSITY,1.0,{R0},{R0},{R0},True,False,True,False,True,True,"[""S1_DROP_TOP1"", 4, ""L2_HIGH"", ""B2_COMMON_NODE_EQUAL_DENSITY"", 1.0]","[""S2_DROP_TOP5"", 4, ""L2_HIGH"", ""B2_COMMON_NODE_EQUAL_DENSITY"", 1.0]"
S1_DROP_TOP1--S2_DROP_TOP5,SECONDARY,S1_DROP_TOP1,S2_DROP_TOP5,4,L2_HIGH,B2_COMMON_NODE_EQUAL_DENSITY,0.75,{R0},{R0},{R0},True,False,True,False,True,True,"[""S1_DROP_TOP1"", 4, ""L2_HIGH"", ""B2_COMMON_NODE_EQUAL_DENSITY"", 0.75]","[""S2_DROP_TOP5"", 4, ""L2_HIGH"", ""B2_COMMON_NODE_EQUAL_DENSITY"", 0.75]"
S1_DROP_TOP1--S2_DROP_TOP5,SECONDARY,S1_DROP_TOP1,S2_DROP_TOP5,4,L2_HIGH,B2_COMMON_NODE_EQUAL_DENSITY,0.5,{R2},{R0},{},False,True,False,True,True,True,"[""S1_DROP_TOP1"", 4, ""L2_HIGH"", ""B2_COMMON_NODE_EQUAL_DENSITY"", 0.5]","[""S2_DROP_TOP5"", 4, ""L2_HIGH"", ""B2_COMMON_NODE_EQUAL_DENSITY"", 0.5]"
