public_module,function,source_file,source_sha256,source_first_line,source_last_line,function_sha256,modification
scripts/numerical_kernels.py,build_year,run_15e03_01.py,83f87cf9464eadb40fe11c62d6d0f3d391647a69ff16f8454f1a561e4614e852,156,161,437ec46a590fd0cf6017555cb8e0a7267bed5e906dbac7aaf40172c267c1eaaa,none
scripts/numerical_kernels.py,project,run_15e03_01.py,83f87cf9464eadb40fe11c62d6d0f3d391647a69ff16f8454f1a561e4614e852,164,171,f5adc5142a3c47b75294a27fe1c59ca3d97d135509b8d43501ba8bf72c745465,none
scripts/numerical_kernels.py,curveball_trade,run_15e03_01.py,83f87cf9464eadb40fe11c62d6d0f3d391647a69ff16f8454f1a561e4614e852,197,200,77011d5830d1f05496288ef51c391f790cbc67f0b8ae5612b8fd2055468f083b,none
scripts/numerical_kernels.py,apply_trades,run_15e03_01.py,83f87cf9464eadb40fe11c62d6d0f3d391647a69ff16f8454f1a561e4614e852,201,204,6af389caf38743606316ba47f0519b3aeb7cc00b049bb3d03d243994ec0a7699,none
scripts/numerical_kernels.py,descriptor,run_15e03_01.py,83f87cf9464eadb40fe11c62d6d0f3d391647a69ff16f8454f1a561e4614e852,244,249,246f8d06773d3b16d7a96509af1fe7848d242928c21abfb4b13acef1e593358a,none
scripts/numerical_kernels.py,ic_value,run_15e03_01.py,83f87cf9464eadb40fe11c62d6d0f3d391647a69ff16f8454f1a561e4614e852,545,545,8c8a7761bc7ed689bceab9e3a5d3c6d4adf1c827b5761017753a8b4171193e0f,none
scripts/numerical_kernels.py,fit_r0_exact,run_15e03_01.py,83f87cf9464eadb40fe11c62d6d0f3d391647a69ff16f8454f1a561e4614e852,546,547,b375f85d209c9f896c1db0b6efd0f9cf009e912bf4467a3b144158c82e7d4035,none
scripts/numerical_kernels.py,fit_r1_exact,run_15e03_01.py,83f87cf9464eadb40fe11c62d6d0f3d391647a69ff16f8454f1a561e4614e852,548,549,ca7ed2de538aa4b4dd2b41587f0c2416d111711eeac5f67b04e36d9cfc5d2e11,none
scripts/numerical_kernels.py,fit_r2_exact,run_15e03_01.py,83f87cf9464eadb40fe11c62d6d0f3d391647a69ff16f8454f1a561e4614e852,550,566,499e616dcf786ae78e90bde1c28b1c85e80e06dff4ce436855163994022b5083,none
scripts/numerical_kernels.py,all_models,run_15e03_01.py,83f87cf9464eadb40fe11c62d6d0f3d391647a69ff16f8454f1a561e4614e852,567,568,61cae7772b51643f953a8cba4c49347d9a01a0db1c5cb88e1d8437f373c853ad,none
scripts/numerical_kernels.py,robust_params,run_v07_01.py,9d9b4b4e332800d7bbc5354d6efb3000f43d7273c3357f94a27151c62bb49ff8,413,420,072e2d748970a1d42a6d5f9386dc0c9e820d27916d8d2e7cd500a71a1177fbd4,none
scripts/numerical_kernels.py,preferred_set,run_v07_01.py,9d9b4b4e332800d7bbc5354d6efb3000f43d7273c3357f94a27151c62bb49ff8,423,425,80e274223af771af5a09838cb2427cfea9b2e24dc4065d07f35300849e95231c,none
scripts/numerical_kernels.py,stage_global_analysis,run_v07_01.py,9d9b4b4e332800d7bbc5354d6efb3000f43d7273c3357f94a27151c62bb49ff8,428,439,c6b451784bcdc7fc916596021e2154c04d22d16811670713e12c9ac18f9a48b3,none
scripts/numerical_kernels.py,fit_fold_prediction,run_v07_01.py,9d9b4b4e332800d7bbc5354d6efb3000f43d7273c3357f94a27151c62bb49ff8,885,891,af998c6a5793b21f1b172d442d2014d9f3bfe2e2d12ee6d64bb566df7dd6df58,none
scripts/numerical_kernels.py,qr_rss_batch,run_v07_01.py,9d9b4b4e332800d7bbc5354d6efb3000f43d7273c3357f94a27151c62bb49ff8,959,963,46172521413f95262a271e1a0b03292b65eb545a88cb9aca38f65912a421b1a7,none
scripts/numerical_kernels.py,holm_adjust,run_v07_01.py,9d9b4b4e332800d7bbc5354d6efb3000f43d7273c3357f94a27151c62bb49ff8,966,970,6fc6421b80bc3e268cabfabb73482f29ba631dc2aa83165c1ed4c9c02db803f0,none
scripts/numerical_kernels.py,multiplier_matrix,run_v07_01.py,9d9b4b4e332800d7bbc5354d6efb3000f43d7273c3357f94a27151c62bb49ff8,973,978,b8f96b425fee74501899d0124fcfa8cda9a633da73752b7e4d65623734950455,none
scripts/numerical_kernels.py,conditional_bootstrap,run_v07_01.py,9d9b4b4e332800d7bbc5354d6efb3000f43d7273c3357f94a27151c62bb49ff8,981,997,2be19cfd94f168cce0beeb856def41b7a55ad4f2768192213367d948138afd14,none
scripts/numerical_kernels.py,moving_block_indices,run_v07_01.py,9d9b4b4e332800d7bbc5354d6efb3000f43d7273c3357f94a27151c62bb49ff8,1037,1039,5eea8cc37e70cc2c4152676f519d4a0fee03e3b63b97c6efe1d833b7c3d5b947,none
