public_path,source_name,analysis_stage,source_sha256,public_sha256,change_note
figures/figure_01.png,20260926-2011-ATTACK_TKG_v5.7_JISA_Submission.docx::media/image1.png,Publication artwork,f3c12a21882a0fff33e587c5e753d64af3e2813331715b71edabe5a85a35d86b,f3c12a21882a0fff33e587c5e753d64af3e2813331715b71edabe5a85a35d86b,Embedded artwork extracted without resampling.
figures/figure_02.png,20260926-2011-ATTACK_TKG_v5.7_JISA_Submission.docx::media/image2.png,Publication artwork,1ce2498fd1180aa38f89a42329208423387e68c86637fc53188363f0efe44a1d,1ce2498fd1180aa38f89a42329208423387e68c86637fc53188363f0efe44a1d,Embedded artwork extracted without resampling.
figures/figure_03.png,20260926-2011-ATTACK_TKG_v5.7_JISA_Submission.docx::media/image3.png,Publication artwork,2fe0940e2f42df3ddbb7ce984988eb33fd3099770ff5ce229b39acde2c1d519f,2fe0940e2f42df3ddbb7ce984988eb33fd3099770ff5ce229b39acde2c1d519f,Embedded artwork extracted without resampling.
figures/figure_04.png,20260926-2011-ATTACK_TKG_v5.7_JISA_Submission.docx::media/image4.png,Publication artwork,fd85a44110081a75b16c12674d71c95639fd1a460687024a5c2e759cda2a0520,fd85a44110081a75b16c12674d71c95639fd1a460687024a5c2e759cda2a0520,Embedded artwork extracted without resampling.
figures/figure_05.png,20260926-2011-ATTACK_TKG_v5.7_JISA_Submission.docx::media/image5.png,Publication artwork,fa7f352ba9381e410cb3205bb86affd1ab47ac3f20239f6a58c00b702152b7d5,fa7f352ba9381e410cb3205bb86affd1ab47ac3f20239f6a58c00b702152b7d5,Embedded artwork extracted without resampling.
figures/figure_06.png,20260926-2011-ATTACK_TKG_v5.7_JISA_Submission.docx::media/image6.png,Publication artwork,c4eb6fc131c3d3df3f7e19441c34f915494f5db806f1bdfe466a43301aaca3d6,c4eb6fc131c3d3df3f7e19441c34f915494f5db806f1bdfe466a43301aaca3d6,Embedded artwork extracted without resampling.
figures/figure_07.png,20260926-2011-ATTACK_TKG_v5.7_JISA_Submission.docx::media/image7.png,Publication artwork,6fd5ced8947051bc95061e71489fe0ddffaaca097d2fae03539e73309149c59c,6fd5ced8947051bc95061e71489fe0ddffaaca097d2fae03539e73309149c59c,Embedded artwork extracted without resampling.
figures/figure_08.png,20260926-2011-ATTACK_TKG_v5.7_JISA_Submission.docx::media/image8.png,Publication artwork,21c990327ef6c294378a825474ef9c0c32dd0d7a46287670c143b957badc1d5b,21c990327ef6c294378a825474ef9c0c32dd0d7a46287670c143b957badc1d5b,Embedded artwork extracted without resampling.
figures/figure_09.png,20260926-2011-ATTACK_TKG_v5.7_JISA_Submission.docx::media/image9.png,Publication artwork,37358f977d7a676637b5c6c23bbf030b344a38de2eb2253f066381c3708807f4,37358f977d7a676637b5c6c23bbf030b344a38de2eb2253f066381c3708807f4,Embedded artwork extracted without resampling.
figures/figure_10.png,20260926-2011-ATTACK_TKG_v5.7_JISA_Submission.docx::media/image10.png,Publication artwork,abe9cb0880f7b8a5d50d8b4cc96388e61a65287e74953723fee134ed22c49776,abe9cb0880f7b8a5d50d8b4cc96388e61a65287e74953723fee134ed22c49776,Embedded artwork extracted without resampling.
figures/figure_11.png,20260926-2011-ATTACK_TKG_v5.7_JISA_Submission.docx::media/image11.png,Publication artwork,f0aca5c7287c012d1377fa785c3bc003de9248f7c6f29c8866e0e76192d87ab6,f0aca5c7287c012d1377fa785c3bc003de9248f7c6f29c8866e0e76192d87ab6,Embedded artwork extracted without resampling.
data/examples/figure_03/illustrative_state_2.csv,illustrative_state_2.csv,Figure 3,4a780f92f06f04fd94e5a9a31bc72d47e84c4380d31279f83d327f1f5a6930ce,283733be8023cf8193c6dd0e38d2f8008514eaf70cf43f8098f7de631ef3353a,CSV reserialized as UTF-8; excluded machine-local columns: none.
data/examples/figure_03/single_swap_incidence.csv,single_swap_incidence.csv,Figure 3,c551953c389db1fc9017cb42bf304e9295777e200b3f88f961037999f21ca69b,e27d59ed65c3e618d16f40bd0266395ccac9805f82368dd0296d462d07a79314,CSV reserialized as UTF-8; excluded machine-local columns: none.
data/examples/figure_03/positive_excess.csv,positive_excess.csv,Figure 3,1df0e58317a74bd09f567164950ac7a354e7e312e7b22ca0aa94adcd2539e9ab,8162dca8e314a65b3d461d03d672a4ad198b5842bdb32084301326a84318a29f,CSV reserialized as UTF-8; excluded machine-local columns: none.
data/examples/figure_03/illustrative_mu.csv,illustrative_mu.csv,Figure 3,4dafb4231072a0a849fb5c50aafc574f725779b5fe8095012ac8a68576b8bd84,b2c1133c63a876fbf8a15efb8f5737fcc59c349731c69727325b11184cf1003c,CSV reserialized as UTF-8; excluded machine-local columns: none.
data/examples/figure_03/observed_strength.csv,observed_strength.csv,Figure 3,9404c84637d7dafc778c1e522e5f58e393eedcefb636ecb439f288ac40b974e1,a675131299fbba34fe9d305bdabda155e318c56af57ce956822e5b7af090edda,CSV reserialized as UTF-8; excluded machine-local columns: none.
data/examples/figure_03/observed_incidence.csv,observed_incidence.csv,Figure 3,a764213bb88f4358f97b6cde5700056dddf77bf9b94e43b4e4bccee1ec519345,18a75b445e4ee99b61069e527a97f8fd4a0522b7d0de8da54dba4609ce40760d,CSV reserialized as UTF-8; excluded machine-local columns: none.
results/initial/figure_05/rich_document_ranking.csv,rich_document_ranking.csv,Figure 5,6a90b7f1028039fde27a6a6e64cf611d92f3035e837011edeaa739d58eb4ef59,f7bb15012223e9231914a44f2c9da48c0bbd4f2a6283c39f78733955fb516043,"Only canonical ID, distinct Technique count and pair potential retained."
results/initial/figure_07/histogram_bins.csv,histogram_bins.csv,Figure 7,ce3db784dcfddb41772d572d13da3a19026c356fff7a8214195200cf5ce6f785,db0993e1cc445df3335a889687e72df6af8b87a13bae6c016a835f9b9fa2165c,CSV reserialized as UTF-8; excluded machine-local columns: none.
results/initial/figure_07/stage15_inputs.npz,stage15_inputs.npz,Figure 7,133bbb93935e492dbfe23e50c4b5c20dd02302dfb89b794f77e15404c18b7f9e,133bbb93935e492dbfe23e50c4b5c20dd02302dfb89b794f77e15404c18b7f9e,Unchanged bytes.
results/initial/figure_07/bootstrap_statistics.csv,bootstrap_statistics.csv,Figure 7,dacd4d9a5cc8462e8234124f2e93dc4c10645e50b71214ef3c7a60181be7c1a2,4bfdf0f20dfbe274056fd9c2b29b60b5c49b08296f0386a6e37bf2d083682231,CSV reserialized as UTF-8; excluded machine-local columns: none.
results/initial/figure_07/provenance_verification.json,provenance_verification.json,Figure 7,ce0ffd05ffe03d57b04e259e3d4a44f4a48a0939d9866c7007053415b95ceffd,ce0ffd05ffe03d57b04e259e3d4a44f4a48a0939d9866c7007053415b95ceffd,Unchanged bytes.
results/initial/figure_07/initial_bootstrap_replay.npz,initial_bootstrap_replay.npz,Figure 7,097ebe73b08c057f47ea97dc876efeadb9dc39dbdf57839f0fc496919323e1e3,097ebe73b08c057f47ea97dc876efeadb9dc39dbdf57839f0fc496919323e1e3,Unchanged bytes.
results/initial/figure_08/E03_T12_null.csv,E03_T12_null.csv,Figure 8,2cbc7519dcd95c5b4852b517529f99b6adad3fefde32224ee5ed3581378064f9,663ffff22f1350c60b3964412156a341a84ae3af9123a19451cb36de419dc7ee,CSV reserialized as UTF-8; excluded machine-local columns: none.
results/initial/figure_08/IC_model_comparison.csv,IC_model_comparison.csv,Figure 8,ad170c14b438155b38888a8f1b7837666e95b779ba93d8d3468a6bab70d5d819,b8e53ec8228f94af7c813903535d15d484346906b11f4f4fb72ddbfff3cbdede,CSV reserialized as UTF-8; excluded machine-local columns: none.
results/initial/figure_08/E02_summary.json,E02_summary.json,Figure 8,3ffb125df0811cc6cea706c02b01b71b9e9eea8da656d43a4ae8708f90654559,3ffb125df0811cc6cea706c02b01b71b9e9eea8da656d43a4ae8708f90654559,Unchanged bytes.
results/initial/figure_08/LOTO_table19.json,LOTO_table19.json,Figure 8,3e5227cc43d97928ac0915512df5d7ea4c287e71df3e4aeff891bc6dcb0bddc0,3e5227cc43d97928ac0915512df5d7ea4c287e71df3e4aeff891bc6dcb0bddc0,Unchanged bytes.
results/initial/figure_08/E03_summary.json,E03_summary.json,Figure 8,5a79d3cb4330904b28ab63fa62e87a84270fa1ebef28fb962ed8662641c8ab3b,5a79d3cb4330904b28ab63fa62e87a84270fa1ebef28fb962ed8662641c8ab3b,Unchanged bytes.
results/initial/figure_08/E02_T12_null.csv,E02_T12_null.csv,Figure 8,1f0f98834c37c3e5f3af3ed25947c056e7b47f2bc7ff361c44619e3940ae080d,3e823b0677dc94544ac59ca2000de97e0713eaede93de8dc3cbfa806de9bc0ef,CSV reserialized as UTF-8; excluded machine-local columns: none.
results/initial/figure_09/V04_APTnotes_ic_summary.csv,V04_APTnotes_ic_summary.csv,Figure 9,8ab371e2f61cf5811f50f53b5c78fcb18ee880f438d47bdca04a25875078ac62,cf2b9cdcc334991eeb69843bb64b22943ff442110e738e7bdea1476e71c837f8,CSV reserialized as UTF-8; excluded machine-local columns: none.
results/initial/figure_09/V05_scenario_model_comparison.csv,V05_scenario_model_comparison.csv,Figure 9,6aa627e2ed98ecf19da778054e1a8c7b3392245de98e36d5cc613a3f708389e1,111021b7de072ec8da8f6f719b48c3da90dad52311077003241c2d8cfaf553b2,CSV reserialized as UTF-8; excluded machine-local columns: none.
results/initial/figure_09/Figure09_IC_and_DeltaIC.csv,Figure09_IC_and_DeltaIC.csv,Figure 9,0420725f7f453780dfde35308e9cfd1f0d66e2ca1880f6f52e4261a5048fb439,c36e7caadee5a7ef02cd9e24f9d82107b23257aa78d09532cf1a6f2bc3b42f3f,CSV reserialized as UTF-8; excluded machine-local columns: none.
results/initial/figure_09/V06_early_model_details.csv,V06_early_model_details.csv,Figure 9,9f9cf40f4f74d90600e6b33f26c02ea602c3899d7ea87f64445088a56c9226dd,231664f60e686475636c70a9302594a6e8ed3f592136924b5e7ea753eb0f6c0b,CSV reserialized as UTF-8; excluded machine-local columns: none.
results/initial/figure_09/V06_scenario_branch_model_comparison.csv,V06_scenario_branch_model_comparison.csv,Figure 9,5c28f98ac58910deb3bee2369ed737b525eac4d10d383fc1fb6edf444f9b1e5a,aedce897c6c1cc2160dc4c9de9715bc4ac85b523505cbc5d8b5f743479c4924e,CSV reserialized as UTF-8; excluded machine-local columns: none.
results/initial/figure_09/previous_memberships.json,previous_memberships.json,Figure 9,3e6fa451147a52af1011bb57e1438f60dd4246582608afe06e5addbb89fe63ca,3e6fa451147a52af1011bb57e1438f60dd4246582608afe06e5addbb89fe63ca,Unchanged bytes.
results/initial/figure_09/V04_Campaign_ic_summary.csv,V04_Campaign_ic_summary.csv,Figure 9,9bb84404bf2324af0f05b9aaddda9fd016775f4c78f448057725d8a37fb16d56,3ec6ceefe151156734e67eaa2fb73f163a84a0f8768360604cdefa93dc828b60,CSV reserialized as UTF-8; excluded machine-local columns: none.
results/followup/figure_10/mc_model_comparison.csv,mc_model_comparison.csv,Figure 10,e08501be3218b48b83986167ae6a119a28c53c0e6d0ff556063f54c770a70f44,7f558aefddea30aa049d9109a2a39d5360d260d14476cfda3c570f7f325c1cd6,CSV reserialized as UTF-8; excluded machine-local columns: none.
results/followup/figure_10/mc_set_comparison_corrected.csv,mc_set_comparison_corrected.csv,Figure 10,02c20f1fd4f7774003c34d97a40d028d364299124dceff034c1c1f113a2ef7b9,7081d26c4081a5d10821b1146c1d5b74f68bb229c5b1928da10fae36b083cada,CSV reserialized as UTF-8; excluded machine-local columns: none.
results/followup/figure_10/Figure10_B0_IC_and_DeltaIC.csv,Figure10_B0_IC_and_DeltaIC.csv,Figure 10,a715a1828c8cb02781ff41de79ad07010a56f07a635bb3d32b3b8e9f05e1f184,5afc5854b6680e0efe3edcebb770b2df5b565b0c39435e811524f706800b13ad,CSV reserialized as UTF-8; excluded machine-local columns: none.
results/followup/figure_10/Figure10_inclusion_counts.csv,Figure10_inclusion_counts.csv,Figure 10,4b8c81cdc0b1d995ffafe82599f05abc3880af5d131bb0f2f1f385f79b85b764,4b8c81cdc0b1d995ffafe82599f05abc3880af5d131bb0f2f1f385f79b85b764,CSV reserialized as UTF-8; excluded machine-local columns: none.
scripts/plots/figure_03.py,redraw_figure3.py,Figure 3,37799fcf8f0568f53a1d13d6235e5249a693474fe908ff0d9be2a2588dee7a1f,6997ed29d8ccb8cffd9e73bc1e67d20714435f3207bbc31e748e50715df0e97f,Existing plotting code retained; output directory parameterized; packaging and editorial text removed; comments omitted by AST serialization.
scripts/plots/figure_05.py,redraw_figure5.py,Figure 5,60c737395c7d76761ea8712b3cec9181a7f1f27ab4d21fd22fc1dad9f5a23ea4,90b3db847f3f21804ffaecbda85b40687da722d7627e47c5d69b44d397f3aec1,Existing plotting code retained; output directory parameterized; packaging and editorial text removed; comments omitted by AST serialization.
scripts/plots/figure_07.py,redraw_figure7.py,Figure 7,b3e368c2077f6d6dc9d63b95a5d88eb4f73c365f5c953629f5050541ad4cb6c5,4dbdf016a55704ad93ce266b263613a1401460ed2a4bdb79937c8eb1f258f52e,Existing plotting code retained; output directory parameterized; packaging and editorial text removed; comments omitted by AST serialization.
scripts/plots/figure_08.py,redraw_figure8.py,Figure 8,7198cad051b63db11b7859ccc93334a93a8809c8612ad3e5115b18d5c7b016e5,30b80323bf2f4ecd501e389c70f852af34e2864b70eafcc12686fcb750435d36,Existing plotting code retained; output directory parameterized; packaging and editorial text removed; comments omitted by AST serialization.
scripts/plots/figure_09.py,redraw_figure9_margin.py,Figure 9,2bb975f0ee1c036fce57f279a2e108e8e6330172a576cb532d30b51745a9cd44,b88f675520d405bac86a4ebdb6692a26ffb9214d00e1105f99ed9b37685a5d7b,Existing plotting code retained; output directory parameterized; packaging and editorial text removed; comments omitted by AST serialization.
scripts/plots/figure_10.py,redraw_figure10.py,Figure 10,2b9637a76bf03bf32bff793d4494255e155b333a1d6a98507bbd1018398e541a,3c2bef17b6d3558bd343e1889ba45d8d45bff75b61e4171d3bad426175071441,Existing plotting code retained; output directory parameterized; packaging and editorial text removed; comments omitted by AST serialization.
data/canonical_documents.csv,canonical_documents.csv,Frozen analytical input,a1f026bcaf7ad4f850019f62b3aed32139d20624636cb1e0e4f08842e31d1ed3,389c2686dffed9b485b7cd903e80054bb3ce629b4842cd49fcef756e2732ada2,Canonical inventory retained; local source path and operational text policy omitted; analytical membership added from the Stage15 registry.
data/source_manifest.csv,raw_to_canonical_mapping.csv,Frozen analytical input,4a5404c2a33a7ec88dba228f49cdabbb6ab4ba02d32fe12b360d407350549b55,e8b7db0c855b18fd35df1e752744976995d1d6caced64de0cd8732308bc9dfb4,Relative source paths normalized to forward slashes and percent-encoded; analytical membership added. Document URLs absent from the retained registry remain unavailable; collection-level repository URLs verified on 2026-09-26 added separately.
data/analytical_document_year_registry.csv,stage15_document_registry.csv,Frozen analytical input,527c97a42d1f1fa80b06496595453fc12e37cd059010dd45329476adcb6e18d0,e5c0cbef201864ec2e213d87f8e53b54bdcd9e6b2a1afb279b79aae36ad057dd,Selected analytical fields; original numeric values and IDs preserved.
data/document_year_weights.csv,stage15_document_registry.csv,Frozen analytical input,527c97a42d1f1fa80b06496595453fc12e37cd059010dd45329476adcb6e18d0,479b2cd1bffa88ddbd179c4a40675523eff0d530feae942fdd3f233dffd65ea4,Published 2002-2023 analytical weights copied without renormalization.
data/all_year_assignments.parquet,primary_document_window_membership.parquet,Frozen analytical input,a98faa0273554fe2776f160d2a067bcf9d24b1967f04439a35641133f324c0f6,c76734ad631e8858dcc8c0f709a9eb6e8e30f812dc6dc80730ee9fb3e40fcc1d,"All retained assignments, including years outside the analytical period; machine-local provenance path omitted."
data/document_techniques.csv,stage09_frozen_primary_ttp_document_pairs.parquet,Frozen analytical input,eac852ca0465b2ecd59bb89a7750bc0a037f82121c75d7bb88cd7c44f5e5a69f,c9cf97f2ba327977b25b226eebf20b77e24acf0d4c17ab1afb2f070ae768f23b,Frozen adopted direct-evidence document-Technique pairs; no source text included.
data/technique_evidence_locations.csv,stage09_frozen_direct_ttp_evidence.parquet,Frozen analytical input,a5a81bbb26f322f1783fb09e026531f96f3ca5df0646af9c5a8a6d12dba65057,17fcf633ac03b8b39078e600493e62a21c60a13a57159131de45d716f6a7d65d,"Evidence identifiers, locations, mapping and disposition retained; quoted sentences, contexts and matched text excluded."
data/event_time_assignments.csv,stage09_frozen_event_time_evidence.parquet,Frozen analytical input,b599fd44d9b7507bfb38d6423fcf3d52b1f056bd0e169bb9179f810269ba54b8,714e66da028a2c3a21bf8487373d2c65a118e86eb62502dd049c8168ba0788fc,"Evidence locations, normalized dates, precision and rules retained; original quoted expressions and sentences excluded."
data/temporal_intervals.csv,stage09_frozen_temporal_interval_multiplicity.parquet,Frozen analytical input,2b1936e6c7182adfebdc5df6c07ca85f4cabd772ba213b7c100b950ecc07b318,cdcb1e03de975fd9eef358a7a66975e79688c61d201f7fe4ecf44adb0faf2aba,Frozen distinct temporal intervals and multiplicities.
data/relation_universe.csv,validation_rcd1_residual_long.parquet,Frozen analytical input,c66a2f1a273612922c43a20d9bdad7410cb52e3fb14f0e26fe3d6ef99ec8172d,7499c1d90497e8e600c029f8df97c2c0671eabc23dc1221317f219e732463435,Fixed relation universe extracted from the validated Stage15 annual array; index order retained.
results/followup/foundation/S0_FULL_replicate_1.npz,S0_FULL_replicate_1.npz,foundation,86543a8db442bf164c4849ef0919f23254a80527b32800da9bb540f86e1dbc64,86543a8db442bf164c4849ef0919f23254a80527b32800da9bb540f86e1dbc64,Unchanged bytes.
results/followup/foundation/S1_DROP_TOP1_replicate_0.npz,S1_DROP_TOP1_replicate_0.npz,foundation,221d31aaf3412efdff9c78da489463bc040561a5e195b18e8f75674e2063513d,221d31aaf3412efdff9c78da489463bc040561a5e195b18e8f75674e2063513d,Unchanged bytes.
results/followup/foundation/S1_DROP_TOP1_replicate_2.npz,S1_DROP_TOP1_replicate_2.npz,foundation,240b5c0afbadb91779a7f9fc8c5981703b0bc2f8d5f145eb38534f1105f9200a,240b5c0afbadb91779a7f9fc8c5981703b0bc2f8d5f145eb38534f1105f9200a,Unchanged bytes.
results/followup/foundation/S1_DROP_TOP1_replicate_4.npz,S1_DROP_TOP1_replicate_4.npz,foundation,53c10233a3aba2c1f39a9fb741b4ffde39059d4a450fda689a6c26ce356b3292,53c10233a3aba2c1f39a9fb741b4ffde39059d4a450fda689a6c26ce356b3292,Unchanged bytes.
results/followup/foundation/S2_DROP_TOP5_replicate_0.npz,S2_DROP_TOP5_replicate_0.npz,foundation,a53f2c6408947ebf265dd3af19f00cfccca0a4da07a5f5f252dda60e7d3d8a20,a53f2c6408947ebf265dd3af19f00cfccca0a4da07a5f5f252dda60e7d3d8a20,Unchanged bytes.
results/followup/foundation/S2_DROP_TOP5_replicate_1.npz,S2_DROP_TOP5_replicate_1.npz,foundation,3b888b47ed53e1c44e95bc13f9231af48d1ebebe7fd4fef2447d276c8c419379,3b888b47ed53e1c44e95bc13f9231af48d1ebebe7fd4fef2447d276c8c419379,Unchanged bytes.
results/followup/foundation/S1_DROP_TOP1_replicate_1.npz,S1_DROP_TOP1_replicate_1.npz,foundation,a83111f76fb46a830a380089d3736bdb090417adf6ad1b6345e5c9bd086c637d,a83111f76fb46a830a380089d3736bdb090417adf6ad1b6345e5c9bd086c637d,Unchanged bytes.
results/followup/foundation/S0_FULL_replicate_4.npz,S0_FULL_replicate_4.npz,foundation,81ef700998df03292edb30a0023f4b371a6aede0e663d62d58ad815a8ece30e4,81ef700998df03292edb30a0023f4b371a6aede0e663d62d58ad815a8ece30e4,Unchanged bytes.
results/followup/foundation/S2_DROP_TOP5_replicate_4.npz,S2_DROP_TOP5_replicate_4.npz,foundation,fe2abcbac59531a87a8bae96e543cc8975057546a978a983a75c6aee9703b89f,fe2abcbac59531a87a8bae96e543cc8975057546a978a983a75c6aee9703b89f,Unchanged bytes.
results/followup/foundation/S2_DROP_TOP5_replicate_2.npz,S2_DROP_TOP5_replicate_2.npz,foundation,e59ed87fdc47a75aeb82beefbbdc9b1ef550d2868ee0c102e5f2a4047a0803bf,e59ed87fdc47a75aeb82beefbbdc9b1ef550d2868ee0c102e5f2a4047a0803bf,Unchanged bytes.
results/followup/foundation/S0_FULL_replicate_0.npz,S0_FULL_replicate_0.npz,foundation,7ff0f3fb1bcd8fafd58de74196df076fad7043509136f0a0fc442f4e48da1bd7,7ff0f3fb1bcd8fafd58de74196df076fad7043509136f0a0fc442f4e48da1bd7,Unchanged bytes.
results/followup/foundation/S0_FULL_replicate_2.npz,S0_FULL_replicate_2.npz,foundation,e7b8fbd3bc3275a3a541137ace0b1cc58c149f0783f37ebf488bac895d0b27ec,e7b8fbd3bc3275a3a541137ace0b1cc58c149f0783f37ebf488bac895d0b27ec,Unchanged bytes.
results/followup/foundation/S0_FULL_replicate_3.npz,S0_FULL_replicate_3.npz,foundation,a4b7584df473bf86237638b4e167f33b6db7773dd5f58015c323e75be36744b8,a4b7584df473bf86237638b4e167f33b6db7773dd5f58015c323e75be36744b8,Unchanged bytes.
results/followup/foundation/S1_DROP_TOP1_replicate_3.npz,S1_DROP_TOP1_replicate_3.npz,foundation,5989e0299afe571119fc3ae38905504bd1c43bb753e5cf13e55b7dc6a88bb499,5989e0299afe571119fc3ae38905504bd1c43bb753e5cf13e55b7dc6a88bb499,Unchanged bytes.
results/followup/foundation/S2_DROP_TOP5_replicate_3.npz,S2_DROP_TOP5_replicate_3.npz,foundation,45830aa1bb8d5bb889a34db806fbd72a6bd7ad4bffefdc2bd17c299fbd674b9c,45830aa1bb8d5bb889a34db806fbd72a6bd7ad4bffefdc2bd17c299fbd674b9c,Unchanged bytes.
results/followup/mc/mc_graph_statistics.csv,mc_graph_statistics.csv,v07mc,429b274d7655d3c098db6ab840a57d06bc812275576083252c5513bf4ac3d337,8822a5e87a7a6201c9ea1dab8d30c00a7870cabd8c54074b8f3c0bc8fb39b6be,CSV reserialized as UTF-8; excluded machine-local columns: none.
results/followup/mc/mc_model_comparison.csv,mc_model_comparison.csv,v07mc,e08501be3218b48b83986167ae6a119a28c53c0e6d0ff556063f54c770a70f44,7f558aefddea30aa049d9109a2a39d5360d260d14476cfda3c570f7f325c1cd6,CSV reserialized as UTF-8; excluded machine-local columns: none.
results/followup/mc/constraint_diagnostics.csv,constraint_diagnostics.csv,v07mc,138eafe819985c92859011a7ee68a933e19f0fe14a12c029179341ca41d50d29,b511f5197a86ecb84dd510ba19eaf02845bd51866bc7f32cf1465b30abbc4397,CSV reserialized as UTF-8; excluded machine-local columns: none.
results/followup/mc/mc_descriptor_raw.csv,mc_descriptor_raw.csv,v07mc,53c8a86a7ef7371c274db7fcf6acbd9ed38cba2fd2694c4a2b80711adb93caea,f90b3d3f772fdd0c792973de65be16971f1094c28452094673a5d37687b43960,CSV reserialized as UTF-8; excluded machine-local columns: none.
results/followup/loto/loto_comparison.csv,loto_comparison.csv,v07loto,b24af3ee796f5bd21a50dc014e957ea5619661ee8b644bd0a61294f0b4659d1e,451469c9fbc57469a6123e8b8192ca81864adbef969fb4b70f06be26eb6462cb,CSV reserialized as UTF-8; excluded machine-local columns: none.
results/followup/loto/loto_loss_by_transition.csv,loto_loss_by_transition.csv,v07loto,913b8595396be03e3f00806d63a53852678841a8ad77a84223144312c5649836,84d696dfd0abb14fa234bec9c4215bc20d95a935098b7e3a80113cf6b6a979d9,CSV reserialized as UTF-8; excluded machine-local columns: none.
results/followup/loto/loto_scalers.csv,loto_scalers.csv,v07loto,08251930b0319c22e6c5cc66b508221e0f6bbef3cdac5f209743dca976a6e612,1312487d0ee76a390b7b941afda7d4d17d0d62cdf96e1b07452a55a77dd73560,CSV reserialized as UTF-8; excluded machine-local columns: none.
results/followup/bootstrap/conditional_delta_rss_null_arrays.npz,conditional_delta_rss_null_arrays.npz,v07boot,0339e1d21ec711270b78c719abe3c99d6c36ed8cb446cf17864afe32932d10be,0339e1d21ec711270b78c719abe3c99d6c36ed8cb446cf17864afe32932d10be,Unchanged bytes.
results/followup/bootstrap/loto_dependence_bootstrap.csv,loto_dependence_bootstrap.csv,v07boot,a44a475e08eb49f75586b2bb593032b245db89a381ed118f687ea63830e4fee3,8d8bf6aed9b99d7f80893f96441f14526c71f69eccc71fe812af89ba9e9c663a,CSV reserialized as UTF-8; excluded machine-local columns: none.
results/followup/bootstrap/conditional_delta_rss_bootstrap.csv,conditional_delta_rss_bootstrap.csv,v07boot,808b4f315e53e2424a9270892f5215465b3c471db1e2f51a08254a475fa7a999,538cb682dc077de2891123ccf630c22e710a89a15de470c8b88a48825777b64f,CSV reserialized as UTF-8; excluded machine-local columns: none.
results/followup/bootstrap/conditional_delta_rss_components_holm.csv,conditional_delta_rss_components_holm.csv,v07boot,84ef61a4b768b5ded5d289d8f83a22b6b185a34f4fc32c4b7dd71068a33e3ba4,a90531a6816106056c6de540cf6fa377bd4c9d1a5f5759e62e49c5d5519e277f,CSV reserialized as UTF-8; excluded machine-local columns: none.
results/initial/baseline/baseline_datasets.npz,baseline_datasets.npz,v07baseline,4990f0e3a7d284c8a73beef9a81e2b430c736fc81a6bac47ac01191eb9bf4063,4990f0e3a7d284c8a73beef9a81e2b430c736fc81a6bac47ac01191eb9bf4063,Unchanged bytes.
results/corrections/loto_rmse_direction_corrected.csv,loto_rmse_direction_corrected.csv,v07r,7e671c265e120cbbbffd3f155818fc6cccb35ac9ac94ba7c84141234213debc1,f60cb4f07dde096fa46a1a9fea473b1695dc8bda7af13a9f7e5c4b7108a0ae9b,CSV reserialized as UTF-8; excluded machine-local columns: none.
results/corrections/mc_set_comparison_corrected.csv,mc_set_comparison_corrected.csv,v07r,02c20f1fd4f7774003c34d97a40d028d364299124dceff034c1c1f113a2ef7b9,7081d26c4081a5d10821b1146c1d5b74f68bb229c5b1928da10fae36b083cada,CSV reserialized as UTF-8; excluded machine-local columns: none.
results/corrections/c2_decision_changes_corrected.csv,c2_decision_changes_corrected.csv,v07r,b0f7f0d6941deef023ba6ce66a026e3295036ac18988b7dae0527c4ce89a14e8,d723d9eef1165e5648571933520b7a8fa8601ce1ce0d935100a70e82d3a257ef,CSV reserialized as UTF-8; excluded machine-local columns: none.
results/corrections/c1_support_summary_corrected.csv,c1_support_summary_corrected.csv,v07r,0ac532305a5972e5ab6d695416a6db3b6099badc401d2750d1f204f3190186fb,77ed954ef6e6fd60fcf5597684524ccc0468c13e9bf2b9603b06d9dc6185cd55,CSV reserialized as UTF-8; excluded machine-local columns: none.
results/corrections/relation_stability_summary.csv,relation_stability_summary.csv,v07r,fd597863a81dd01fb893bd0e553ee98aafc7fb9529128aed908f980609001262,760686699a46e526219158d9c9c27e2bf0dd6778ce5880153ddabb1f7bafbe38,CSV reserialized as UTF-8; excluded machine-local columns: none.
results/corrections/loto_rmse_summary_corrected.csv,loto_rmse_summary_corrected.csv,v07r,4fa84ca927678a890514e1b6104d7f9c18dec3427bec068314f041d9d012ee5b,6ebfcca02236725173e36a2f8c0b1e6cc5d92ed0ae257aec832556b344a52260,CSV reserialized as UTF-8; excluded machine-local columns: none.
results/corrections/c2_support_summary_corrected.csv,c2_support_summary_corrected.csv,v07r,e1e85a2aa7c796a15224fc9c5b3f25e81eeddf254205b48f662b78342aef25b1,4b5d46be0125d8963472b2b85d2e6fba3c95b3219ec68e7754b2923e953aae2b,CSV reserialized as UTF-8; excluded machine-local columns: none.
results/corrections/c1_stage15_detail.csv,c1_stage15_detail.csv,v07r,69335001faf074c3bcbf4f8e407cb476974cfaa60f0ae35e65ab6b274e05d8cd,e82330c237bc4bf514a39f8db06ea1f274f72615406b0d5ec93e772183c5665d,CSV reserialized as UTF-8; excluded machine-local columns: none.
results/corrections/mc_set_summary_corrected.csv,mc_set_summary_corrected.csv,v07r,998ee078be9ccaf3fead6e48dad33da8b24632c2e82574e5ba02e7d4e3188446,9a276ab0ab841ef04df1057256cff0bfe0cab1bd046ca3e2d2e2d8e04cccac17,CSV reserialized as UTF-8; excluded machine-local columns: none.
results/corrections/mc_model_summary_corrected.csv,mc_model_summary_corrected.csv,v07r,9f2da32668a9b1db9cb6cb2c858a526ad9921b45375f6a5914ec441f56351e0f,d5d8ea46338d278bd1687753c91dd3fb13b72c9ce2e5b83de4109395d65f3643,CSV reserialized as UTF-8; excluded machine-local columns: none.
results/initial/stage15/annual_identifiability_coverage.csv,annual_identifiability_coverage.csv,stage15,56645975be17989e9b38ec5793d0393a34ef5500b2fa5c6458c0a8bbd7d5cc87,4fbd8d1c234c2ca42c6e2fe86609942e6c32b9e06c4a98a84f18d53a7527565d,CSV reserialized as UTF-8; excluded machine-local columns: none.
results/initial/stage15/validation_rcd1_residual_long.parquet,validation_rcd1_residual_long.parquet,stage15,c66a2f1a273612922c43a20d9bdad7410cb52e3fb14f0e26fe3d6ef99ec8172d,c66a2f1a273612922c43a20d9bdad7410cb52e3fb14f0e26fe3d6ef99ec8172d,Unchanged bytes.
results/initial/stage15/adjusted_model_comparison.csv,adjusted_model_comparison.csv,stage15,ad170c14b438155b38888a8f1b7837666e95b779ba93d8d3468a6bab70d5d819,b8e53ec8228f94af7c813903535d15d484346906b11f4f4fb72ddbfff3cbdede,CSV reserialized as UTF-8; excluded machine-local columns: none.
results/initial/stage15/coverage_conditional_observed_statistics.json,coverage_conditional_observed_statistics.json,stage15,22752f11f092f24600114bc5597ccbfb00ffa410a4f8365ff6620511d2e6e29f,22752f11f092f24600114bc5597ccbfb00ffa410a4f8365ff6620511d2e6e29f,Unchanged bytes.
results/initial/stage15/adjusted_R1_fit.json,adjusted_R1_fit.json,stage15,0fa17de73c679000a1b4d4e6aa15c026a44683f207c000a0919a44d9cbe8d1f4,0fa17de73c679000a1b4d4e6aa15c026a44683f207c000a0919a44d9cbe8d1f4,Unchanged bytes.
results/initial/stage15/composition_adjusted_descriptor_raw.csv,composition_adjusted_descriptor_raw.csv,stage15,5c7e19a0580115431c933536a5758af3b1a0453590934d5af99f0c13c96af3bb,eab69ffaeeceb2e185828918b536ed3bcc14c3e5eefe1f355935c38a40051093,CSV reserialized as UTF-8; excluded machine-local columns: none.
results/initial/stage15/validation_rcd1_delta_long.parquet,validation_rcd1_delta_long.parquet,stage15,97e6410c63569db8c1807166bf52544948353cc41fe386bfb66f2b962950ac4a,97e6410c63569db8c1807166bf52544948353cc41fe386bfb66f2b962950ac4a,Unchanged bytes.
results/initial/stage15/adjusted_R0_fit.json,adjusted_R0_fit.json,stage15,eb9cb7e64a8749e694aa39574573b32a36179d5df8bfc1d0ed94b56072261eef,eb9cb7e64a8749e694aa39574573b32a36179d5df8bfc1d0ed94b56072261eef,Unchanged bytes.
results/initial/stage15/adjusted_loto_metrics.csv,adjusted_loto_metrics.csv,stage15,a6d205236a422ad1fe81e525a422d79db68019632f085b511408f2cff16e66b4,0a62095bf077336a5c0ef11da6af7d9e93f7173de618e3e1e8a6dd3bf099bcb3,CSV reserialized as UTF-8; excluded machine-local columns: none.
results/initial/stage15/adjusted_r1_fitted_trajectory.csv,adjusted_r1_fitted_trajectory.csv,stage15,9ad8967b9f131eee73ebf5d66a6e68eb031f81218d5d7c97c60d1c3db765a417,c225fed4added111570cffa15d867d7594b9226eba6ba666c5662bb09418c705,CSV reserialized as UTF-8; excluded machine-local columns: none.
results/initial/stage15/composition_adjusted_descriptor_definition.json,composition_adjusted_descriptor_definition.json,stage15,4faff9513a9be05df46a74bc94f77ef510440965e4303c8c9c071bcab3fc78f9,4faff9513a9be05df46a74bc94f77ef510440965e4303c8c9c071bcab3fc78f9,Unchanged bytes.
results/initial/stage15/annual_bipartite_statistics.csv,annual_bipartite_statistics.csv,stage15,fa0d0366c249f0d3ead83188b0121106d3f97251f8d757006bfae10c9d2138e0,c75e935714486c9a27aa25c12996f8a052c270b38a33b6bb6400c8084d4f6379,CSV reserialized as UTF-8; excluded machine-local columns: none.
results/initial/stage15/membership_weight_audit.csv,membership_weight_audit.csv,stage15,cf894f3990aa4469e174602b9b6ebfcc141e457b8526a5a8abc25f8f066021e5,ead4d3aaee4dcad295bf3ba3e1da26a2dc1c3196ebc9118aae59f277f02212c2,CSV reserialized as UTF-8; excluded machine-local columns: none.
results/initial/stage15/adjusted_loto_bootstrap.csv,adjusted_loto_bootstrap.csv,stage15,84e3d308823d47321278bfc67e7e7784bd8eb967ac3cff540a941c11a680e3c3,805c3396b50a070acdb87c76f679c88384716253331ae8b80436aa22419df3f5,CSV reserialized as UTF-8; excluded machine-local columns: none.
results/initial/stage15/validation_rcd1_graph_statistics.csv,validation_rcd1_graph_statistics.csv,stage15,db306979c852ac57863d622cd3fc60cece21fe2ff3e4ed5d6f00f99dd3fd9d36,0b76654547f9cf8c45948012f303584ffc0f084b13b7780e7302bd92aa419a02,CSV reserialized as UTF-8; excluded machine-local columns: none.
results/initial/stage15/adjusted_r1_coefficients.csv,adjusted_r1_coefficients.csv,stage15,bac4aa472f101b1d3e2703a446c11196cb78a3a5f4fdd62a9aef5f1c9a0a22be,9ab36ad72d9ea3cbee6265d096f0f5292399ca620a7168c6be325ceea83b693d,CSV reserialized as UTF-8; excluded machine-local columns: none.
results/initial/stage15/adjusted_R2_fit.json,adjusted_R2_fit.json,stage15,7167640e396cc6ea67274a38ebc08c10dc876e3c71eef429e2ccd242b0cdd985,7167640e396cc6ea67274a38ebc08c10dc876e3c71eef429e2ccd242b0cdd985,Unchanged bytes.
results/initial/stage15/composition_adjusted_r1_slope_interpretation.csv,composition_adjusted_r1_slope_interpretation.csv,stage15,acec139328c8acf62b8688e8fee4058be38bb8b9cd044f702a8feca897367235,241c2fed58abf657845acad50163ee3974353f57e53f0f9380cc43c06d288c71,CSV reserialized as UTF-8; excluded machine-local columns: none.
results/initial/stage15/adjusted_r1_residuals.csv,adjusted_r1_residuals.csv,stage15,dbe25f96ca55e8c9e3f42ad747dab0b09fe7e2fc18caadd90e561dff99a70ec6,3df5160c4d3e24544409337ae2ae65965d181bdd1dfd3cd58add38960c6888be,CSV reserialized as UTF-8; excluded machine-local columns: none.
results/initial/stage15/final_original_vs_adjusted_descriptor_comparison.csv,final_original_vs_adjusted_descriptor_comparison.csv,stage15,27f359f00d8429ab9425b244547c9cfd3bd5b5a5d170a7859b2fe95dc5e649f0,e36ea8842f144d2fd485a569140da79515033457700cee9f9847597e4db2197a,CSV reserialized as UTF-8; excluded machine-local columns: none.
results/initial/stage15/adjusted_loto_predictions.csv,adjusted_loto_predictions.csv,stage15,1db172b452133537298a305b15f1d159c3a8fede2f328d1b03cefa719b693fff,795f3de94e95111363c027dba5d537be79a5288c176fbfc516a820d13693c2be,CSV reserialized as UTF-8; excluded machine-local columns: none.
results/initial/stage15/composition_adjusted_descriptor_scaled.csv,composition_adjusted_descriptor_scaled.csv,stage15,2405f60e54c85470489b00763d791d67043d1acf0e1ff4cf8dc617485b2bf324,a9ddd009ce3017dab29e39922cd801cda77f8c5d5100bece31dee8d581253cd3,CSV reserialized as UTF-8; excluded machine-local columns: none.
results/initial/e02/annual_rcd1_residual_long.parquet,annual_rcd1_residual_long.parquet,e02,c66a2f1a273612922c43a20d9bdad7410cb52e3fb14f0e26fe3d6ef99ec8172d,c66a2f1a273612922c43a20d9bdad7410cb52e3fb14f0e26fe3d6ef99ec8172d,Unchanged bytes.
results/initial/e02/top_composition_adjusted_relation_contributors.csv,top_composition_adjusted_relation_contributors.csv,e02,a3eb96c3d5d63f87bb96a2d89bdde6a6362c431921b1623a2e861b171c4ed742,2928bc41d2297cf38f7eb607d3f0fb3bad439bfc7f34e91541bcee13a2511c55,CSV reserialized as UTF-8; excluded machine-local columns: none.
results/initial/e02/annual_null_expectation_statistics.csv,annual_null_expectation_statistics.csv,e02,55adf03e38090e11b43b84f96d4aa8da92fc843f2c798dce4d4a0bff91e366a2,911259895eae0779688c09865b03ccf4decdbedee21da9ac0bd25c34594c6a9c,CSV reserialized as UTF-8; excluded machine-local columns: none.
results/initial/v05/pair_concentration_summary.csv,pair_concentration_summary.csv,v05,5cc9936b83f86fd61c14a0034bc57d15db8857618824e20a9846d393a37cd216,f236158c92955f1ee98f367c932c4976762cfd1eabf6c23f67c0e20864454881,CSV reserialized as UTF-8; excluded machine-local columns: none.
results/initial/v05/top1_excluded_documents.csv,top1_excluded_documents.csv,v05,256dc553a25551d5c0e9495cd689e7800de1f9e8f5d54017a7a1772c284761e1,f783271f9232a38945ad75fba55d7efd78481f5366ab8187653046c36a48c386,CSV reserialized as UTF-8; excluded machine-local columns: none.
results/initial/v05/top5_excluded_documents.csv,top5_excluded_documents.csv,v05,0f2d1d4de7b9de8648ee7990ef2c18c5eeb72cd88c4c7b42523f209890a2abd0,5929e48d79e854afe555c977671884173a2cd31e59b4d007370bcede8c5cbc86,CSV reserialized as UTF-8; excluded machine-local columns: none.
configs/followup.json,analysis_config.json,V07-01,8c8cc64266bbc03c2c83155f688dea45e265200dbf1b78a1ffc959fd0f133741,c395d575676a6a24614eaa8f321940c5227096e52df710e36a5d593629d038ae,Numerical settings retained; machine executable and project permission fields omitted.
configs/followup_seeds.json,seed_manifest.json,V07-01,3c017855cd3f96084bd04d81f0a7ec7fb4e13414edcb3791d1c77d0b7f1b6f83,3c017855cd3f96084bd04d81f0a7ec7fb4e13414edcb3791d1c77d0b7f1b6f83,Unchanged bytes.
configs/stage15.json,FINAL_VALIDATION_CONFIG.json,Stage15,7156b2c118fc31e1deb7537cd775eb94a40208fe845ebdd3d69325a3359260e3,430b0f06ba6e403bea51fca8e871c64f67345f5cc1343c2c669ccfcee6ec40ed,Numerical settings retained; unrelated protocol/workflow switches omitted.
scripts/initial_bootstrap_reference.py,v03_bootstrap_method_excerpt.py,V03-02,34fffd64c16262311cfc08dfd113407cc603f366949fe3425ed1762e315cfaca,34fffd64c16262311cfc08dfd113407cc603f366949fe3425ed1762e315cfaca,Archived numerical excerpt; supplementary code reference.
results/paper_tables/table_16_numeric_check.csv,results/initial/e02/annual_rcd1_residual_long.parquet; results/paper_tables/table_16.csv,Release numerical comparison,c66a2f1a273612922c43a20d9bdad7410cb52e3fb14f0e26fe3d6ef99ec8172d,5a58f12679cc82ff1d472c07e98d3f894de213f451b2161de9fb084cb6aafa48,Checked by scripts/check_table16.py against the adopted 1e-12 reporting tolerance; strict-zero comparison retained. Historical generator unlocated.
results/paper_tables/table_16_annual_check.csv,results/initial/e02/annual_rcd1_residual_long.parquet; results/paper_tables/table_16.csv,Release numerical comparison,c66a2f1a273612922c43a20d9bdad7410cb52e3fb14f0e26fe3d6ef99ec8172d,1b012351a0c43ac6a687b101b8784c752c5b6c29fd2da8039dcc3dcdbafeaa89,Checked by scripts/check_table16.py against the adopted 1e-12 reporting tolerance; strict-zero comparison retained. Historical generator unlocated.
results/paper_tables/table_16.csv,20260927-0704-Table16_JISA.docx::Table 16,Manuscript reporting clarification,44f8ab61849bf63820e5f234a7e439001825dfbb2d5eda62805a4bfd3d9e2115,61d46204206585f3d6f86f5d120a30403505ed674ea3ec746bad7b0605c68371,Header states Positive Excess > 10^-12; six data rows unchanged. Unicode exponent retained; CSV uses LF endings.
