paper_item,kind,input_files,script,config,seed_reference,output_file,sha256,verification_note
Table 1,conceptual,docs/table_captions.md,not_applicable,not_applicable,not_applicable,results/paper_tables/table_01.csv,e58161a16a67dbf5122ff5391b77fa9509f2a8e812b64fa88008152107a48ca9,"Manuscript definition, literature comparison, setting or interpretation table; no numerical generation assumed. CSV is a text transcription; equations are not typeset."
Table 2,transcription-with-partial-input-coverage,data/canonical_documents.csv;data/source_manifest.csv,not_applicable,docs/supplementary.md,not_applicable,results/paper_tables/table_02.csv,c1dc4e253f4be086a25ea9e7bb452875f62111df0ba0c7da18b2fba2c37391b7,"Original 2,269-file intake inventory not included. CSV is a text transcription; equations are not typeset."
Table 3,transcription-with-partial-input-coverage,data/document_techniques.csv;data/technique_evidence_locations.csv,not_applicable,docs/supplementary.md,not_applicable,results/paper_tables/table_03.csv,b9b060a06d55f34cc295fe1b569347285393d725d4b5adfa3c573b7c5176e57b,Adopted evidence included; rejected candidate inventory not included. CSV is a text transcription; equations are not typeset.
Table 4,conceptual,docs/table_captions.md,not_applicable,not_applicable,not_applicable,results/paper_tables/table_04.csv,de1ac41dc150b4e9eb2d7174dae22d3f2d9ce9bcf08d91252a1faf5576bb2072,"Manuscript definition, literature comparison, setting or interpretation table; no numerical generation assumed. CSV is a text transcription; equations are not typeset."
Table 5,data-backed,data/event_time_assignments.csv,scripts/verify.py,docs/supplementary.md,not_applicable,results/paper_tables/table_05.csv,affe0f34c330214817c180b77e8b15eee114a648e1f64bd0e338521029502cae,Precision counts recoverable. CSV is a text transcription; equations are not typeset.
Table 6,data-backed,results/initial/figure_05/rich_document_ranking.csv,scripts/verify.py,docs/supplementary.md,not_applicable,results/paper_tables/table_06.csv,9df39c69732cbbd1048058c0ea7dec40346d5de26ec0db50464af0cea505a316,Core document counts and pair potential. CSV is a text transcription; equations are not typeset.
Table 7,data-backed,data/document_year_weights.csv;data/relation_universe.csv;results/followup/foundation/S0_FULL_replicate_0.npz,scripts/verify.py,docs/supplementary.md,not_applicable,results/paper_tables/table_07.csv,63fe13602b95ac83e1942724fc2d8a9d49af4d8bed2eaadb083990d16292ba3a,Annual observed arrays and support counts. CSV is a text transcription; equations are not typeset.
Table 8,conceptual,docs/table_captions.md,not_applicable,not_applicable,not_applicable,results/paper_tables/table_08.csv,d16ab0470570911815ff9c9f9bdbffc8569cee72198d67f3a8a3574c9040c886,"Manuscript definition, literature comparison, setting or interpretation table; no numerical generation assumed. CSV is a text transcription; equations are not typeset."
Table 9,conceptual,docs/table_captions.md,not_applicable,not_applicable,not_applicable,results/paper_tables/table_09.csv,abb74a44c9e31ff95c4555f1ad36dbb7cabd653a18044f3881b082ea8739ae2c,"Manuscript definition, literature comparison, setting or interpretation table; no numerical generation assumed. CSV is a text transcription; equations are not typeset."
Table 10,conceptual,docs/table_captions.md,not_applicable,not_applicable,not_applicable,results/paper_tables/table_10.csv,3e2f941e66813433784990411fb53796416aec32457ec7466e62081b3d790b89,"Manuscript definition, literature comparison, setting or interpretation table; no numerical generation assumed. CSV is a text transcription; equations are not typeset."
Table 11,conceptual,docs/table_captions.md,not_applicable,not_applicable,not_applicable,results/paper_tables/table_11.csv,a383c782ee17351526b34a82e8f560b333454f6fe7e4bd59c4d4dc21bf4b53ca,"Manuscript definition, literature comparison, setting or interpretation table; no numerical generation assumed. CSV is a text transcription; equations are not typeset."
Table 12,conceptual,docs/table_captions.md,not_applicable,not_applicable,not_applicable,results/paper_tables/table_12.csv,60cd95af68adc9e4390333c49f7299f4404c025f05f93fd838ad19ca7ca7d2cc,"Manuscript definition, literature comparison, setting or interpretation table; no numerical generation assumed. CSV is a text transcription; equations are not typeset."
Table 13,conceptual,docs/table_captions.md,not_applicable,not_applicable,not_applicable,results/paper_tables/table_13.csv,5d9008bd23a8be4a65408b0a987ae82cd603474bd4b35bc772e85d12b995a4ae,"Manuscript definition, literature comparison, setting or interpretation table; no numerical generation assumed. CSV is a text transcription; equations are not typeset."
Table 14,data-backed,results/initial/figure_05/rich_document_ranking.csv,scripts/verify.py,docs/supplementary.md,not_applicable,results/paper_tables/table_14.csv,1b0cc7027e9702e674e9e1779508fcf703cf74ede3c90253eea693fb55d37d57,Complete rank data. CSV is a text transcription; equations are not typeset.
Table 15,data-backed,results/initial/stage15/final_original_vs_adjusted_descriptor_comparison.csv,not_applicable,docs/supplementary.md,not_applicable,results/paper_tables/table_15.csv,b733c27260c14ae1b816a95b9ec73d6aed3c4dde23d95596d5c6f988904fe605,Original and adjusted saved slopes. CSV is a text transcription; equations are not typeset.
Table 16,data-backed,results/initial/e02/annual_rcd1_residual_long.parquet,scripts/check_table16.py,docs/numerical_notes.md; docs/table_16_rule_audit.json; docs/table_notes.md,not_applicable,results/paper_tables/table_16.csv,61d46204206585f3d6f86f5d120a30403505ed674ea3ec746bad7b0605c68371,All six counts match the adopted Positive Excess > 1e-12 reporting tolerance. Cumulative and peak values match at displayed precision. Four strict-zero counts differ; historical generator unlocated. Annual arrays unchanged.
Table 17,data-backed,results/initial/figure_07/initial_bootstrap_replay.npz,scripts/verify.py,docs/supplementary.md,docs/run_registry.csv,results/paper_tables/table_17.csv,47eb4220b470edc0001ee16489ebbd404e95ed274dd73c53fdde3c21a5aaa8d1,Initial independent Rademacher run. CSV is a text transcription; equations are not typeset.
Table 18,data-backed,results/initial/figure_08/IC_model_comparison.csv,not_applicable,docs/supplementary.md,docs/run_registry.csv,results/paper_tables/table_18.csv,567e1159976b7b176d1643e4d49cb75895a30314bb7106eb04bb128bd6eb57e3,Initial S0. CSV is a text transcription; equations are not typeset.
Table 19,data-backed,results/initial/figure_08/LOTO_table19.json;results/initial/stage15/adjusted_loto_bootstrap.csv,not_applicable,docs/supplementary.md,docs/run_registry.csv,results/paper_tables/table_19.csv,3e0cf8df373c7e5f0a952620e63c5fe0c25da217d25a5f7cbe19d73b95092ade,Initial full-period scaling; reported display precision. CSV is a text transcription; equations are not typeset.
Table 20,transcription-with-partial-input-coverage,results/initial/figure_09/V05_scenario_model_comparison.csv;results/initial/figure_09/V04_APTnotes_ic_summary.csv;results/initial/figure_09/V04_Campaign_ic_summary.csv,not_applicable,docs/supplementary.md,docs/run_registry.csv,results/paper_tables/table_20.csv,3d0682a97467f5614fbc71d9dbf1663468efee8b74a6f29de116d33af4cb1933,IC source files cover plotted conditions; not all historical collection-test arrays included. CSV is a text transcription; equations are not typeset.
Table 21,data-backed,results/initial/figure_09/V06_scenario_branch_model_comparison.csv;results/initial/figure_09/V06_early_model_details.csv,not_applicable,docs/supplementary.md,docs/run_registry.csv,results/paper_tables/table_21.csv,4ae763bc9f14a12a43469965fad186b3bfce82e87cd5f094807f007a7cd5cca1,Initial scope/density/period comparison. CSV is a text transcription; equations are not typeset.
Table 22,data-backed,results/followup/mc/mc_model_comparison.csv;results/corrections/mc_set_comparison_corrected.csv,scripts/verify.py,docs/supplementary.md,docs/run_registry.csv,results/paper_tables/table_22.csv,10fec20aed122de89f3ac453409e31a0d93dcfc6eb03c9d4fb6355c63a454d66,Minimum-relative candidate rule and corrected overlaps. CSV is a text transcription; equations are not typeset.
Table 23,data-backed,results/followup/bootstrap/conditional_delta_rss_bootstrap.csv;results/corrections/c1_stage15_detail.csv,not_applicable,docs/supplementary.md,docs/run_registry.csv,results/paper_tables/table_23.csv,43fd3b48c20194e82bfaf28a7f984ac12db233bf0e9fc077d087049f05150265,"Follow-up reevaluation, not initial p=0.1399. CSV is a text transcription; equations are not typeset."
Table 24,conceptual,docs/table_captions.md,not_applicable,not_applicable,not_applicable,results/paper_tables/table_24.csv,4c2cb6390f802e80c84d6c8dd70dfd139981e4158483a2cb975ec67b6a90c65e,"Manuscript definition, literature comparison, setting or interpretation table; no numerical generation assumed. CSV is a text transcription; equations are not typeset."
Table 25,conceptual,docs/table_captions.md,not_applicable,not_applicable,not_applicable,results/paper_tables/table_25.csv,03beec89813f5644869dd14b20b6dbcbfb76c848c6031c927a918ed51a3b38da,"Manuscript definition, literature comparison, setting or interpretation table; no numerical generation assumed. CSV is a text transcription; equations are not typeset."
Table 26,conceptual,docs/table_captions.md,not_applicable,not_applicable,not_applicable,results/paper_tables/table_26.csv,05f1def3c01777da6dc3fbadd96a08b0ee841059070a1b6693085411f99d0e78,"Manuscript definition, literature comparison, setting or interpretation table; no numerical generation assumed. CSV is a text transcription; equations are not typeset."
Table 27,conceptual,docs/table_captions.md,not_applicable,not_applicable,not_applicable,results/paper_tables/table_27.csv,ec3bde93d1b34a141c71d4c756ec89ce0355d2bb82f1077100df2859bdc6f5fe,"Manuscript definition, literature comparison, setting or interpretation table; no numerical generation assumed. CSV is a text transcription; equations are not typeset."
Figure 1,schematic,docs/figure_captions.md,not_applicable,docs/supplementary.md,not_applicable,figures/figure_01.png,f3c12a21882a0fff33e587c5e753d64af3e2813331715b71edabe5a85a35d86b,Final schematic artwork; no claim of completed operational validation.
Figure 2,schematic,data/examples/figure_02,not_applicable,docs/supplementary.md,not_applicable,figures/figure_02.png,1ce2498fd1180aa38f89a42329208423387e68c86637fc53188363f0efe44a1d,Final schematic artwork; no claim of completed operational validation.
Figure 3,schematic,data/examples/figure_03,scripts/reproduce.py,docs/supplementary.md,not_applicable,figures/figure_03.png,2fe0940e2f42df3ddbb7ce984988eb33fd3099770ff5ce229b39acde2c1d519f,Final embedded manuscript artwork; numeric redraw available.
Figure 4,schematic,docs/figure_captions.md,not_applicable,docs/supplementary.md,not_applicable,figures/figure_04.png,fd85a44110081a75b16c12674d71c95639fd1a460687024a5c2e759cda2a0520,Final schematic artwork; no claim of completed operational validation.
Figure 5,data-backed,results/initial/figure_05,scripts/reproduce.py,docs/supplementary.md,not_applicable,figures/figure_05.png,fa7f352ba9381e410cb3205bb86affd1ab47ac3f20239f6a58c00b702152b7d5,Final embedded manuscript artwork; numeric redraw available.
Figure 6,data-backed,results/initial/stage15/final_original_vs_adjusted_descriptor_comparison.csv,scripts/reproduce.py,docs/supplementary.md,not_applicable,figures/figure_06.png,c4eb6fc131c3d3df3f7e19441c34f915494f5db806f1bdfe466a43301aaca3d6,Final embedded manuscript artwork; numeric redraw available.
Figure 7,data-backed,results/initial/figure_07,scripts/reproduce.py,docs/supplementary.md,results/initial/figure_07/provenance_verification.json,figures/figure_07.png,6fd5ced8947051bc95061e71489fe0ddffaaca097d2fae03539e73309149c59c,Final embedded manuscript artwork; numeric redraw available.
Figure 8,data-backed,results/initial/figure_08,scripts/reproduce.py,docs/supplementary.md,not_applicable,figures/figure_08.png,21c990327ef6c294378a825474ef9c0c32dd0d7a46287670c143b957badc1d5b,Final embedded manuscript artwork; numeric redraw available.
Figure 9,data-backed,results/initial/figure_09,scripts/reproduce.py,docs/supplementary.md,not_applicable,figures/figure_09.png,37358f977d7a676637b5c6c23bbf030b344a38de2eb2253f066381c3708807f4,Final embedded manuscript artwork; numeric redraw available.
Figure 10,data-backed,results/followup/figure_10,scripts/reproduce.py,docs/supplementary.md,configs/followup_seeds.json,figures/figure_10.png,abe9cb0880f7b8a5d50d8b4cc96388e61a65287e74953723fee134ed22c49776,Final embedded manuscript artwork; numeric redraw available.
Figure 11,schematic,docs/figure_captions.md,not_applicable,docs/supplementary.md,not_applicable,figures/figure_11.png,f0aca5c7287c012d1377fa785c3bc003de9248f7c6f29c8866e0e76192d87ab6,Final schematic artwork; no claim of completed operational validation.
