dataset_id,run_id,stage,scenario,replicate,level,samples_per_year,input_path,seed_reference
BASELINE_STAGE15_S0,Stage15,baseline,S0_FULL,,,,results/initial/baseline/baseline_datasets.npz,results/followup/bootstrap/conditional_delta_rss_bootstrap.csv
BASELINE_V06_S0_FULL,V06-01,baseline,S0_FULL,,,,results/initial/baseline/baseline_datasets.npz,results/followup/bootstrap/conditional_delta_rss_bootstrap.csv
BASELINE_V06_S1_DROP_TOP1,V06-01,baseline,S1_DROP_TOP1,,,,results/initial/baseline/baseline_datasets.npz,results/followup/bootstrap/conditional_delta_rss_bootstrap.csv
BASELINE_V06_S2_DROP_TOP5,V06-01,baseline,S2_DROP_TOP5,,,,results/initial/baseline/baseline_datasets.npz,results/followup/bootstrap/conditional_delta_rss_bootstrap.csv
MC_S0_FULL_R0_L0_STAGE15_MATCHED,V07-01,followup,S0_FULL,0,L0_STAGE15_MATCHED,200,results/followup/mc/mc_descriptor_raw.csv,configs/followup_seeds.json
MC_S0_FULL_R0_L1_EXTENDED,V07-01,followup,S0_FULL,0,L1_EXTENDED,2400,results/followup/mc/mc_descriptor_raw.csv,configs/followup_seeds.json
MC_S0_FULL_R0_L2_HIGH,V07-01,followup,S0_FULL,0,L2_HIGH,9600,results/followup/mc/mc_descriptor_raw.csv,configs/followup_seeds.json
MC_S0_FULL_R1_L0_STAGE15_MATCHED,V07-01,followup,S0_FULL,1,L0_STAGE15_MATCHED,200,results/followup/mc/mc_descriptor_raw.csv,configs/followup_seeds.json
MC_S0_FULL_R1_L1_EXTENDED,V07-01,followup,S0_FULL,1,L1_EXTENDED,2400,results/followup/mc/mc_descriptor_raw.csv,configs/followup_seeds.json
MC_S0_FULL_R1_L2_HIGH,V07-01,followup,S0_FULL,1,L2_HIGH,9600,results/followup/mc/mc_descriptor_raw.csv,configs/followup_seeds.json
MC_S0_FULL_R2_L0_STAGE15_MATCHED,V07-01,followup,S0_FULL,2,L0_STAGE15_MATCHED,200,results/followup/mc/mc_descriptor_raw.csv,configs/followup_seeds.json
MC_S0_FULL_R2_L1_EXTENDED,V07-01,followup,S0_FULL,2,L1_EXTENDED,2400,results/followup/mc/mc_descriptor_raw.csv,configs/followup_seeds.json
MC_S0_FULL_R2_L2_HIGH,V07-01,followup,S0_FULL,2,L2_HIGH,9600,results/followup/mc/mc_descriptor_raw.csv,configs/followup_seeds.json
MC_S0_FULL_R3_L0_STAGE15_MATCHED,V07-01,followup,S0_FULL,3,L0_STAGE15_MATCHED,200,results/followup/mc/mc_descriptor_raw.csv,configs/followup_seeds.json
MC_S0_FULL_R3_L1_EXTENDED,V07-01,followup,S0_FULL,3,L1_EXTENDED,2400,results/followup/mc/mc_descriptor_raw.csv,configs/followup_seeds.json
MC_S0_FULL_R3_L2_HIGH,V07-01,followup,S0_FULL,3,L2_HIGH,9600,results/followup/mc/mc_descriptor_raw.csv,configs/followup_seeds.json
MC_S0_FULL_R4_L0_STAGE15_MATCHED,V07-01,followup,S0_FULL,4,L0_STAGE15_MATCHED,200,results/followup/mc/mc_descriptor_raw.csv,configs/followup_seeds.json
MC_S0_FULL_R4_L1_EXTENDED,V07-01,followup,S0_FULL,4,L1_EXTENDED,2400,results/followup/mc/mc_descriptor_raw.csv,configs/followup_seeds.json
MC_S0_FULL_R4_L2_HIGH,V07-01,followup,S0_FULL,4,L2_HIGH,9600,results/followup/mc/mc_descriptor_raw.csv,configs/followup_seeds.json
MC_S1_DROP_TOP1_R0_L0_STAGE15_MATCHED,V07-01,followup,S1_DROP_TOP1,0,L0_STAGE15_MATCHED,200,results/followup/mc/mc_descriptor_raw.csv,configs/followup_seeds.json
MC_S1_DROP_TOP1_R0_L1_EXTENDED,V07-01,followup,S1_DROP_TOP1,0,L1_EXTENDED,2400,results/followup/mc/mc_descriptor_raw.csv,configs/followup_seeds.json
MC_S1_DROP_TOP1_R0_L2_HIGH,V07-01,followup,S1_DROP_TOP1,0,L2_HIGH,9600,results/followup/mc/mc_descriptor_raw.csv,configs/followup_seeds.json
MC_S1_DROP_TOP1_R1_L0_STAGE15_MATCHED,V07-01,followup,S1_DROP_TOP1,1,L0_STAGE15_MATCHED,200,results/followup/mc/mc_descriptor_raw.csv,configs/followup_seeds.json
MC_S1_DROP_TOP1_R1_L1_EXTENDED,V07-01,followup,S1_DROP_TOP1,1,L1_EXTENDED,2400,results/followup/mc/mc_descriptor_raw.csv,configs/followup_seeds.json
MC_S1_DROP_TOP1_R1_L2_HIGH,V07-01,followup,S1_DROP_TOP1,1,L2_HIGH,9600,results/followup/mc/mc_descriptor_raw.csv,configs/followup_seeds.json
MC_S1_DROP_TOP1_R2_L0_STAGE15_MATCHED,V07-01,followup,S1_DROP_TOP1,2,L0_STAGE15_MATCHED,200,results/followup/mc/mc_descriptor_raw.csv,configs/followup_seeds.json
MC_S1_DROP_TOP1_R2_L1_EXTENDED,V07-01,followup,S1_DROP_TOP1,2,L1_EXTENDED,2400,results/followup/mc/mc_descriptor_raw.csv,configs/followup_seeds.json
MC_S1_DROP_TOP1_R2_L2_HIGH,V07-01,followup,S1_DROP_TOP1,2,L2_HIGH,9600,results/followup/mc/mc_descriptor_raw.csv,configs/followup_seeds.json
MC_S1_DROP_TOP1_R3_L0_STAGE15_MATCHED,V07-01,followup,S1_DROP_TOP1,3,L0_STAGE15_MATCHED,200,results/followup/mc/mc_descriptor_raw.csv,configs/followup_seeds.json
MC_S1_DROP_TOP1_R3_L1_EXTENDED,V07-01,followup,S1_DROP_TOP1,3,L1_EXTENDED,2400,results/followup/mc/mc_descriptor_raw.csv,configs/followup_seeds.json
MC_S1_DROP_TOP1_R3_L2_HIGH,V07-01,followup,S1_DROP_TOP1,3,L2_HIGH,9600,results/followup/mc/mc_descriptor_raw.csv,configs/followup_seeds.json
MC_S1_DROP_TOP1_R4_L0_STAGE15_MATCHED,V07-01,followup,S1_DROP_TOP1,4,L0_STAGE15_MATCHED,200,results/followup/mc/mc_descriptor_raw.csv,configs/followup_seeds.json
MC_S1_DROP_TOP1_R4_L1_EXTENDED,V07-01,followup,S1_DROP_TOP1,4,L1_EXTENDED,2400,results/followup/mc/mc_descriptor_raw.csv,configs/followup_seeds.json
MC_S1_DROP_TOP1_R4_L2_HIGH,V07-01,followup,S1_DROP_TOP1,4,L2_HIGH,9600,results/followup/mc/mc_descriptor_raw.csv,configs/followup_seeds.json
MC_S2_DROP_TOP5_R0_L0_STAGE15_MATCHED,V07-01,followup,S2_DROP_TOP5,0,L0_STAGE15_MATCHED,200,results/followup/mc/mc_descriptor_raw.csv,configs/followup_seeds.json
MC_S2_DROP_TOP5_R0_L1_EXTENDED,V07-01,followup,S2_DROP_TOP5,0,L1_EXTENDED,2400,results/followup/mc/mc_descriptor_raw.csv,configs/followup_seeds.json
MC_S2_DROP_TOP5_R0_L2_HIGH,V07-01,followup,S2_DROP_TOP5,0,L2_HIGH,9600,results/followup/mc/mc_descriptor_raw.csv,configs/followup_seeds.json
MC_S2_DROP_TOP5_R1_L0_STAGE15_MATCHED,V07-01,followup,S2_DROP_TOP5,1,L0_STAGE15_MATCHED,200,results/followup/mc/mc_descriptor_raw.csv,configs/followup_seeds.json
MC_S2_DROP_TOP5_R1_L1_EXTENDED,V07-01,followup,S2_DROP_TOP5,1,L1_EXTENDED,2400,results/followup/mc/mc_descriptor_raw.csv,configs/followup_seeds.json
MC_S2_DROP_TOP5_R1_L2_HIGH,V07-01,followup,S2_DROP_TOP5,1,L2_HIGH,9600,results/followup/mc/mc_descriptor_raw.csv,configs/followup_seeds.json
MC_S2_DROP_TOP5_R2_L0_STAGE15_MATCHED,V07-01,followup,S2_DROP_TOP5,2,L0_STAGE15_MATCHED,200,results/followup/mc/mc_descriptor_raw.csv,configs/followup_seeds.json
MC_S2_DROP_TOP5_R2_L1_EXTENDED,V07-01,followup,S2_DROP_TOP5,2,L1_EXTENDED,2400,results/followup/mc/mc_descriptor_raw.csv,configs/followup_seeds.json
MC_S2_DROP_TOP5_R2_L2_HIGH,V07-01,followup,S2_DROP_TOP5,2,L2_HIGH,9600,results/followup/mc/mc_descriptor_raw.csv,configs/followup_seeds.json
MC_S2_DROP_TOP5_R3_L0_STAGE15_MATCHED,V07-01,followup,S2_DROP_TOP5,3,L0_STAGE15_MATCHED,200,results/followup/mc/mc_descriptor_raw.csv,configs/followup_seeds.json
MC_S2_DROP_TOP5_R3_L1_EXTENDED,V07-01,followup,S2_DROP_TOP5,3,L1_EXTENDED,2400,results/followup/mc/mc_descriptor_raw.csv,configs/followup_seeds.json
MC_S2_DROP_TOP5_R3_L2_HIGH,V07-01,followup,S2_DROP_TOP5,3,L2_HIGH,9600,results/followup/mc/mc_descriptor_raw.csv,configs/followup_seeds.json
MC_S2_DROP_TOP5_R4_L0_STAGE15_MATCHED,V07-01,followup,S2_DROP_TOP5,4,L0_STAGE15_MATCHED,200,results/followup/mc/mc_descriptor_raw.csv,configs/followup_seeds.json
MC_S2_DROP_TOP5_R4_L1_EXTENDED,V07-01,followup,S2_DROP_TOP5,4,L1_EXTENDED,2400,results/followup/mc/mc_descriptor_raw.csv,configs/followup_seeds.json
MC_S2_DROP_TOP5_R4_L2_HIGH,V07-01,followup,S2_DROP_TOP5,4,L2_HIGH,9600,results/followup/mc/mc_descriptor_raw.csv,configs/followup_seeds.json
