bin_left,bin_right,count,density
0.0,0.75,0,0.0
0.75,1.5,3,0.0004
1.5,2.25,4,0.0005333333333333
2.25,3.0,60,0.008
3.0,3.75,82,0.0109333333333333
3.75,4.5,178,0.0237333333333333
4.5,5.25,270,0.0359999999999999
5.25,6.0,406,0.0541333333333333
6.0,6.75,563,0.0750666666666666
6.75,7.5,583,0.0777333333333333
7.5,8.25,643,0.0857333333333333
8.25,9.0,775,0.1033333333333333
9.0,9.75,653,0.0870666666666666
9.75,10.5,691,0.0921333333333333
10.5,11.25,646,0.0861333333333333
11.25,12.0,612,0.0816
12.0,12.75,590,0.0786666666666666
12.75,13.5,588,0.0783999999999999
13.5,14.25,547,0.0729333333333333
14.25,15.0,427,0.0569333333333333
15.0,15.547926633440484,281,0.0512842382264893
15.547926633440484,15.75,102,0.0504767163217214
15.75,16.5,334,0.0445333333333333
16.5,17.25,261,0.0347999999999999
17.25,18.0,206,0.0274666666666666
18.0,18.75,130,0.0173333333333333
18.75,19.5,107,0.0142666666666666
19.5,20.25,76,0.0101333333333333
20.25,21.0,54,0.0071999999999999
21.0,21.75,51,0.0067999999999999
21.75,22.5,36,0.0047999999999999
22.5,23.25,15,0.002
23.25,24.0,12,0.0016
24.0,24.75,10,0.0013333333333333
24.75,25.5,1,0.0001333333333333
25.5,26.25,3,0.0004
26.25,27.0,0,0.0
27.0,27.75,0,0.0
