model_id,fold,holdout_transition_id,squared_error,observed_component_share_birth,predicted_component_share_birth,observed_component_share_death,predicted_component_share_death,observed_component_share_increase,predicted_component_share_increase,observed_support_share_low,predicted_support_share_low,observed_support_share_medium,predicted_support_share_medium,observed_rms_low,predicted_rms_low,observed_rms_medium,predicted_rms_medium,observed_rms_high,predicted_rms_high,observed_persistent_relation_rms,predicted_persistent_relation_rms
R0,0,A2_W0::2002->2003,3.544546898486099,1.190455654726812,0.1593585608523363,0.1422475118297761,0.3283363242044828,-0.854670587973284,0.3918378584676029,0.5802068909980512,-0.23207269037679,-0.6744907594765952,0.1185413786358341,0.6744907594765952,-0.1009636698529863,0.8233516959414219,-0.1988851665943748,-5.679613709867239,-0.6791074353034923,0.9027730602860016,-0.2414688934965196
R1,0,A2_W0::2002->2003,1.0563116525850602,1.190455654726812,1.0809539732769835,0.1422475118297761,0.5615156303981667,-0.854670587973284,-1.3541726733461428,0.5802068909980512,0.7675302194545305,-0.6744907594765952,-0.8258631890134905,0.6744907594765952,0.5179844493042741,0.8233516959414219,0.1576667785818767,-5.679613709867239,-2.8888361858800558,0.9027730602860016,0.0336052387683149
R2,0,A2_W0::2002->2003,0.6374582812402312,1.190455654726812,0.800923245208395,0.1422475118297761,0.6285989908056955,-0.854670587973284,-0.6777044590409714,0.5802068909980512,0.8343993390998362,-0.6744907594765952,-0.9842341302167824,0.6744907594765952,0.5711716103371749,0.8233516959414219,0.1055251309753785,-5.679613709867239,-3.7272983512464894,0.9027730602860016,-0.0024862513809514
R0,1,A2_W0::2003->2004,3.14768664015249,0.621562409586416,0.1878032231093561,0.6076496653007962,0.3050662165309318,-0.3520945582572685,0.3667090569818021,0.6744907594765952,-0.2367868838007172,-0.7860758848596252,0.1241206349049856,0.7355834425024632,-0.1040183040042797,0.0465728321518915,-0.1600462234048983,-5.679613709867239,-0.6791074353034923,0.1446158915624996,-0.2035610350603446
R1,1,A2_W0::2003->2004,1.1309784288956166,0.621562409586416,1.0814776678095757,0.6076496653007962,0.4455694644609023,-0.3520945582572685,-1.241653749066972,0.6744907594765952,0.6355667163353983,-0.7860758848596252,-0.697480148778152,0.7355834425024632,0.4395436557692331,0.0465728321518915,0.2668824166746904,-5.679613709867239,-2.67892850474608,0.1446158915624996,0.1514287965823723
R2,1,A2_W0::2003->2004,0.474825689790151,0.621562409586416,0.943146556493494,0.6076496653007962,0.5122484524379405,-0.3520945582572685,-0.8033484664699753,0.6744907594765952,0.8108283719802002,-0.7860758848596252,-0.9563378488710248,0.7355834425024632,0.5558984395807078,0.0465728321518915,0.2997198469227612,-5.679613709867239,-3.7272983512464894,0.1446158915624996,0.1870530407999239
R0,2,A2_W0::2004->2005,4.826110103488541,2.115161538599504,0.1131232666587016,-1.1656327423510426,0.3937303369135237,-0.9598551686308028,0.3970970875004788,0.9579599646672156,-0.2509603440602482,-1.1215621914129197,0.1408949502326503,1.0558080856528225,-0.1200295361617977,-1.8368920953655332,-0.0658729770290271,-5.679613709867239,-0.6791074353034923,-1.715084913748747,-0.1105759947947822
R1,2,A2_W0::2004->2005,2.954302376892961,2.115161538599504,0.7425540341899284,-1.1656327423510426,0.6971013237976207,-0.9598551686308028,-0.9438208419444912,0.9579599646672156,0.4872024164964725,-1.1215621914129197,-0.5480646537404605,1.0558080856528225,0.3287500359346805,-1.8368920953655332,0.4955470799416414,-5.679613709867239,-2.471344488119943,-1.715084913748747,0.387828617949
R2,2,A2_W0::2004->2005,2.626926846941249,2.115161538599504,0.5697467742402218,-1.1656327423510426,0.9555690543509,-0.9598551686308028,-0.6514083138765917,0.9579599646672156,0.7399610706825451,-1.1215621914129197,-0.8724662722327013,1.0558080856528225,0.475842278793118,-1.8368920953655332,0.7705860788021175,-5.679613709867239,-3.7272983512464894,-1.715084913748747,0.6519782421277356
R0,3,A2_W0::2005->2006,5.467812578265498,-1.1809956228566856,0.2779311247315113,3.846021311222054,0.1431476342348688,-0.9569708749570232,0.3969528728167898,0.9616743264369156,-0.2511460621487332,-1.1259581451479352,0.141114747919401,0.9886709742995136,-0.1166726805941323,1.1062098972566292,-0.2130280766601352,-5.679613709867239,-0.6791074353034923,0.4822787588327781,-0.2204441784238585
R1,3,A2_W0::2005->2006,3.798387437059304,-1.1809956228566856,1.0849036138371542,3.846021311222054,0.0100387185611208,-0.9569708749570232,-0.7647295383581328,0.9616743264369156,0.3926756548713751,-1.1259581451479352,-0.4610942675196214,0.9886709742995136,0.2844773005890154,1.1062098972566292,0.0280609861996637,-5.679613709867239,-2.2640909392315707,0.4822787588327781,0.0244847716150276
R2,3,A2_W0::2005->2006,3.2615460348597134,-1.1809956228566856,1.3937860646042692,3.846021311222054,-0.2973444590423739,-0.9569708749570232,-0.6521293872950366,0.9616743264369156,0.7390324802401201,-1.1259581451479352,-0.8713672837989475,0.9886709742995136,0.4926265566314451,1.1062098972566292,0.0348105806465767,-5.679613709867239,-3.7272983512464894,0.4822787588327781,0.1026373239823543
R0,4,A2_W0::2006->2007,2.2493239458228564,1.6479646555043452,0.1364831108134596,-0.7736422709490255,0.3741308133434228,-0.4418972343187908,0.3711991907848782,0.7434723058186185,-0.2402359611178183,-0.9033402994466496,0.1299838556343368,-0.4953760611060999,-0.0424703288238516,1.106209889858527,-0.2130280762902301,2.129647724615756,-1.0695705070276422,1.078245257829663,-0.2502425033737027
R1,4,A2_W0::2006->2007,3.501075349592108,1.6479646555043452,0.6493780631245916,-0.7736422709490255,0.5444405245943491,-0.4418972343187908,-0.6455355667274707,0.7434723058186185,0.3235867678621253,-0.9033402994466496,-0.3995419489697365,-0.4953760611060999,0.3849180422110838,1.106209889858527,0.0011182680755941,2.129647724615756,-2.8691390892916218,1.078245257829663,-0.0704760673063979
R2,4,A2_W0::2006->2007,7.660809127098783,1.6479646555043452,0.6865459950140116,-0.7736422709490255,0.8575714365003959,-0.4418972343187908,-0.7808977974545946,0.7434723058186185,0.7935829853946944,-0.9033402994466496,-0.9270217452242688,-0.4953760611060999,0.8636383154828486,1.106209889858527,0.0348105824961023,2.129647724615756,-5.679613709867239,1.078245257829663,-0.0463543007668668
R0,5,A2_W0::2007->2008,0.2485149329720274,0.6744907594765952,0.1851568056148471,0.0,0.3354486997959716,0.0339258418841751,0.3474080369747299,0.591642423551693,-0.2326444670044721,-0.7148336551804123,0.1205585234210249,0.3697776025218121,-0.0857280120052472,0.0160053643314486,-0.1585178500138762,-0.6744907594765953,-0.9293635828230248,0.1233210167090645,-0.2024962913176728
R1,5,A2_W0::2007->2008,0.3750299586805575,0.6744907594765952,0.6526768806007082,0.0,0.4383972510959676,0.0339258418841751,-0.510086131287576,0.591642423551693,0.2424817375857717,-0.7148336551804123,-0.3281401808559703,0.3697776025218121,0.2296394969403081,0.0160053643314486,0.0668800964434926,-0.6744907594765953,-2.2792147432857432,0.1233210167090645,-0.0102513874979242
R2,5,A2_W0::2007->2008,0.5786204228875346,0.6744907594765952,-0.0460675015508965,0.0,0.2701553680577915,0.0339258418841751,0.7009099442421179,0.591642423551693,-0.5713795724991224,-0.7148336551804123,0.4681731832509483,0.3697776025218121,-0.3115824960620159,0.0160053643314486,-0.294387281341364,-0.6744907594765953,0.1334356972261808,0.1233210167090645,-0.3295169254077101
R0,6,A2_W0::2008->2009,1.2287439773103273,1.5476268471723926,0.1415000012300572,-0.551585796191456,0.3630279896055443,-0.8289614434933703,0.3905524012436072,0.0,-0.2030623458268874,0.0,0.0848168406620043,0.0,-0.0672391318791566,0.9008209946647012,-0.2027586315305388,1.30580006657628,-1.0283781241256684,0.0,-0.1963302404822196
R1,6,A2_W0::2008->2009,1.7072257067479035,1.5476268471723926,0.4931031964449442,-0.551585796191456,0.4554011666225013,-0.8289614434933703,-0.2683752721783154,0.0,0.1907223979635837,0.0,-0.2910382335179221,0.0,0.1930896895654847,0.9008209946647012,-0.0444519030078273,1.30580006657628,-2.1396676950083493,0.0,-0.0397589005974472
R2,6,A2_W0::2008->2009,1.1006040721763122,1.5476268471723926,-0.1042765740639497,-0.551585796191456,0.3069277544705552,-0.8289614434933703,0.7584357632672877,0.0,-0.5319367442623428,0.0,0.4205176062389207,0.0,-0.2869306558938951,0.9008209946647012,-0.3533749900302476,1.30580006657628,0.0014163088226558,0.0,-0.3212955242937725
R0,7,A2_W0::2009->2010,1.211016883744276,-0.685606525043285,0.2531616698408411,2.5860634357398027,0.2061455280089814,-0.2981782718958424,0.3640132426637308,0.0649042734148595,-0.2063075594976303,-0.0835523903974338,0.088994460181876,0.0866813522849578,-0.0715731994934045,0.2293071764864557,-0.1691829406216265,0.8957540539731184,-1.0078758234955103,-0.250050948351075,-0.1838276930646658
R1,7,A2_W0::2009->2010,1.620761404275886,-0.685606525043285,0.5492752753597658,2.5860634357398027,0.2300325173821726,-0.2981782718958424,-0.1373823359926918,0.0649042734148595,0.0861710881963186,-0.0835523903974338,-0.1894338559822253,0.0866813522849578,0.120934142274329,0.2293071764864557,-0.0382686777515084,0.8957540539731184,-1.8182711107624363,-0.250050948351075,-0.0634585908446402
R2,7,A2_W0::2009->2010,1.064101189791015,-0.685606525043285,0.0446056507504287,2.5860634357398027,0.0977511390084713,-0.2981782718958424,0.723050218494119,0.0649042734148595,-0.5362636958233336,-0.0835523903974338,0.4260877655987497,0.0866813522849578,-0.2927094127128923,0.2293071764864557,-0.3086074021516978,0.8957540539731184,0.0287527096628665,-0.250050948351075,-0.3046254610703675
R0,8,A2_W0::2010->2011,1.0023421981284228,1.7193070278639808,0.1329159921954778,-0.987965151208043,0.3848469573563737,-0.8126767321641274,0.389738165677145,0.1156753257216624,-0.2088461121129705,-0.1801745023410317,0.0938255657790559,-1.2312504142415714,-0.005676611167078,0.5805722425435162,-0.1867461939244795,-0.6401722510790299,-0.931079508242903,0.6744907594765952,-0.2300547784560493
R1,8,A2_W0::2010->2011,0.9373480319383504,1.7193070278639808,0.3125482545016079,-0.987965151208043,0.4277704276095228,-0.8126767321641274,0.0589129691042102,0.1156753257216624,-0.0147457358038403,-0.1801745023410317,-0.0904375343928125,-1.2312504142415714,0.1298053068751649,0.5805722425435162,-0.1009984198470081,-0.6401722510790299,-1.4535741100614057,0.6744907594765952,-0.15586458602808
R2,8,A2_W0::2010->2011,1.32828264700206,1.7193070278639808,-0.1157219194433889,-0.987965151208043,0.336019711471661,-0.8126767321641274,0.757350115845338,0.1156753257216624,-0.539648432643787,-0.1801745023410317,0.4325292397283229,-1.2312504142415714,-0.204847294944457,0.5805722425435162,-0.3320250732221685,-0.6401722510790299,0.1311477966663431,0.6744907594765952,-0.3662615749255456
R0,9,A2_W0::2011->2012,0.4966586171104878,-0.118805133143188,0.2248216002458362,1.6562133281024094,0.252638033390851,-0.2425125416540125,0.3612299561516393,0.0124712775539335,-0.203685909704584,-0.0637212360838433,0.0880029024661964,-0.3811861257582522,-0.0481798255912439,0.3151969438490465,-0.1734774289897561,0.0693842793952734,-0.966557334766618,0.5028902122481651,-0.2214747510946278
R1,9,A2_W0::2011->2012,0.5370993897125197,-0.118805133143188,0.3190714506678138,1.6562133281024094,0.2683461252986453,-0.2425125416540125,0.194035587947533,0.0124712775539335,-0.1064421824640648,-0.0637212360838433,-0.0042923454086758,-0.3811861257582522,0.0163913143360514,0.3151969438490465,-0.1293509144967906,0.0693842793952734,-1.2273545471876215,0.5028902122481651,-0.1830504229864048
R2,9,A2_W0::2011->2012,0.5403091104695819,-0.118805133143188,0.0068188912904222,1.6562133281024094,0.1597411461842975,-0.2425125416540125,0.7193391698113304,0.0124712775539335,-0.5327681627659385,-0.0637212360838433,0.4247656886445103,-0.3811861257582522,-0.2615182475100116,0.3151969438490465,-0.3143333866425372,0.0693842793952734,0.0838440279680562,0.5028902122481651,-0.3548215384436502
R0,10,A2_W0::2012->2013,0.7008760656956342,-0.5873582256710399,0.2482492548722289,-0.1085991059816931,0.3408786550950562,0.7221314049706727,0.312997758820405,-0.6291127954186998,-0.1716067060559523,0.6504668784343635,0.0522934967402861,-0.6290817562099731,-0.0357850440686579,-1.328082577526328,-0.0913134529209873,-0.3623765614275054,-0.9449692927254792,-1.6783281865578243,-0.1124138311543284
R1,10,A2_W0::2012->2013,0.700876065695634,-0.5873582256710399,0.248249254872229,-0.1085991059816931,0.3408786550950561,0.7221314049706727,0.312997758820405,-0.6291127954186998,-0.1716067060559523,0.6504668784343635,0.0522934967402861,-0.6290817562099731,-0.0357850440686579,-1.328082577526328,-0.0913134529209873,-0.3623765614275054,-0.9449692927254788,-1.6783281865578243,-0.1124138311543283
R2,10,A2_W0::2012->2013,0.4923755969193742,-0.5873582256710399,0.0380557641256124,-0.1085991059816931,0.277395308456571,0.7221314049706727,0.6550295733696847,-0.6291127954186998,-0.4899958912344296,0.6504668784343635,0.3771531476766299,-0.6290817562099731,-0.2449918721465636,-1.328082577526328,-0.2047814185508455,-0.3623765614275054,0.1126280840229081,-1.6783281865578243,-0.2094069785232509
R0,11,A2_W0::2013->2014,0.3811729984995145,0.5116125931831884,0.1933007139295174,-0.8196711082316835,0.3764322552075557,0.3834246179548531,0.329933098171196,-0.2072228521658694,-0.1927012032185939,0.1793401825458982,0.0758498315347094,0.8034374989199443,-0.1074110068251538,-1.0640846704603202,-0.1045133482742877,-0.789509673474771,-0.9236126371231158,0.1379232372874489,-0.203226402346592
R1,11,A2_W0::2013->2014,0.392887510909875,0.5116125931831884,0.0990854309005333,-0.8196711082316835,0.3604408607081287,0.3834246179548531,0.4978788332091966,-0.2072228521658694,-0.2902202634654552,0.1793401825458982,0.1682109425696256,0.8034374989199443,-0.1727711893636164,-1.0640846704603202,-0.1479968537330968,-0.789509673474771,-0.6644131187091349,0.1379232372874489,-0.2431056889477283
R2,11,A2_W0::2013->2014,0.5496742543169221,0.5116125931831884,-0.0352089571313361,-0.8196711082316835,0.3248001086065704,0.3834246179548531,0.677610025837406,-0.2072228521658694,-0.518121887451285,0.1793401825458982,0.4085615940691942,0.8034374989199443,-0.3404931558218915,-1.0640846704603202,-0.2223812790219127,-0.789509673474771,0.1411036248260592,0.1379232372874489,-0.3304904067796024
R0,12,A2_W0::2014->2015,0.6452512107359706,-0.7602792766611697,0.2568953074217354,1.2318122286218882,0.2738580883648771,-0.6744907594765952,0.3828288670427685,-0.1080001394465712,-0.1976623388545588,0.0707508264432654,0.081279299339841,-0.1802690485071353,-0.0582256794537998,-0.9099100475298167,-0.1122220794208129,0.4554016821817911,-0.985858204905944,-0.1671191769185819,-0.1879742816362905
R1,12,A2_W0::2014->2015,0.5726860443174875,-0.7602792766611697,0.0741411998601083,1.2318122286218882,0.233209890332792,-0.6744907594765952,0.7260474887950117,-0.1080001394465712,-0.3940342890425332,0.0707508264432654,0.2671028851114352,-0.1802690485071353,-0.1863166440840072,-0.9099100475298167,-0.1978032929956827,0.4554016821817911,-0.4728636057067353,-0.1671191769185819,-0.2672397975157241
R2,12,A2_W0::2014->2015,0.5230973892678173,-0.7602792766611697,0.049583834191621,1.2318122286218882,0.1880345528163323,-0.6744907594765952,0.7481377176661693,-0.1080001394465712,-0.5247367349659048,0.0707508264432654,0.4158008844760363,-0.1802690485071353,-0.2749127193267527,-0.9099100475298167,-0.2326595872172796,0.4554016821817911,0.058109534448955,-0.1671191769185819,-0.3101542458325337
R0,13,A2_W0::2015->2016,2.118299059000016,0.0322881125063156,0.2172669379633611,-0.6744907594765952,0.3691732377698012,2.769350418625113,0.2106368081376829,-2.100525718697264,-0.0980360598920241,2.2154884265062798,-0.0259575806633096,0.0915982720570603,-0.0718190454820096,-0.811980613560262,-0.1171185511192906,0.1933923324440324,-0.972757737419056,-0.8541476320866818,-0.1536228588778855
R1,13,A2_W0::2015->2016,1.4726328533518958,0.0322881125063156,-0.0648838651859307,-0.6744907594765952,0.3286830014646822,2.769350418625113,0.688467685188007,-2.100525718697264,-0.3690032021561046,2.2154884265062798,0.2267642112357491,0.0915982720570603,-0.268323230540848,-0.811980613560262,-0.2443503277841681,0.1933923324440324,-0.2005051370264764,-0.8541476320866818,-0.2644649492390199
R2,13,A2_W0::2015->2016,1.5086492417776298,0.0322881125063156,-0.0032539917528779,-0.6744907594765952,0.3151214186895645,2.769350418625113,0.518548305792722,-2.100525718697264,-0.391901696349192,2.2154884265062798,0.2728183778051687,0.0915982720570603,-0.2930372073643658,-0.811980613560262,-0.2391882161485833,0.1933923324440324,0.0755768244314722,-0.8541476320866818,-0.2643523488213271
R0,14,A2_W0::2016->2017,1.241698605468922,0.0,0.2188813435886769,-0.2791769846692652,0.3494075490294348,1.220300538069836,0.2880893021654468,-1.8775344716338749,-0.1091856222451936,1.712687390605978,-0.0008175288682945,0.1620621714146503,-0.0753422404498891,-1.2439041635251646,-0.0955223736210455,-0.6931058698535925,-0.9284328273041748,-1.6530184529945964,-0.1136793178324897
R1,14,A2_W0::2016->2017,0.91104254397361,0.0,-0.1592031639463658,-0.2791769846692652,0.2914551523729768,1.220300538069836,0.9534252122156056,-1.8775344716338749,-0.4680569124246208,1.712687390605978,0.3387099301708376,0.1620621714146503,-0.3424660851750589,-1.2439041635251646,-0.2528297973770161,-0.6931058698535925,0.1255443610918334,-1.6530184529945964,-0.2402950689883426
R2,14,A2_W0::2016->2017,0.9850713314935646,0.0,-0.0011014509191236,-0.2791769846692652,0.2887671670357425,1.220300538069836,0.6218182978297404,-1.8775344716338749,-0.4067677794867513,1.712687390605978,0.3063384468651888,0.1620621714146503,-0.2977348006548718,-1.2439041635251646,-0.2103933128175898,-0.6931058698535925,0.1346767045846472,-1.6530184529945964,-0.2110942940941327
R0,15,A2_W0::2017->2018,0.473084983986005,0.0797197984196223,0.2148953536676957,0.2227860266490793,0.3243093984635176,0.2195468254736892,0.3381269877952542,-1.3814768598357137,-0.1339885028351017,1.1515066046606193,0.0272415104289733,-0.0951361864203341,-0.0624823225581399,0.254372415055967,-0.1704362025501021,0.0,-0.9630881207968544,0.3222155159174251,-0.2124410162780908
R1,15,A2_W0::2017->2018,0.380321988264281,0.0797197984196223,-0.2651244295045301,0.2227860266490793,0.2367833908674181,0.2195468254736892,1.2108704157309285,-1.3814768598357137,-0.5941781850802472,1.1515066046606193,0.4657447000366668,-0.0951361864203341,-0.3927740109389257,0.254372415055967,-0.4169870371939906,0.0,0.34377618281375,0.3222155159174251,-0.43505558504686
R2,15,A2_W0::2017->2018,0.2856493717779556,0.0797197984196223,-0.0064161041470984,0.2227860266490793,0.2553029662811862,0.2195468254736892,0.6885352120028169,-1.3814768598357137,-0.4398382869399621,1.1515066046606193,0.3437504992615461,-0.0951361864203341,-0.2805882434658728,0.254372415055967,-0.3102784180563319,0.0,0.0884696465944077,0.3222155159174251,-0.3427765586882675
R0,16,A2_W0::2018->2019,0.4226562000849887,-0.1070856076791585,0.2242356239726348,-0.098868663302444,0.3403921329610938,0.3853303674269538,0.329837810697591,-0.7957406571344767,-0.1632753129701635,0.5261843964918331,0.0585076208374126,-1.149365789041343,-0.0097708424270894,-0.6744907594765952,-0.123993043823474,-0.0156857567816232,-0.9623038329577732,-0.7752708610457498,-0.1575666974299321
R1,16,A2_W0::2018->2019,0.2757557960929751,-0.1070856076791585,-0.3495853865642245,-0.098868663302444,0.2520134251040715,0.3853303674269538,1.3856840489864335,-0.7957406571344767,-0.7452310417872913,0.5261843964918331,0.6172351065973505,-1.149365789041343,-0.3549459852971959,-0.6744907594765952,-0.3778257873544649,-0.0156857567816232,0.6232349590363631,-0.7752708610457498,-0.3740275066040511
R2,16,A2_W0::2018->2019,0.1877363031409528,-0.1070856076791585,0.0060375895928203,-0.098868663302444,0.2767466122779545,0.3853303674269538,0.6774829758725993,-0.7957406571344767,-0.4788873671200445,0.5261843964918331,0.3854386464727985,-1.149365789041343,-0.2103062699578056,-0.6744907594765952,-0.2483542064208277,-0.0156857567816232,0.0895153637131826,-0.7752708610457498,-0.2696108002240558
R0,17,A2_W0::2019->2020,0.3765348272208909,-0.379079939693928,0.2378353405733733,1.0401610272781163,0.2834406484320657,0.4044632502199206,0.3288811665579426,-0.8731214783740905,-0.1594062719081828,0.614486340283698,0.0540925236478194,-0.8060781429464132,-0.0269352247318359,-0.2176018022682347,-0.146837491683892,0.0230481001922798,-0.9642405258064684,-0.0534783385437004,-0.1936563235550346
R1,17,A2_W0::2019->2020,0.3847033722252957,-0.379079939693928,-0.42050160148173,1.0401610272781163,0.0972313340972966,0.4044632502199206,1.582096078767664,-0.8731214783740905,-0.8389651841409566,0.614486340283698,0.7069015508917249,-0.8060781429464132,-0.4514420048881078,-0.2176018022682347,-0.4773204310706595,0.0230481001922798,0.908099526752422,-0.0534783385437004,-0.4989391145941118
R2,17,A2_W0::2019->2020,0.1735031493581667,-0.379079939693928,0.0241705450604715,1.0401610272781163,0.2008112995725837,0.4044632502199206,0.6762074503530682,-0.8731214783740905,-0.4737286457040702,0.614486340283698,0.3795518502200075,-0.8060781429464132,-0.2331921130308009,-0.2176018022682347,-0.2788134702347185,0.0230481001922798,0.0869331065815891,-0.0534783385437004,-0.3177303017241925
R0,18,A2_W0::2020->2021,0.535799711134734,-0.3068606197472004,0.2342243745760369,1.1879443806809162,0.2760514807619257,0.0,0.3491043290689387,-1.0439368572476186,-0.1508655029645064,0.7607434986732656,0.046779665728341,-0.7441197735207589,-0.0300331432031186,-0.2179240930775891,-0.1468213771434243,0.0194153101654676,-0.9640588863051278,-1.0315902458607331,-0.1447507281891829
R1,18,A2_W0::2020->2021,0.7551034161525921,-0.3068606197472004,-0.5348991366317699,1.1879443806809162,0.0345899930981227,0.0,1.8531511750270773,-1.0439368572476186,-0.919228960360528,0.7607434986732656,0.7881848450353783,-0.7441197735207589,-0.5229642045263999,-0.2179240930775891,-0.532102294582236,0.0194153101654676,1.212276851269236,-1.0315902458607331,-0.4049387573512426
R2,18,A2_W0::2020->2021,0.3286691671454679,-0.3068606197472004,0.0193559237306897,1.1879443806809162,0.1909590760123971,0.0,0.7031716670343963,-1.0439368572476186,-0.4623409537791684,0.7607434986732656,0.3698013729940363,-0.7441197735207589,-0.2373226709925112,-0.2179240930775891,-0.2787919841807615,0.0194153101654676,0.0871752925833766,-1.0315902458607331,-0.2525228412363903
R0,19,A2_W0::2021->2022,1.6904527352125405,-0.8173558167248448,0.2597491344249191,0.1146988839447538,0.3297137555987339,2.731314177022317,0.2125386202178228,-0.5453243110151033,-0.1757961302761322,0.404083705214758,0.0646126554012664,-1.682449932286869,0.0168833647351868,0.0,-0.1577175817973037,0.6008704091561408,-0.9931316412546616,-1.519707282532749,-0.1203448763555821
R1,19,A2_W0::2021->2022,0.6719980331296468,-0.8173558167248448,-0.5540412935070489,0.1146988839447538,0.1783371483232549,2.731314177022317,1.5973995449173886,-0.5453243110151033,-1.1154185701653472,0.404083705214758,0.9570802194615738,-1.682449932286869,-0.4199260315354022,0.0,-0.6298857736791634,0.6008704091561408,1.4296738566341023,-1.519707282532749,-0.3448093776295198
R2,19,A2_W0::2021->2022,1.113487439598968,-0.8173558167248448,0.0533889368625327,0.1146988839447538,0.2625087757948079,2.731314177022317,0.5210840552329083,-0.5453243110151033,-0.4955817901946693,0.404083705214758,0.3935786925579369,-1.682449932286869,-0.1747673270747705,0.0,-0.2933202570526008,0.6008704091561408,0.0484116193173317,-1.519707282532749,-0.2199817054582559
R0,20,A2_W0::2022->2023,3.508409385968186,-0.8191357580451342,0.2598381314909336,-0.4669912210889129,0.3587982608504172,4.534607312552359,0.1223739634413207,0.7982516767919903,-0.2429749296664869,-0.9356923722734256,0.1316014592756756,1.081420433325798,-0.1213101535454465,-0.2281002652958359,-0.1463125685325119,0.9393193369248508,-1.010054087643097,1.4024375188464049,-0.2664521164245398
R1,20,A2_W0::2022->2023,3.596073307277571,-0.8191357580451342,-0.6541977868818836,-0.4669912210889129,0.2853892116536862,4.534607312552359,1.3685331948334634,0.7982516767919903,-1.5352367112609628,-0.9356923722734256,1.3697417063452424,1.081420433325798,-1.0526032752607324,-0.2281002652958359,-0.6513564872517856,0.9393193369248508,1.6814324813538586,1.4024375188464049,-0.985704920645185
R2,20,A2_W0::2022->2023,3.1755478386906573,-0.8191357580451342,0.0535075996172186,-0.4669912210889129,0.3012881161303857,4.534607312552359,0.4008645128642389,0.7982516767919903,-0.5851535227151422,-0.9356923722734256,0.4828970977238158,1.081420433325798,-0.3590253514489483,-0.2281002652958359,-0.278113572699545,0.9393193369248508,0.0258483574660844,1.4024375188464049,-0.4147913588835328
