annual_window,randomizable_strata_fraction,randomizable_document_fraction,randomizable_incidence_fraction,identifiable_effective_mass_coverage,low_coverage_year_dropped
A2_W0::2002,0.2222222222222222,0.3333333333333333,0.4047619047619047,0.2414601986981301,False
A2_W0::2003,0.5238095238095238,0.7380952380952381,0.5964912280701754,0.9420771628963668,False
A2_W0::2004,0.2222222222222222,0.4230769230769231,0.6097560975609756,0.3783695741813168,False
A2_W0::2005,0.2272727272727272,0.5384615384615384,0.7575757575757576,0.4910814174924405,False
A2_W0::2006,0.3076923076923077,0.4864864864864865,0.2527472527472527,0.6007446150310678,False
A2_W0::2007,0.3888888888888889,0.7111111111111111,0.5572519083969466,0.7025751859144493,False
A2_W0::2008,0.4871794871794871,0.7766990291262136,0.6828571428571428,0.6842520708262557,False
A2_W0::2009,0.525,0.8307692307692308,0.5936883629191322,0.8582998759961813,False
A2_W0::2010,0.4166666666666667,0.8141025641025641,0.7555012224938875,0.8557250641706869,False
A2_W0::2011,0.3636363636363636,0.8010752688172043,0.5326370757180157,0.8729772000970952,False
A2_W0::2012,0.4754098360655737,0.865546218487395,0.7447698744769874,0.9035498327231584,False
A2_W0::2013,0.5517241379310345,0.9148264984227128,0.8877995642701525,0.9281805534300686,False
A2_W0::2014,0.5254237288135594,0.92,0.8663194444444444,0.9305521019271434,False
A2_W0::2015,0.578125,0.925531914893617,0.8703888334995015,0.9433127464235348,False
A2_W0::2016,0.4722222222222222,0.8913043478260869,0.7957142857142857,0.9180296460465964,False
A2_W0::2017,0.4426229508196721,0.911917098445596,0.7944231820667031,0.9444815425176144,False
A2_W0::2018,0.5423728813559322,0.9087947882736156,0.7337047353760445,0.9302967330571528,False
A2_W0::2019,0.5084745762711864,0.9016393442622952,0.7322128851540616,0.935696530469983,False
A2_W0::2020,0.4074074074074074,0.8787878787878788,0.7931998136935259,0.9152102126827169,False
A2_W0::2021,0.4680851063829787,0.8546511627906976,0.6986518636003172,0.9180726473403106,False
A2_W0::2022,0.4375,0.82,0.6309523809523809,0.9209114256275772,False
A2_W0::2023,0.5,0.7954545454545454,0.8111455108359134,0.8740870047104459,False
