annual_window,number_of_documents,effective_document_mass,number_of_techniques,total_document_technique_incidence,document_degree_min,document_degree_median,document_degree_max,technique_document_support_min,technique_document_support_median,technique_document_support_max,weighted_technique_support_sum
A2_W0::2002,24,2.6844691353641688,25,42,0,1.0,7,1,1.0,5,4.268414121674777
A2_W0::2003,42,10.139759365030262,46,114,0,2.0,14,1,2.0,14,26.76418397207871
A2_W0::2004,26,3.580796465316589,45,82,0,2.0,13,1,1.0,12,10.464965220537977
A2_W0::2005,39,5.504571226693286,101,165,0,1.0,74,1,1.0,11,12.53244476467287
A2_W0::2006,37,7.101149701339239,43,91,0,1.0,11,1,1.0,12,10.098156641606469
A2_W0::2007,90,18.405142964867576,108,262,0,1.0,22,1,1.0,25,28.328504044996563
A2_W0::2008,103,21.81536716528325,135,350,0,1.0,45,1,1.0,23,45.92219559327015
A2_W0::2009,130,24.28554912392015,173,507,0,1.0,74,1,2.0,34,60.775560747917154
A2_W0::2010,156,38.934027864747634,130,409,0,1.0,45,1,1.0,44,68.43631737581198
A2_W0::2011,186,54.39346878028495,217,766,0,1.0,128,1,2.0,50,100.78805232043764
A2_W0::2012,238,71.09310680089794,265,956,0,1.0,128,1,2.0,68,150.7211728829941
A2_W0::2013,317,97.57075829039844,218,918,0,1.0,76,1,2.0,72,159.82146596250365
A2_W0::2014,350,114.52167454712308,270,1152,0,1.0,104,1,2.0,78,290.8839695606124
A2_W0::2015,376,143.63735604684683,232,1003,0,1.0,97,1,2.0,72,199.89432958555955
A2_W0::2016,368,138.29219861441732,291,1400,0,1.0,128,1,2.0,72,276.01224452053714
A2_W0::2017,386,156.52176574883737,333,1829,0,1.0,128,1,3.0,68,385.18960205694304
A2_W0::2018,307,122.80103128586332,330,1795,0,2.0,128,1,3.0,62,598.3264912988279
A2_W0::2019,305,131.86040363387175,348,1785,0,2.0,128,1,2.0,61,620.6753478195342
A2_W0::2020,264,114.34604549011232,390,2147,0,2.0,128,1,3.0,59,731.9281863033442
A2_W0::2021,172,84.44359844501602,296,1261,0,2.0,114,1,2.0,45,523.7045465212636
A2_W0::2022,100,46.23326276761632,203,504,0,2.0,114,1,1.0,18,156.70183829328568
A2_W0::2023,44,21.031468531468537,182,323,0,2.0,114,1,1.0,9,171.77692307692308
