transition_id,transition_index,component_share_birth,component_share_death,component_share_increase,support_share_low,support_share_medium,rms_low,rms_medium,rms_high,persistent_relation_rms
A2_W0::2002->2003,0,0.6956521739130435,0.2753623188405797,0.0144927536231884,0.9637681159420288,0.036231884057971,0.9073359017187236,0.958582893613127,0.0,0.8786037119484674
A2_W0::2003->2004,1,0.5370370370370371,0.3611111111111111,0.074074074074074,0.9722222222222222,0.0277777777777777,0.9153517126776144,0.8448441629888632,0.0,0.7457457811706838
A2_W0::2004->2005,2,0.9534726904922456,0.0343897505057316,0.0020229265003371,0.99763991908294,0.00236008091706,0.9573675495460772,0.5690605133333327,0.0,0.4198555686235568
A2_W0::2005->2006,3,0.0344594594594594,0.9577702702702704,0.0023648648648648,0.9979729729729728,0.002027027027027,0.9485586649746424,0.9999999999016564,0.0,0.8049171399557689
A2_W0::2006->2007,4,0.8232118758434548,0.1066126855600539,0.0634278002699055,0.9784075573549258,0.0188933873144399,0.7538407396729017,0.9999999988184,0.9999999996290714,0.9093531053940678
A2_W0::2007->2008,5,0.5517941773865944,0.2491536899119837,0.1198375084631008,0.964793500338524,0.0331753554502369,0.8673552863346818,0.8403683653708204,0.6409214226627387,0.7420141103167859
A2_W0::2008->2009,6,0.7952363367799113,0.1475258493353028,0.0175406203840472,0.9117429837518464,0.0873338257016248,0.8188377354294172,0.9699262245273486,0.8945037674122754,0.7204035844558162
A2_W0::2009->2010,7,0.1725806451612903,0.7256272401433692,0.0804659498207885,0.9175627240143368,0.0810035842293906,0.8302109686737821,0.8716007771746245,0.8419961114846044,0.6765851613669989
A2_W0::2010->2011,8,0.8431030948964952,0.0671244107399057,0.0194712031153924,0.92211518753843,0.073683131789301,0.6572885928023433,0.9230342604842364,0.6453160134537829,0.8385999826824183
A2_W0::2011->2012,9,0.3306125450400765,0.5543054636370321,0.0870652253842194,0.912861239797044,0.0825060666225457,0.7688233020653367,0.8841770631278444,0.7361769144703569,0.8085290494173671
A2_W0::2012->2013,10,0.1999736008447729,0.2291446673706441,0.2014255543822597,0.8553326293558606,0.1366156282998944,0.7362975655480077,0.6435622169536507,0.6808886078507168,0.4262967432483006
A2_W0::2013->2014,11,0.5063815400219762,0.0981320260333023,0.1612712365818612,0.8931620319499619,0.1009213084270137,0.9242546657334844,0.6822177317170981,0.6261928961662856,0.7445729739546135
A2_W0::2014->2015,12,0.1517608712934255,0.4761109786151522,0.0358534064711026,0.9020589872008904,0.0926941728277287,0.7951851056380478,0.7047925296731625,0.7856076328400626,0.691117957471543
A2_W0::2015->2016,13,0.3727393870169427,0.1248810203693127,0.4441271654292785,0.7233961545783362,0.255187511897963,0.8308561048413411,0.7191317065350445,0.7520565279322887,0.570724478777972
A2_W0::2016->2017,14,0.3637370242214532,0.1977162629757785,0.2604844290657439,0.7433910034602076,0.2170934256055363,0.8401014885550928,0.6558879204463377,0.6385377003957526,0.4307319698325312
A2_W0::2017->2018,15,0.3859639830508474,0.2902012711864407,0.141843220338983,0.7878707627118644,0.1745762711864406,0.8063551655384811,0.8752709187690835,0.7272920436087976,0.7768679805933107
A2_W0::2018->2019,16,0.3338801073665374,0.2309374689332935,0.1614971667163734,0.8403916890346953,0.1271995228153892,0.6680324600469157,0.7392634611516694,0.7252834340997675,0.5845466848049562
A2_W0::2019->2020,17,0.2580444060806598,0.4407998849086462,0.1637654054572483,0.8334532201601688,0.1338896082098499,0.7130743331375845,0.8061627711761538,0.7302434238868298,0.7110321484350866
A2_W0::2020->2021,18,0.2781801299907149,0.4680284741566078,0.1158155369854534,0.8181367997523986,0.1449705973382853,0.7212037285420535,0.8061155802068102,0.7297782339254049,0.5396297935723777
A2_W0::2021->2022,19,0.1358471593765711,0.2702865761689291,0.4396178984414278,0.8628456510809452,0.1179487179487179,0.5980878855775127,0.838024802862751,0.8042353517531536,0.4540931500571356
A2_W0::2022->2023,20,0.1353508876444656,0.1631121172405576,0.6534016442273323,0.9833194328607172,0.0164422733230072,0.9607280786142316,0.8046255487903131,0.8475747802615522,0.9661639023497628
