descriptor,temporal_spearman,trajectory_cosine,original_slope,adjusted_slope,slope_direction_agreement,slope_magnitude_change
component_share_birth,0.9194805194805192,0.9898827213753388,-1.027167853767971,-0.8919309141857882,True,-0.1352369395821827
component_share_death,0.6311688311688312,0.9996199177024202,-0.4885640102286772,-0.1676251246993886,True,-0.3209388855292885
component_share_increase,0.8506493506493505,0.9806571083474916,2.0531217668415094,1.5979967724581736,True,-0.4551249943833357
support_share_low,0.9506493506493506,0.9728377063681712,-0.7504571798340887,-0.927675066273576,True,0.1772178864394872
support_share_medium,0.916883116883117,0.985399097227637,0.6679302146744106,0.879774164488071,True,0.2118439498136604
rms_low,0.4727272727272727,0.9106822556458662,-1.0738436268873075,-0.6097998940249647,True,-0.464043732862343
rms_medium,0.4675324675324674,0.5913671896080993,-0.4651146315491788,-0.42602586779031,True,-0.0390887637588688
rms_high,0.3869281045751635,0.9415241315015728,1.6349176969307142,2.4669422114565327,True,0.8320245145258185
persistent_relation_rms,0.348051948051948,-0.9673868566686008,0.5272006936216483,-0.3748543019211868,False,-0.1523463917004615
