annual_window,membership_weight,document_count,total_incidence,distinct_techniques,eligible_for_randomization,posthoc_weight_bin
A2_W0::2002,0.0106382978723404,1,2,2,False,False
A2_W0::2002,0.0303030303030303,1,3,3,False,False
A2_W0::2002,0.0333333333333333,1,2,2,False,False
A2_W0::2002,0.037037037037037,1,5,5,False,False
A2_W0::2002,0.0416666666666666,1,0,0,False,False
A2_W0::2002,0.0441176470588235,1,1,1,False,False
A2_W0::2002,0.0526315789473684,2,4,3,True,False
A2_W0::2002,0.0555555555555555,2,6,6,True,False
A2_W0::2002,0.0588235294117647,1,1,1,False,False
A2_W0::2002,0.0625,3,0,0,False,False
A2_W0::2002,0.0909090909090909,2,1,1,True,False
A2_W0::2002,0.125,2,6,6,True,False
A2_W0::2002,0.1428571428571428,1,7,7,False,False
A2_W0::2002,0.1666666666666666,1,1,1,False,False
A2_W0::2002,0.2,1,0,0,False,False
A2_W0::2002,0.25,1,1,1,False,False
A2_W0::2002,0.3333333333333333,1,0,0,False,False
A2_W0::2002,0.5,1,2,2,False,False
A2_W0::2003,0.0067567567567567,1,14,14,False,False
A2_W0::2003,0.0147058823529411,1,1,1,False,False
A2_W0::2003,0.0227272727272727,1,11,11,False,False
A2_W0::2003,0.0303030303030303,1,3,3,False,False
A2_W0::2003,0.0333333333333333,1,2,2,False,False
A2_W0::2003,0.037037037037037,1,5,5,False,False
A2_W0::2003,0.05,1,1,1,False,False
A2_W0::2003,0.0526315789473684,3,6,4,True,False
A2_W0::2003,0.0588235294117647,2,4,3,True,False
A2_W0::2003,0.0625,3,4,4,True,False
A2_W0::2003,0.0909090909090909,3,9,8,True,False
A2_W0::2003,0.0952380952380952,1,5,5,False,False
A2_W0::2003,0.0972222222222222,1,0,0,False,False
A2_W0::2003,0.1,2,4,2,False,False
A2_W0::2003,0.125,2,4,4,True,False
A2_W0::2003,0.1666666666666666,3,14,14,True,False
A2_W0::2003,0.2,2,3,3,True,False
A2_W0::2003,0.25,4,3,3,True,False
A2_W0::2003,0.3333333333333333,2,1,1,True,False
A2_W0::2003,0.5,2,2,2,True,False
A2_W0::2003,1.0,5,18,14,True,False
A2_W0::2004,0.0303030303030303,1,3,3,False,False
A2_W0::2004,0.0333333333333333,1,2,2,False,False
A2_W0::2004,0.0441176470588235,1,1,1,False,False
A2_W0::2004,0.0454545454545454,1,4,4,False,False
A2_W0::2004,0.0476190476190476,1,5,5,False,False
A2_W0::2004,0.0526315789473684,3,17,14,True,False
A2_W0::2004,0.0666666666666666,1,0,0,False,False
A2_W0::2004,0.0714285714285714,1,1,1,False,False
A2_W0::2004,0.0833333333333333,1,2,2,False,False
A2_W0::2004,0.0909090909090909,4,22,17,True,False
A2_W0::2004,0.0972222222222222,1,0,0,False,False
A2_W0::2004,0.1052631578947368,1,2,2,False,False
A2_W0::2004,0.125,1,0,0,False,False
A2_W0::2004,0.1428571428571428,1,0,0,False,False
A2_W0::2004,0.1666666666666666,2,7,6,True,False
A2_W0::2004,0.25,2,4,4,True,False
A2_W0::2004,0.3333333333333333,1,10,10,False,False
A2_W0::2004,0.5,2,2,1,False,False
A2_W0::2005,0.0067567567567567,1,14,14,False,False
A2_W0::2005,0.0106382978723404,1,2,2,False,False
A2_W0::2005,0.0126582278481012,1,3,3,False,False
A2_W0::2005,0.0294117647058823,1,1,1,False,False
A2_W0::2005,0.0303030303030303,1,3,3,False,False
A2_W0::2005,0.0454545454545454,1,4,4,False,False
A2_W0::2005,0.0476190476190476,2,21,19,True,False
A2_W0::2005,0.0526315789473684,1,2,2,False,False
A2_W0::2005,0.0588235294117647,1,3,3,False,False
A2_W0::2005,0.0625,5,79,77,True,False
A2_W0::2005,0.0694444444444444,1,0,0,False,False
A2_W0::2005,0.0769230769230769,1,1,1,False,False
A2_W0::2005,0.0833333333333333,1,4,4,False,False
A2_W0::2005,0.0909090909090909,6,15,14,True,False
A2_W0::2005,0.1111111111111111,1,0,0,False,False
A2_W0::2005,0.125,1,0,0,False,False
A2_W0::2005,0.1666666666666666,3,1,1,True,False
A2_W0::2005,0.2,1,0,0,False,False
A2_W0::2005,0.2222222222222222,1,0,0,False,False
A2_W0::2005,0.25,5,9,7,True,False
A2_W0::2005,0.3333333333333333,2,2,1,False,False
A2_W0::2005,1.0,1,1,1,False,False
A2_W0::2006,0.0126582278481012,1,11,11,False,False
A2_W0::2006,0.0227272727272727,1,11,11,False,False
A2_W0::2006,0.0303030303030303,1,3,3,False,False
A2_W0::2006,0.0333333333333333,2,2,2,True,False
A2_W0::2006,0.0416666666666666,1,3,3,False,False
A2_W0::2006,0.0434782608695652,1,3,3,False,False
A2_W0::2006,0.0441176470588235,1,1,1,False,False
A2_W0::2006,0.0454545454545454,1,4,4,False,False
A2_W0::2006,0.0476190476190476,1,5,5,False,False
A2_W0::2006,0.0526315789473684,2,4,4,True,False
A2_W0::2006,0.0555555555555555,1,1,1,False,False
A2_W0::2006,0.0588235294117647,1,1,1,False,False
A2_W0::2006,0.0625,1,5,5,False,False
A2_W0::2006,0.1,1,11,11,False,False
A2_W0::2006,0.1111111111111111,2,0,0,False,False
A2_W0::2006,0.125,3,1,1,True,False
A2_W0::2006,0.1428571428571428,2,5,4,True,False
A2_W0::2006,0.1578947368421052,1,2,2,False,False
A2_W0::2006,0.1666666666666666,2,1,1,True,False
A2_W0::2006,0.1818181818181818,1,7,7,False,False
A2_W0::2006,0.2,3,5,5,True,False
A2_W0::2006,0.25,2,2,2,True,False
A2_W0::2006,0.3333333333333333,1,0,0,False,False
A2_W0::2006,0.5,1,0,0,False,False
A2_W0::2006,0.875,1,0,0,False,False
A2_W0::2006,1.0,2,3,2,True,False
A2_W0::2007,0.0106382978723404,1,2,2,False,False
A2_W0::2007,0.0126582278481012,2,14,13,True,False
A2_W0::2007,0.0135135135135135,1,14,14,False,False
A2_W0::2007,0.0140845070422535,1,1,1,False,False
A2_W0::2007,0.0227272727272727,1,11,11,False,False
A2_W0::2007,0.0303030303030303,1,3,3,False,False
A2_W0::2007,0.0333333333333333,1,0,0,False,False
A2_W0::2007,0.0344827586206896,1,5,5,False,False
A2_W0::2007,0.0357142857142857,1,5,5,False,False
A2_W0::2007,0.037037037037037,1,5,5,False,False
A2_W0::2007,0.0416666666666666,1,3,3,False,False
A2_W0::2007,0.0434782608695652,1,3,3,False,False
A2_W0::2007,0.0454545454545454,2,8,4,False,False
A2_W0::2007,0.05,1,3,3,False,False
A2_W0::2007,0.0526315789473684,3,17,14,True,False
A2_W0::2007,0.0555555555555555,1,5,5,False,False
A2_W0::2007,0.0625,2,5,5,True,False
A2_W0::2007,0.0666666666666666,2,18,18,True,False
A2_W0::2007,0.0714285714285714,3,4,4,True,False
A2_W0::2007,0.0769230769230769,2,2,2,True,False
A2_W0::2007,0.0833333333333333,1,22,22,False,False
A2_W0::2007,0.0909090909090909,8,35,28,True,False
A2_W0::2007,0.1,1,17,17,False,False
A2_W0::2007,0.1111111111111111,1,3,3,False,False
A2_W0::2007,0.1176470588235294,1,1,1,False,False
A2_W0::2007,0.125,3,4,4,True,False
A2_W0::2007,0.1388888888888889,1,0,0,False,False
A2_W0::2007,0.1428571428571428,2,2,2,True,False
A2_W0::2007,0.1666666666666666,5,5,5,True,False
A2_W0::2007,0.1875,1,5,5,False,False
A2_W0::2007,0.2,7,8,6,True,False
A2_W0::2007,0.2222222222222222,1,0,0,False,False
A2_W0::2007,0.25,10,6,4,True,False
A2_W0::2007,0.3333333333333333,9,16,15,True,False
A2_W0::2007,0.5,6,10,8,True,False
A2_W0::2007,1.0,4,0,0,False,False
A2_W0::2008,0.0126582278481012,2,14,13,True,False
A2_W0::2008,0.0135135135135135,1,14,14,False,False
A2_W0::2008,0.0212765957446808,1,2,2,False,False
A2_W0::2008,0.0303030303030303,1,3,3,False,False
A2_W0::2008,0.0333333333333333,2,2,2,True,False
A2_W0::2008,0.0344827586206896,3,8,8,True,False
A2_W0::2008,0.0357142857142857,1,5,5,False,False
A2_W0::2008,0.0416666666666666,1,3,3,False,False
A2_W0::2008,0.0434782608695652,1,3,3,False,False
A2_W0::2008,0.0476190476190476,2,21,19,True,False
A2_W0::2008,0.0526315789473684,1,2,2,False,False
A2_W0::2008,0.0555555555555555,1,5,5,False,False
A2_W0::2008,0.0588235294117647,2,4,4,True,False
A2_W0::2008,0.0625,5,8,7,True,False
A2_W0::2008,0.0666666666666666,1,0,0,False,False
A2_W0::2008,0.0681818181818181,1,11,11,False,False
A2_W0::2008,0.0714285714285714,2,18,18,True,False
A2_W0::2008,0.0769230769230769,4,7,6,True,False
A2_W0::2008,0.0833333333333333,1,45,45,False,False
A2_W0::2008,0.0909090909090909,8,13,11,True,False
A2_W0::2008,0.1,3,18,18,True,False
A2_W0::2008,0.1111111111111111,3,17,16,True,False
A2_W0::2008,0.125,2,5,5,True,False
A2_W0::2008,0.1323529411764706,1,1,1,False,False
A2_W0::2008,0.1428571428571428,3,16,8,True,False
A2_W0::2008,0.1578947368421052,1,2,2,False,False
A2_W0::2008,0.1666666666666666,6,6,6,True,False
A2_W0::2008,0.1805555555555555,1,0,0,False,False
A2_W0::2008,0.1818181818181818,1,7,7,False,False
A2_W0::2008,0.2,9,36,35,True,False
A2_W0::2008,0.2222222222222222,3,11,7,True,False
A2_W0::2008,0.25,3,7,6,True,False
A2_W0::2008,0.2857142857142857,1,1,1,False,False
A2_W0::2008,0.3125,1,5,5,False,False
A2_W0::2008,0.3333333333333333,9,16,16,True,False
A2_W0::2008,0.375,1,1,1,False,False
A2_W0::2008,0.5,9,12,10,True,False
A2_W0::2008,0.75,1,1,1,False,False
A2_W0::2008,1.0,4,0,0,False,False
A2_W0::2009,0.0126582278481012,2,14,13,True,False
A2_W0::2009,0.0140845070422535,1,1,1,False,False
A2_W0::2009,0.0204081632653061,1,18,18,False,False
A2_W0::2009,0.0212765957446808,1,2,2,False,False
A2_W0::2009,0.0227272727272727,1,11,11,False,False
A2_W0::2009,0.0303030303030303,1,3,3,False,False
A2_W0::2009,0.0333333333333333,1,2,2,False,False
A2_W0::2009,0.0337837837837837,1,14,14,False,False
A2_W0::2009,0.0416666666666666,2,118,59,False,False
A2_W0::2009,0.0454545454545454,2,8,4,False,False
A2_W0::2009,0.0476190476190476,2,5,5,True,False
A2_W0::2009,0.0526315789473684,2,4,3,True,False
A2_W0::2009,0.0555555555555555,1,5,5,False,False
A2_W0::2009,0.0588235294117647,3,14,13,True,False
A2_W0::2009,0.0625,3,76,76,True,False
A2_W0::2009,0.0666666666666666,4,18,18,True,False
A2_W0::2009,0.0714285714285714,2,1,1,True,False
A2_W0::2009,0.0769230769230769,2,2,2,True,False
A2_W0::2009,0.0833333333333333,6,11,5,True,False
A2_W0::2009,0.0869565217391304,1,3,3,False,False
A2_W0::2009,0.0909090909090909,7,10,8,True,False
A2_W0::2009,0.1,4,7,4,True,False
A2_W0::2009,0.1029411764705882,1,1,1,False,False
A2_W0::2009,0.1111111111111111,3,2,2,True,False
A2_W0::2009,0.125,10,21,15,True,False
A2_W0::2009,0.1428571428571428,8,21,19,True,False
A2_W0::2009,0.1666666666666666,7,4,4,True,False
A2_W0::2009,0.1818181818181818,1,7,7,False,False
A2_W0::2009,0.1875,1,4,4,False,False
A2_W0::2009,0.2,10,28,24,True,False
A2_W0::2009,0.2222222222222222,1,0,0,False,False
A2_W0::2009,0.25,8,11,9,True,False
A2_W0::2009,0.2857142857142857,5,7,5,True,False
A2_W0::2009,0.3,1,0,0,False,False
A2_W0::2009,0.3333333333333333,13,18,17,True,False
A2_W0::2009,0.3636363636363636,1,7,7,False,False
A2_W0::2009,0.4285714285714285,2,0,0,False,False
A2_W0::2009,0.5,5,25,25,True,False
A2_W0::2009,0.7333333333333333,1,2,2,False,False
A2_W0::2009,1.0,2,2,2,True,False
A2_W0::2010,0.0202702702702702,1,14,14,False,False
A2_W0::2010,0.0212765957446808,1,2,2,False,False
A2_W0::2010,0.0217391304347826,1,0,0,False,False
A2_W0::2010,0.028169014084507,1,1,1,False,False
A2_W0::2010,0.0303030303030303,1,3,3,False,False
A2_W0::2010,0.0333333333333333,1,2,2,False,False
A2_W0::2010,0.037037037037037,1,5,5,False,False
A2_W0::2010,0.04,1,2,2,False,False
A2_W0::2010,0.0416666666666666,1,3,3,False,False
A2_W0::2010,0.0434782608695652,1,3,3,False,False
A2_W0::2010,0.0454545454545454,1,18,18,False,False
A2_W0::2010,0.0476190476190476,1,5,5,False,False
A2_W0::2010,0.05,2,3,3,True,False
A2_W0::2010,0.0526315789473684,2,4,3,True,False
A2_W0::2010,0.0555555555555555,1,6,6,False,False
A2_W0::2010,0.0588235294117647,1,5,5,False,False
A2_W0::2010,0.0606060606060606,1,5,5,False,False
A2_W0::2010,0.0666666666666666,3,17,17,True,False
A2_W0::2010,0.0681818181818181,1,11,11,False,False
A2_W0::2010,0.0714285714285714,1,1,1,False,False
A2_W0::2010,0.0769230769230769,3,4,4,True,False
A2_W0::2010,0.0833333333333333,7,65,53,True,False
A2_W0::2010,0.0909090909090909,9,25,13,True,False
A2_W0::2010,0.0952380952380952,1,0,0,False,False
A2_W0::2010,0.1,4,3,3,True,False
A2_W0::2010,0.1111111111111111,5,20,18,True,False
A2_W0::2010,0.1176470588235294,3,10,9,True,False
A2_W0::2010,0.125,6,14,10,True,False
A2_W0::2010,0.1333333333333333,1,3,3,False,False
A2_W0::2010,0.1428571428571428,7,7,6,True,False
A2_W0::2010,0.1666666666666666,5,21,20,True,False
A2_W0::2010,0.1818181818181818,2,6,6,True,False
A2_W0::2010,0.1875,1,1,1,False,False
A2_W0::2010,0.2,15,40,35,True,False
A2_W0::2010,0.2222222222222222,1,0,0,False,False
A2_W0::2010,0.25,15,22,15,True,False
A2_W0::2010,0.2666666666666666,1,2,2,False,False
A2_W0::2010,0.2857142857142857,3,5,4,True,False
A2_W0::2010,0.3333333333333333,11,14,14,True,False
A2_W0::2010,0.375,2,3,2,True,False
A2_W0::2010,0.4,2,0,0,False,False
A2_W0::2010,0.4285714285714285,1,2,2,False,False
A2_W0::2010,0.5,16,17,15,True,False
A2_W0::2010,0.6000000000000001,1,2,2,False,False
A2_W0::2010,0.6666666666666666,1,4,4,False,False
A2_W0::2010,0.7142857142857142,1,0,0,False,False
A2_W0::2010,0.7777777777777777,1,0,0,False,False
A2_W0::2010,1.0,7,9,8,True,False
A2_W0::2011,0.0217391304347826,1,0,0,False,False
A2_W0::2011,0.0227272727272727,1,11,11,False,False
A2_W0::2011,0.0253164556962025,1,3,3,False,False
A2_W0::2011,0.0319148936170212,1,2,2,False,False
A2_W0::2011,0.0333333333333333,2,2,2,True,False
A2_W0::2011,0.0337837837837837,1,14,14,False,False
A2_W0::2011,0.0344827586206896,1,5,5,False,False
A2_W0::2011,0.0357142857142857,1,5,5,False,False
A2_W0::2011,0.0416666666666666,2,118,59,False,False
A2_W0::2011,0.0434782608695652,1,128,128,False,False
A2_W0::2011,0.0454545454545454,1,4,4,False,False
A2_W0::2011,0.0476190476190476,1,5,5,False,False
A2_W0::2011,0.0526315789473684,3,18,15,True,False
A2_W0::2011,0.0555555555555555,1,5,5,False,False
A2_W0::2011,0.0588235294117647,2,8,8,True,False
A2_W0::2011,0.0606060606060606,1,3,3,False,False
A2_W0::2011,0.0625,2,75,75,True,False
A2_W0::2011,0.0666666666666666,2,19,17,True,False
A2_W0::2011,0.0714285714285714,2,2,2,True,False
A2_W0::2011,0.074074074074074,1,5,5,False,False
A2_W0::2011,0.0769230769230769,2,11,10,True,False
A2_W0::2011,0.0833333333333333,3,25,23,True,False
A2_W0::2011,0.0909090909090909,6,17,12,True,False
A2_W0::2011,0.1,1,0,0,False,False
A2_W0::2011,0.1052631578947368,1,2,2,False,False
A2_W0::2011,0.1111111111111111,1,3,3,False,False
A2_W0::2011,0.1176470588235294,1,6,6,False,False
A2_W0::2011,0.12,1,2,2,False,False
A2_W0::2011,0.125,8,19,14,True,False
A2_W0::2011,0.1323529411764706,1,1,1,False,False
A2_W0::2011,0.1333333333333333,1,1,1,False,False
A2_W0::2011,0.1363636363636363,2,8,4,False,False
A2_W0::2011,0.1428571428571428,11,71,58,True,False
A2_W0::2011,0.15,1,3,3,False,False
A2_W0::2011,0.1538461538461538,1,2,2,False,False
A2_W0::2011,0.1666666666666666,12,9,7,True,False
A2_W0::2011,0.1739130434782608,1,3,3,False,False
A2_W0::2011,0.1818181818181818,4,8,8,True,False
A2_W0::2011,0.2,13,27,24,True,False
A2_W0::2011,0.2083333333333333,1,3,3,False,False
A2_W0::2011,0.2112676056338028,1,1,1,False,False
A2_W0::2011,0.25,14,25,17,True,False
A2_W0::2011,0.2857142857142857,4,7,5,True,False
A2_W0::2011,0.2903225806451612,1,3,3,False,False
A2_W0::2011,0.3125,1,4,4,False,False
A2_W0::2011,0.3333333333333333,21,23,19,True,False
A2_W0::2011,0.375,2,1,1,True,False
A2_W0::2011,0.4,1,0,0,False,False
A2_W0::2011,0.4285714285714285,1,0,0,False,False
A2_W0::2011,0.5,21,30,18,True,False
A2_W0::2011,0.5555555555555556,1,1,1,False,False
A2_W0::2011,0.6666666666666666,1,5,5,False,False
A2_W0::2011,0.75,1,1,1,False,False
A2_W0::2011,0.9,1,1,1,False,False
A2_W0::2011,1.0,15,11,9,True,False
A2_W0::2012,0.0126582278481012,2,14,13,True,False
A2_W0::2012,0.0227272727272727,1,11,11,False,False
A2_W0::2012,0.025,1,5,5,False,False
A2_W0::2012,0.0333333333333333,2,2,2,True,False
A2_W0::2012,0.0344827586206896,1,1,1,False,False
A2_W0::2012,0.0384615384615384,2,84,82,True,False
A2_W0::2012,0.04,1,2,2,False,False
A2_W0::2012,0.0434782608695652,1,128,128,False,False
A2_W0::2012,0.0454545454545454,2,22,22,True,False
A2_W0::2012,0.0476190476190476,1,16,16,False,False
A2_W0::2012,0.05,2,1,1,True,False
A2_W0::2012,0.0526315789473684,1,13,13,False,False
A2_W0::2012,0.0555555555555555,1,5,5,False,False
A2_W0::2012,0.0588235294117647,2,5,4,True,False
A2_W0::2012,0.0606060606060606,1,3,3,False,False
A2_W0::2012,0.0608108108108108,1,14,14,False,False
A2_W0::2012,0.0625,2,10,8,True,False
A2_W0::2012,0.0666666666666666,3,4,4,True,False
A2_W0::2012,0.0689655172413793,1,5,5,False,False
A2_W0::2012,0.0714285714285714,1,1,1,False,False
A2_W0::2012,0.074074074074074,1,5,5,False,False
A2_W0::2012,0.0769230769230769,3,13,13,True,False
A2_W0::2012,0.0833333333333333,9,176,89,True,False
A2_W0::2012,0.0909090909090909,7,18,12,True,False
A2_W0::2012,0.1,4,11,8,True,False
A2_W0::2012,0.1111111111111111,11,21,14,True,False
A2_W0::2012,0.1176470588235294,1,6,6,False,False
A2_W0::2012,0.125,7,15,9,True,False
A2_W0::2012,0.1333333333333333,1,0,0,False,False
A2_W0::2012,0.1428571428571428,12,65,57,True,False
A2_W0::2012,0.1538461538461538,1,2,2,False,False
A2_W0::2012,0.1578947368421052,1,2,2,False,False
A2_W0::2012,0.1666666666666666,8,27,23,True,False
A2_W0::2012,0.1739130434782608,1,3,3,False,False
A2_W0::2012,0.1764705882352941,1,3,3,False,False
A2_W0::2012,0.1808510638297872,1,2,2,False,False
A2_W0::2012,0.1818181818181818,5,15,13,True,False
A2_W0::2012,0.1875,1,1,1,False,False
A2_W0::2012,0.2,13,23,16,True,False
A2_W0::2012,0.2307692307692307,2,3,2,True,False
A2_W0::2012,0.25,12,28,18,True,False
A2_W0::2012,0.2631578947368421,1,2,2,False,False
A2_W0::2012,0.2666666666666666,1,0,0,False,False
A2_W0::2012,0.2857142857142857,5,10,5,True,False
A2_W0::2012,0.2903225806451612,1,3,3,False,False
A2_W0::2012,0.3076923076923077,2,4,3,True,False
A2_W0::2012,0.3333333333333333,27,41,34,True,False
A2_W0::2012,0.3380281690140845,1,1,1,False,False
A2_W0::2012,0.3636363636363636,1,3,3,False,False
A2_W0::2012,0.375,1,0,0,False,False
A2_W0::2012,0.4,9,12,5,True,False
A2_W0::2012,0.4285714285714285,2,10,9,True,False
A2_W0::2012,0.4545454545454546,1,1,1,False,False
A2_W0::2012,0.5,30,59,45,True,False
A2_W0::2012,0.5294117647058824,1,0,0,False,False
A2_W0::2012,0.5714285714285714,1,1,1,False,False
A2_W0::2012,0.5909090909090909,1,2,2,False,False
A2_W0::2012,0.6000000000000001,3,4,4,True,False
A2_W0::2012,0.6666666666666666,3,1,1,True,False
A2_W0::2012,0.875,1,3,3,False,False
A2_W0::2012,1.0,15,14,10,True,False
A2_W0::2013,0.0126582278481012,1,11,11,False,False
A2_W0::2013,0.0217391304347826,1,0,0,False,False
A2_W0::2013,0.0253164556962025,1,3,3,False,False
A2_W0::2013,0.0303030303030303,1,3,3,False,False
A2_W0::2013,0.0333333333333333,2,2,2,True,False
A2_W0::2013,0.0344827586206896,3,8,8,True,False
A2_W0::2013,0.0384615384615384,2,86,83,True,False
A2_W0::2013,0.0454545454545454,1,18,18,False,False
A2_W0::2013,0.0476190476190476,3,21,19,True,False
A2_W0::2013,0.0526315789473684,1,3,3,False,False
A2_W0::2013,0.0555555555555555,2,9,9,True,False
A2_W0::2013,0.0588235294117647,4,14,12,True,False
A2_W0::2013,0.0666666666666666,5,18,18,True,False
A2_W0::2013,0.0714285714285714,4,21,21,True,False
A2_W0::2013,0.074074074074074,1,5,5,False,False
A2_W0::2013,0.0769230769230769,5,8,7,True,False
A2_W0::2013,0.0833333333333333,12,145,74,True,False
A2_W0::2013,0.0878378378378378,1,14,14,False,False
A2_W0::2013,0.0909090909090909,8,18,14,True,False
A2_W0::2013,0.1,5,13,11,True,False
A2_W0::2013,0.1052631578947368,1,13,13,False,False
A2_W0::2013,0.1111111111111111,10,24,15,True,False
A2_W0::2013,0.1176470588235294,1,5,5,False,False
A2_W0::2013,0.125,15,21,16,True,False
A2_W0::2013,0.1363636363636363,3,19,14,True,False
A2_W0::2013,0.1382978723404255,1,2,2,False,False
A2_W0::2013,0.1428571428571428,15,70,52,True,False
A2_W0::2013,0.1538461538461538,2,4,2,False,False
A2_W0::2013,0.16,1,2,2,False,False
A2_W0::2013,0.1666666666666666,16,20,14,True,False
A2_W0::2013,0.1818181818181818,8,17,12,True,False
A2_W0::2013,0.1875,2,4,4,True,False
A2_W0::2013,0.2,29,61,46,True,False
A2_W0::2013,0.2105263157894736,2,4,3,True,False
A2_W0::2013,0.2222222222222222,4,8,8,True,False
A2_W0::2013,0.2307692307692307,3,5,4,True,False
A2_W0::2013,0.2352941176470588,1,0,0,False,False
A2_W0::2013,0.25,25,83,44,True,False
A2_W0::2013,0.2676056338028169,1,1,1,False,False
A2_W0::2013,0.2857142857142857,4,8,7,True,False
A2_W0::2013,0.3,3,7,4,True,False
A2_W0::2013,0.3043478260869565,1,3,3,False,False
A2_W0::2013,0.3125,1,1,1,False,False
A2_W0::2013,0.3181818181818182,1,2,2,False,False
A2_W0::2013,0.3333333333333333,26,25,18,True,False
A2_W0::2013,0.3529411764705882,1,3,3,False,False
A2_W0::2013,0.375,1,3,3,False,False
A2_W0::2013,0.3870967741935484,1,3,3,False,False
A2_W0::2013,0.4,7,8,8,True,False
A2_W0::2013,0.5,25,45,39,True,False
A2_W0::2013,0.5714285714285714,1,0,0,False,False
A2_W0::2013,0.5833333333333333,1,1,1,False,False
A2_W0::2013,0.6000000000000001,1,1,1,False,False
A2_W0::2013,0.6666666666666666,3,5,5,True,False
A2_W0::2013,0.6875,1,1,1,False,False
A2_W0::2013,0.75,2,1,1,True,False
A2_W0::2013,0.8333333333333333,1,1,1,False,False
A2_W0::2013,1.0,33,17,12,True,False
A2_W0::2014,0.0303030303030303,1,3,3,False,False
A2_W0::2014,0.0344827586206896,2,7,7,True,False
A2_W0::2014,0.0384615384615384,1,76,76,False,False
A2_W0::2014,0.0416666666666666,1,3,3,False,False
A2_W0::2014,0.0476190476190476,1,5,5,False,False
A2_W0::2014,0.0526315789473684,4,20,15,True,False
A2_W0::2014,0.0588235294117647,3,9,8,True,False
A2_W0::2014,0.0625,1,0,0,False,False
A2_W0::2014,0.0666666666666666,6,41,39,True,False
A2_W0::2014,0.0689655172413793,1,1,1,False,False
A2_W0::2014,0.0714285714285714,2,3,3,True,False
A2_W0::2014,0.0769230769230769,3,4,4,True,False
A2_W0::2014,0.0833333333333333,10,207,104,True,False
A2_W0::2014,0.0909090909090909,12,47,35,True,False
A2_W0::2014,0.0952380952380952,1,0,0,False,False
A2_W0::2014,0.0957446808510638,1,2,2,False,False
A2_W0::2014,0.0985915492957746,1,1,1,False,False
A2_W0::2014,0.1,5,29,23,True,False
A2_W0::2014,0.1013513513513513,1,14,14,False,False
A2_W0::2014,0.1111111111111111,13,40,24,True,False
A2_W0::2014,0.1153846153846153,1,10,10,False,False
A2_W0::2014,0.1176470588235294,2,10,9,True,False
A2_W0::2014,0.125,16,37,34,True,False
A2_W0::2014,0.1333333333333333,2,3,3,True,False
A2_W0::2014,0.1428571428571428,19,151,113,True,False
A2_W0::2014,0.15,1,3,3,False,False
A2_W0::2014,0.1538461538461538,2,4,3,True,False
A2_W0::2014,0.1578947368421052,1,2,2,False,False
A2_W0::2014,0.16,1,2,2,False,False
A2_W0::2014,0.1666666666666666,20,27,12,True,False
A2_W0::2014,0.1818181818181818,3,13,11,True,False
A2_W0::2014,0.2,18,13,11,True,False
A2_W0::2014,0.2222222222222222,3,15,11,True,False
A2_W0::2014,0.2307692307692307,2,3,2,True,False
A2_W0::2014,0.2352941176470588,1,0,0,False,False
A2_W0::2014,0.25,32,33,19,True,False
A2_W0::2014,0.2592592592592592,1,5,5,False,False
A2_W0::2014,0.2666666666666666,1,3,3,False,False
A2_W0::2014,0.2857142857142857,5,37,33,True,False
A2_W0::2014,0.3076923076923077,1,2,2,False,False
A2_W0::2014,0.3125,1,4,4,False,False
A2_W0::2014,0.3333333333333333,39,45,30,True,False
A2_W0::2014,0.3636363636363636,2,3,3,True,False
A2_W0::2014,0.375,2,4,4,True,False
A2_W0::2014,0.3846153846153846,1,2,2,False,False
A2_W0::2014,0.4,12,16,11,True,False
A2_W0::2014,0.4285714285714285,1,4,4,False,False
A2_W0::2014,0.4936708860759493,1,3,3,False,False
A2_W0::2014,0.5,40,37,26,True,False
A2_W0::2014,0.5454545454545454,1,2,2,False,False
A2_W0::2014,0.5714285714285714,1,0,0,False,False
A2_W0::2014,0.5909090909090909,1,4,4,False,False
A2_W0::2014,0.6000000000000001,3,4,4,True,False
A2_W0::2014,0.6363636363636364,1,2,2,False,False
A2_W0::2014,0.6666666666666666,8,15,11,True,False
A2_W0::2014,0.75,2,2,2,True,False
A2_W0::2014,0.8,1,1,1,False,False
A2_W0::2014,0.8571428571428571,1,0,0,False,False
A2_W0::2014,1.0,30,119,109,True,False
A2_W0::2015,0.0303030303030303,1,3,3,False,False
A2_W0::2015,0.0344827586206896,1,5,5,False,False
A2_W0::2015,0.0384615384615384,1,8,8,False,False
A2_W0::2015,0.04,1,10,10,False,False
A2_W0::2015,0.0454545454545454,2,115,104,True,False
A2_W0::2015,0.0476190476190476,1,16,16,False,False
A2_W0::2015,0.048780487804878,1,6,6,False,False
A2_W0::2015,0.05,1,14,14,False,False
A2_W0::2015,0.050632911392405,1,11,11,False,False
A2_W0::2015,0.0526315789473684,2,16,14,True,False
A2_W0::2015,0.0588235294117647,2,5,4,True,False
A2_W0::2015,0.0666666666666666,4,6,6,True,False
A2_W0::2015,0.0714285714285714,4,21,21,True,False
A2_W0::2015,0.0769230769230769,1,0,0,False,False
A2_W0::2015,0.0833333333333333,9,140,70,True,False
A2_W0::2015,0.0909090909090909,4,23,23,True,False
A2_W0::2015,0.1,3,9,8,True,False
A2_W0::2015,0.1063829787234042,1,2,2,False,False
A2_W0::2015,0.1081081081081081,1,14,14,False,False
A2_W0::2015,0.1111111111111111,7,23,21,True,False
A2_W0::2015,0.1176470588235294,1,5,5,False,False
A2_W0::2015,0.125,8,6,6,True,False
A2_W0::2015,0.1333333333333333,4,19,19,True,False
A2_W0::2015,0.1363636363636363,1,11,11,False,False
A2_W0::2015,0.1379310344827586,2,3,3,True,False
A2_W0::2015,0.1428571428571428,13,77,61,True,False
A2_W0::2015,0.15,1,3,3,False,False
A2_W0::2015,0.1538461538461538,3,14,13,True,False
A2_W0::2015,0.1578947368421052,1,2,2,False,False
A2_W0::2015,0.1666666666666666,14,21,14,True,False
A2_W0::2015,0.1818181818181818,2,5,5,True,False
A2_W0::2015,0.1875,2,3,3,True,False
A2_W0::2015,0.1904761904761904,1,0,0,False,False
A2_W0::2015,0.2,24,71,56,True,False
A2_W0::2015,0.2222222222222222,6,18,13,True,False
A2_W0::2015,0.2307692307692307,3,5,4,True,False
A2_W0::2015,0.2352941176470588,2,7,7,True,False
A2_W0::2015,0.25,31,62,41,True,False
A2_W0::2015,0.2658227848101265,1,3,3,False,False
A2_W0::2015,0.2727272727272727,4,6,5,True,False
A2_W0::2015,0.2857142857142857,4,7,7,True,False
A2_W0::2015,0.3,2,1,1,True,False
A2_W0::2015,0.3076923076923077,3,4,4,True,False
A2_W0::2015,0.3125,1,4,4,False,False
A2_W0::2015,0.3333333333333333,51,72,40,True,False
A2_W0::2015,0.3636363636363636,2,3,3,True,False
A2_W0::2015,0.375,2,3,3,True,False
A2_W0::2015,0.3846153846153846,1,2,2,False,False
A2_W0::2015,0.4,10,11,7,True,False
A2_W0::2015,0.4166666666666666,3,4,3,True,False
A2_W0::2015,0.4285714285714285,2,7,7,True,False
A2_W0::2015,0.4444444444444444,1,1,1,False,False
A2_W0::2015,0.4666666666666667,1,3,3,False,False
A2_W0::2015,0.5,52,43,18,True,False
A2_W0::2015,0.5384615384615385,2,4,2,False,False
A2_W0::2015,0.5714285714285714,1,2,2,False,False
A2_W0::2015,0.6000000000000001,6,3,3,True,False
A2_W0::2015,0.6666666666666666,9,10,8,True,False
A2_W0::2015,0.7272727272727273,1,0,0,False,False
A2_W0::2015,0.75,3,4,4,True,False
A2_W0::2015,0.8181818181818182,1,0,0,False,False
A2_W0::2015,0.8333333333333333,1,0,0,False,False
A2_W0::2015,0.8571428571428571,1,1,1,False,False
A2_W0::2015,1.0,44,26,15,True,False
A2_W0::2016,0.0217391304347826,1,0,0,False,False
A2_W0::2016,0.0227272727272727,1,11,11,False,False
A2_W0::2016,0.024390243902439,1,6,6,False,False
A2_W0::2016,0.025,1,5,5,False,False
A2_W0::2016,0.0303030303030303,1,3,3,False,False
A2_W0::2016,0.037037037037037,1,5,5,False,False
A2_W0::2016,0.0384615384615384,2,84,82,True,False
A2_W0::2016,0.04,1,10,10,False,False
A2_W0::2016,0.0416666666666666,1,3,3,False,False
A2_W0::2016,0.0434782608695652,1,128,128,False,False
A2_W0::2016,0.0476190476190476,2,21,19,True,False
A2_W0::2016,0.0526315789473684,2,15,14,True,False
A2_W0::2016,0.0555555555555555,1,5,5,False,False
A2_W0::2016,0.0588235294117647,1,4,4,False,False
A2_W0::2016,0.0625,3,88,85,True,False
A2_W0::2016,0.0666666666666666,2,2,2,True,False
A2_W0::2016,0.0689655172413793,1,5,5,False,False
A2_W0::2016,0.0714285714285714,2,20,20,True,False
A2_W0::2016,0.0769230769230769,2,2,2,True,False
A2_W0::2016,0.08,1,2,2,False,False
A2_W0::2016,0.0833333333333333,6,30,28,True,False
A2_W0::2016,0.0909090909090909,5,108,103,True,False
A2_W0::2016,0.0945945945945946,1,14,14,False,False
A2_W0::2016,0.1,3,7,7,True,False
A2_W0::2016,0.1020408163265306,1,4,4,False,False
A2_W0::2016,0.1111111111111111,9,30,22,True,False
A2_W0::2016,0.1139240506329113,1,11,11,False,False
A2_W0::2016,0.1176470588235294,3,5,5,True,False
A2_W0::2016,0.125,10,163,92,True,False
A2_W0::2016,0.1333333333333333,1,16,16,False,False
A2_W0::2016,0.1428571428571428,12,25,21,True,False
A2_W0::2016,0.1538461538461538,3,5,5,True,False
A2_W0::2016,0.1595744680851064,1,2,2,False,False
A2_W0::2016,0.1666666666666666,15,38,20,True,False
A2_W0::2016,0.1785714285714285,1,5,5,False,False
A2_W0::2016,0.1818181818181818,4,9,8,True,False
A2_W0::2016,0.2,24,92,71,True,False
A2_W0::2016,0.2142857142857142,1,1,1,False,False
A2_W0::2016,0.2222222222222222,4,8,7,True,False
A2_W0::2016,0.2413793103448275,1,2,2,False,False
A2_W0::2016,0.25,40,88,57,True,False
A2_W0::2016,0.2666666666666666,2,0,0,False,False
A2_W0::2016,0.2727272727272727,1,2,2,False,False
A2_W0::2016,0.2857142857142857,2,25,25,True,False
A2_W0::2016,0.3,3,4,2,True,False
A2_W0::2016,0.3103448275862069,1,1,1,False,False
A2_W0::2016,0.3125,1,0,0,False,False
A2_W0::2016,0.3181818181818182,1,18,18,False,False
A2_W0::2016,0.3333333333333333,46,66,38,True,False
A2_W0::2016,0.3636363636363636,1,0,0,False,False
A2_W0::2016,0.375,4,5,5,True,False
A2_W0::2016,0.4,8,29,27,True,False
A2_W0::2016,0.4285714285714285,2,2,2,True,False
A2_W0::2016,0.4444444444444444,3,11,10,True,False
A2_W0::2016,0.4545454545454546,1,3,3,False,False
A2_W0::2016,0.4615384615384615,1,2,2,False,False
A2_W0::2016,0.5,46,68,40,True,False
A2_W0::2016,0.5384615384615385,1,10,10,False,False
A2_W0::2016,0.5454545454545454,1,2,2,False,False
A2_W0::2016,0.5555555555555556,1,2,2,False,False
A2_W0::2016,0.5714285714285714,1,1,1,False,False
A2_W0::2016,0.5833333333333333,2,3,3,True,False
A2_W0::2016,0.5882352941176471,1,3,3,False,False
A2_W0::2016,0.6000000000000001,6,9,6,True,False
A2_W0::2016,0.625,2,0,0,False,False
A2_W0::2016,0.6666666666666666,6,8,7,True,False
A2_W0::2016,0.6923076923076923,1,0,0,False,False
A2_W0::2016,0.75,3,4,3,True,False
A2_W0::2016,0.8,3,4,3,True,False
A2_W0::2016,0.8571428571428571,1,0,0,False,False
A2_W0::2016,0.9230769230769232,1,0,0,False,False
A2_W0::2016,1.0,41,36,22,True,False
A2_W0::2017,0.0175438596491228,1,5,5,False,False
A2_W0::2017,0.0303030303030303,1,3,3,False,False
A2_W0::2017,0.0344827586206896,1,5,5,False,False
A2_W0::2017,0.0384615384615384,2,84,82,True,False
A2_W0::2017,0.0434782608695652,1,128,128,False,False
A2_W0::2017,0.0476190476190476,1,5,5,False,False
A2_W0::2017,0.048780487804878,1,6,6,False,False
A2_W0::2017,0.0526315789473684,3,10,7,True,False
A2_W0::2017,0.0588235294117647,2,5,4,True,False
A2_W0::2017,0.0606060606060606,1,5,5,False,False
A2_W0::2017,0.0666666666666666,4,39,37,True,False
A2_W0::2017,0.0714285714285714,1,1,1,False,False
A2_W0::2017,0.0769230769230769,4,8,8,True,False
A2_W0::2017,0.0816326530612244,1,4,4,False,False
A2_W0::2017,0.0833333333333333,6,77,58,True,False
A2_W0::2017,0.0869565217391304,1,0,0,False,False
A2_W0::2017,0.0909090909090909,2,5,4,True,False
A2_W0::2017,0.0952380952380952,1,16,16,False,False
A2_W0::2017,0.1,8,111,101,True,False
A2_W0::2017,0.1063829787234042,1,2,2,False,False
A2_W0::2017,0.1111111111111111,9,34,33,True,False
A2_W0::2017,0.1148648648648648,1,14,14,False,False
A2_W0::2017,0.1176470588235294,1,5,5,False,False
A2_W0::2017,0.125,10,144,123,True,False
A2_W0::2017,0.1363636363636363,1,97,97,False,False
A2_W0::2017,0.1379310344827586,1,1,1,False,False
A2_W0::2017,0.1428571428571428,16,163,117,True,False
A2_W0::2017,0.1538461538461538,2,2,2,True,False
A2_W0::2017,0.1578947368421052,1,13,13,False,False
A2_W0::2017,0.1666666666666666,23,169,82,True,False
A2_W0::2017,0.1764705882352941,1,3,3,False,False
A2_W0::2017,0.1818181818181818,4,26,26,True,False
A2_W0::2017,0.1875,1,6,6,False,False
A2_W0::2017,0.2,25,85,59,True,False
A2_W0::2017,0.2222222222222222,1,4,4,False,False
A2_W0::2017,0.2272727272727273,1,18,18,False,False
A2_W0::2017,0.2278481012658227,1,11,11,False,False
A2_W0::2017,0.25,39,143,88,True,False
A2_W0::2017,0.2727272727272727,2,17,17,True,False
A2_W0::2017,0.2857142857142857,7,12,9,True,False
A2_W0::2017,0.2916666666666666,1,3,3,False,False
A2_W0::2017,0.3076923076923077,1,1,1,False,False
A2_W0::2017,0.3333333333333333,39,89,50,True,False
A2_W0::2017,0.3448275862068966,1,2,2,False,False
A2_W0::2017,0.3636363636363636,1,7,7,False,False
A2_W0::2017,0.375,6,28,25,True,False
A2_W0::2017,0.4,8,37,34,True,False
A2_W0::2017,0.4285714285714285,2,3,3,True,False
A2_W0::2017,0.4444444444444444,1,5,5,False,False
A2_W0::2017,0.4666666666666667,1,1,1,False,False
A2_W0::2017,0.5,42,58,27,True,False
A2_W0::2017,0.5384615384615385,1,2,2,False,False
A2_W0::2017,0.5714285714285714,1,1,1,False,False
A2_W0::2017,0.5833333333333333,1,1,1,False,False
A2_W0::2017,0.6000000000000001,5,11,10,True,False
A2_W0::2017,0.625,1,1,1,False,False
A2_W0::2017,0.6666666666666666,16,25,15,True,False
A2_W0::2017,0.75,5,5,4,True,False
A2_W0::2017,0.8333333333333333,1,0,0,False,False
A2_W0::2017,0.8888888888888888,1,0,0,False,False
A2_W0::2017,1.0,61,63,35,True,False
A2_W0::2018,0.0106382978723404,1,2,2,False,False
A2_W0::2018,0.0204081632653061,1,4,4,False,False
A2_W0::2018,0.0303030303030303,1,3,3,False,False
A2_W0::2018,0.0344827586206896,1,5,5,False,False
A2_W0::2018,0.0384615384615384,1,76,76,False,False
A2_W0::2018,0.0454545454545454,1,18,18,False,False
A2_W0::2018,0.0476190476190476,1,5,5,False,False
A2_W0::2018,0.0526315789473684,2,8,6,True,False
A2_W0::2018,0.0625,2,7,7,True,False
A2_W0::2018,0.0666666666666666,4,3,3,True,False
A2_W0::2018,0.0769230769230769,3,4,4,True,False
A2_W0::2018,0.0833333333333333,3,16,16,True,False
A2_W0::2018,0.0909090909090909,5,19,17,True,False
A2_W0::2018,0.1,6,33,28,True,False
A2_W0::2018,0.1052631578947368,2,15,14,True,False
A2_W0::2018,0.1111111111111111,5,20,19,True,False
A2_W0::2018,0.1176470588235294,2,6,5,True,False
A2_W0::2018,0.125,11,93,82,True,False
A2_W0::2018,0.1304347826086956,2,128,128,True,False
A2_W0::2018,0.1333333333333333,2,18,18,True,False
A2_W0::2018,0.1379310344827586,1,2,2,False,False
A2_W0::2018,0.1428571428571428,9,74,61,True,False
A2_W0::2018,0.1486486486486486,1,14,14,False,False
A2_W0::2018,0.1538461538461538,1,2,2,False,False
A2_W0::2018,0.1666666666666666,10,37,30,True,False
A2_W0::2018,0.1764705882352941,3,4,4,True,False
A2_W0::2018,0.2,11,44,40,True,False
A2_W0::2018,0.2083333333333333,2,118,59,False,False
A2_W0::2018,0.2142857142857142,2,20,20,True,False
A2_W0::2018,0.2222222222222222,2,15,13,True,False
A2_W0::2018,0.2307692307692307,1,0,0,False,False
A2_W0::2018,0.2413793103448275,1,1,1,False,False
A2_W0::2018,0.25,32,187,111,True,False
A2_W0::2018,0.2857142857142857,4,26,23,True,False
A2_W0::2018,0.2916666666666666,1,3,3,False,False
A2_W0::2018,0.3125,1,3,3,False,False
A2_W0::2018,0.3333333333333333,28,93,68,True,False
A2_W0::2018,0.3414634146341463,1,6,6,False,False
A2_W0::2018,0.3636363636363636,3,32,30,True,False
A2_W0::2018,0.375,1,0,0,False,False
A2_W0::2018,0.3846153846153846,1,2,2,False,False
A2_W0::2018,0.4,12,103,81,True,False
A2_W0::2018,0.4285714285714285,2,1,1,True,False
A2_W0::2018,0.4375,1,74,74,False,False
A2_W0::2018,0.45,1,5,5,False,False
A2_W0::2018,0.4683544303797468,1,11,11,False,False
A2_W0::2018,0.4761904761904761,1,16,16,False,False
A2_W0::2018,0.5,46,98,58,True,False
A2_W0::2018,0.5384615384615385,1,8,8,False,False
A2_W0::2018,0.5454545454545454,1,2,2,False,False
A2_W0::2018,0.5714285714285714,2,4,4,True,False
A2_W0::2018,0.6000000000000001,8,10,6,True,False
A2_W0::2018,0.6666666666666666,19,85,68,True,False
A2_W0::2018,0.6818181818181819,1,97,97,False,False
A2_W0::2018,0.75,3,3,3,True,False
A2_W0::2018,0.8,1,1,1,False,False
A2_W0::2018,0.8333333333333333,2,2,2,True,False
A2_W0::2018,0.9,1,0,0,False,False
A2_W0::2018,1.0,32,109,81,True,False
A2_W0::2019,0.0303030303030303,1,3,3,False,False
A2_W0::2019,0.0333333333333333,1,2,2,False,False
A2_W0::2019,0.0344827586206896,1,5,5,False,False
A2_W0::2019,0.0350877192982456,1,5,5,False,False
A2_W0::2019,0.0476190476190476,1,5,5,False,False
A2_W0::2019,0.05,1,114,114,False,False
A2_W0::2019,0.0526315789473684,1,13,13,False,False
A2_W0::2019,0.0625,1,6,6,False,False
A2_W0::2019,0.0666666666666666,1,0,0,False,False
A2_W0::2019,0.0714285714285714,3,21,21,True,False
A2_W0::2019,0.0769230769230769,2,4,4,True,False
A2_W0::2019,0.0833333333333333,1,43,43,False,False
A2_W0::2019,0.0878378378378378,1,14,14,False,False
A2_W0::2019,0.0909090909090909,5,35,33,True,False
A2_W0::2019,0.1,4,22,20,True,False
A2_W0::2019,0.1052631578947368,2,5,4,True,False
A2_W0::2019,0.1111111111111111,3,20,19,True,False
A2_W0::2019,0.1176470588235294,1,5,5,False,False
A2_W0::2019,0.125,3,5,5,True,False
A2_W0::2019,0.1333333333333333,3,16,16,True,False
A2_W0::2019,0.1428571428571428,10,63,60,True,False
A2_W0::2019,0.1463414634146341,1,6,6,False,False
A2_W0::2019,0.1538461538461538,1,5,5,False,False
A2_W0::2019,0.1666666666666666,13,63,51,True,False
A2_W0::2019,0.1764705882352941,1,1,1,False,False
A2_W0::2019,0.1818181818181818,2,6,5,True,False
A2_W0::2019,0.1875,1,74,74,False,False
A2_W0::2019,0.2,22,79,55,True,False
A2_W0::2019,0.2083333333333333,1,3,3,False,False
A2_W0::2019,0.2222222222222222,3,2,2,True,False
A2_W0::2019,0.2307692307692307,2,78,78,True,False
A2_W0::2019,0.2352941176470588,1,4,4,False,False
A2_W0::2019,0.25,19,170,117,True,False
A2_W0::2019,0.2857142857142857,4,8,7,True,False
A2_W0::2019,0.3,2,24,22,True,False
A2_W0::2019,0.3076923076923077,1,8,8,False,False
A2_W0::2019,0.3125,1,1,1,False,False
A2_W0::2019,0.3260869565217391,1,0,0,False,False
A2_W0::2019,0.3333333333333333,35,112,74,True,False
A2_W0::2019,0.3636363636363636,2,38,34,True,False
A2_W0::2019,0.3684210526315789,1,5,5,False,False
A2_W0::2019,0.375,3,37,35,True,False
A2_W0::2019,0.4,9,91,67,True,False
A2_W0::2019,0.4285714285714285,2,68,67,True,False
A2_W0::2019,0.4444444444444444,1,12,12,False,False
A2_W0::2019,0.5,51,131,71,True,False
A2_W0::2019,0.5454545454545454,2,4,4,True,False
A2_W0::2019,0.5555555555555556,3,7,7,True,False
A2_W0::2019,0.5652173913043478,1,128,128,False,False
A2_W0::2019,0.5714285714285714,2,3,3,True,False
A2_W0::2019,0.6000000000000001,4,8,4,True,False
A2_W0::2019,0.625,1,1,1,False,False
A2_W0::2019,0.6470588235294118,2,0,0,False,False
A2_W0::2019,0.6666666666666666,8,31,26,True,False
A2_W0::2019,0.75,9,37,28,True,False
A2_W0::2019,0.7692307692307693,1,2,2,False,False
A2_W0::2019,0.8,1,12,12,False,False
A2_W0::2019,0.8571428571428571,1,1,1,False,False
A2_W0::2019,1.0,43,119,76,True,False
A2_W0::2020,0.0303030303030303,1,3,3,False,False
A2_W0::2020,0.0333333333333333,1,0,0,False,False
A2_W0::2020,0.05,1,114,114,False,False
A2_W0::2020,0.0588235294117647,3,1,1,True,False
A2_W0::2020,0.0666666666666666,2,23,23,True,False
A2_W0::2020,0.0714285714285714,1,2,2,False,False
A2_W0::2020,0.0769230769230769,3,5,5,True,False
A2_W0::2020,0.0833333333333333,4,50,49,True,False
A2_W0::2020,0.0909090909090909,1,10,10,False,False
A2_W0::2020,0.1,3,92,91,True,False
A2_W0::2020,0.1052631578947368,1,2,2,False,False
A2_W0::2020,0.1111111111111111,1,12,12,False,False
A2_W0::2020,0.1176470588235294,1,4,4,False,False
A2_W0::2020,0.1228070175438596,1,5,5,False,False
A2_W0::2020,0.125,1,3,3,False,False
A2_W0::2020,0.1304347826086956,1,128,128,False,False
A2_W0::2020,0.1333333333333333,1,2,2,False,False
A2_W0::2020,0.1379310344827586,1,5,5,False,False
A2_W0::2020,0.1428571428571428,9,65,58,True,False
A2_W0::2020,0.1666666666666666,6,6,5,True,False
A2_W0::2020,0.1707317073170731,1,6,6,False,False
A2_W0::2020,0.1739130434782608,1,0,0,False,False
A2_W0::2020,0.1818181818181818,2,16,16,True,False
A2_W0::2020,0.2,21,241,141,True,False
A2_W0::2020,0.2222222222222222,2,8,8,True,False
A2_W0::2020,0.2244897959183673,1,18,18,False,False
A2_W0::2020,0.2307692307692307,2,3,3,True,False
A2_W0::2020,0.25,24,219,116,True,False
A2_W0::2020,0.2666666666666666,1,0,0,False,False
A2_W0::2020,0.2692307692307693,1,76,76,False,False
A2_W0::2020,0.2727272727272727,1,1,1,False,False
A2_W0::2020,0.2857142857142857,8,155,115,True,False
A2_W0::2020,0.2941176470588235,1,1,1,False,False
A2_W0::2020,0.3,1,4,4,False,False
A2_W0::2020,0.3333333333333333,28,258,137,True,False
A2_W0::2020,0.4,6,38,36,True,False
A2_W0::2020,0.4081632653061224,1,4,4,False,False
A2_W0::2020,0.4210526315789473,1,5,5,False,False
A2_W0::2020,0.4242424242424242,1,5,5,False,False
A2_W0::2020,0.4285714285714285,3,11,10,True,False
A2_W0::2020,0.4615384615384615,1,5,5,False,False
A2_W0::2020,0.4736842105263157,1,3,3,False,False
A2_W0::2020,0.5,48,233,132,True,False
A2_W0::2020,0.5555555555555556,1,4,4,False,False
A2_W0::2020,0.5714285714285714,1,2,2,False,False
A2_W0::2020,0.6000000000000001,5,15,8,True,False
A2_W0::2020,0.625,2,1,1,True,False
A2_W0::2020,0.64,1,10,10,False,False
A2_W0::2020,0.6666666666666666,10,39,33,True,False
A2_W0::2020,0.75,6,44,44,True,False
A2_W0::2020,0.8,1,0,0,False,False
A2_W0::2020,0.8333333333333333,1,6,6,False,False
A2_W0::2020,0.875,1,4,4,False,False
A2_W0::2020,1.0,35,180,87,True,False
A2_W0::2021,0.0303030303030303,1,3,3,False,False
A2_W0::2021,0.0476190476190476,1,5,5,False,False
A2_W0::2021,0.05,1,114,114,False,False
A2_W0::2021,0.0526315789473684,1,3,3,False,False
A2_W0::2021,0.0666666666666666,2,23,23,True,False
A2_W0::2021,0.0714285714285714,1,1,1,False,False
A2_W0::2021,0.0769230769230769,1,76,76,False,False
A2_W0::2021,0.08,1,10,10,False,False
A2_W0::2021,0.0909090909090909,1,1,1,False,False
A2_W0::2021,0.0975609756097561,1,6,6,False,False
A2_W0::2021,0.108695652173913,1,0,0,False,False
A2_W0::2021,0.1111111111111111,1,4,4,False,False
A2_W0::2021,0.125,2,13,12,True,False
A2_W0::2021,0.1333333333333333,1,2,2,False,False
A2_W0::2021,0.1428571428571428,2,14,14,True,False
A2_W0::2021,0.1578947368421052,1,2,2,False,False
A2_W0::2021,0.1666666666666666,5,28,26,True,False
A2_W0::2021,0.1818181818181818,2,15,15,True,False
A2_W0::2021,0.2,8,109,81,True,False
A2_W0::2021,0.2307692307692307,1,1,1,False,False
A2_W0::2021,0.2352941176470588,1,1,1,False,False
A2_W0::2021,0.25,11,41,31,True,False
A2_W0::2021,0.2727272727272727,1,1,1,False,False
A2_W0::2021,0.2857142857142857,4,48,39,True,False
A2_W0::2021,0.3,2,4,4,True,False
A2_W0::2021,0.3333333333333333,17,148,87,True,False
A2_W0::2021,0.375,1,6,6,False,False
A2_W0::2021,0.3846153846153846,1,5,5,False,False
A2_W0::2021,0.3877551020408163,1,4,4,False,False
A2_W0::2021,0.4,6,29,23,True,False
A2_W0::2021,0.4285714285714285,4,8,7,True,False
A2_W0::2021,0.45,1,14,14,False,False
A2_W0::2021,0.4545454545454546,1,5,5,False,False
A2_W0::2021,0.5,27,125,72,True,False
A2_W0::2021,0.5714285714285714,2,14,14,True,False
A2_W0::2021,0.5833333333333333,2,48,48,True,False
A2_W0::2021,0.6000000000000001,2,34,33,True,False
A2_W0::2021,0.6153846153846154,2,8,7,True,False
A2_W0::2021,0.6666666666666666,10,13,12,True,False
A2_W0::2021,0.7000000000000001,1,86,86,False,False
A2_W0::2021,0.7142857142857142,2,5,5,True,False
A2_W0::2021,0.7346938775510203,1,18,18,False,False
A2_W0::2021,0.75,3,1,1,True,False
A2_W0::2021,0.7719298245614035,1,5,5,False,False
A2_W0::2021,0.8,4,13,12,True,False
A2_W0::2021,0.8125,1,7,7,False,False
A2_W0::2021,1.0,28,140,78,True,False
A2_W0::2022,0.0217391304347826,1,0,0,False,False
A2_W0::2022,0.0303030303030303,1,3,3,False,False
A2_W0::2022,0.0350877192982456,1,5,5,False,False
A2_W0::2022,0.05,1,114,114,False,False
A2_W0::2022,0.0625,1,7,7,False,False
A2_W0::2022,0.0666666666666666,1,21,21,False,False
A2_W0::2022,0.0714285714285714,1,1,1,False,False
A2_W0::2022,0.0833333333333333,1,5,5,False,False
A2_W0::2022,0.1,3,14,14,True,False
A2_W0::2022,0.1111111111111111,1,0,0,False,False
A2_W0::2022,0.125,1,2,2,False,False
A2_W0::2022,0.1428571428571428,3,12,12,True,False
A2_W0::2022,0.1538461538461538,2,4,4,True,False
A2_W0::2022,0.1578947368421052,1,2,2,False,False
A2_W0::2022,0.1666666666666666,4,8,6,True,False
A2_W0::2022,0.2,4,28,26,True,False
A2_W0::2022,0.25,7,5,5,True,False
A2_W0::2022,0.2727272727272727,1,5,5,False,False
A2_W0::2022,0.2857142857142857,3,25,17,True,False
A2_W0::2022,0.3,1,4,4,False,False
A2_W0::2022,0.3076923076923077,1,5,5,False,False
A2_W0::2022,0.3333333333333333,8,51,45,True,False
A2_W0::2022,0.3636363636363636,1,10,10,False,False
A2_W0::2022,0.4,4,51,50,True,False
A2_W0::2022,0.4285714285714285,1,1,1,False,False
A2_W0::2022,0.4545454545454546,1,1,1,False,False
A2_W0::2022,0.5,13,38,30,True,False
A2_W0::2022,0.6000000000000001,2,6,6,True,False
A2_W0::2022,0.6666666666666666,9,46,42,True,False
A2_W0::2022,0.7142857142857142,1,0,0,False,False
A2_W0::2022,0.75,2,2,2,True,False
A2_W0::2022,1.0,18,28,19,True,False
A2_W0::2023,0.0303030303030303,1,3,3,False,False
A2_W0::2023,0.0714285714285714,1,1,1,False,False
A2_W0::2023,0.0769230769230769,1,1,1,False,False
A2_W0::2023,0.0909090909090909,1,10,10,False,False
A2_W0::2023,0.1,2,11,11,True,False
A2_W0::2023,0.1428571428571428,3,17,9,True,False
A2_W0::2023,0.2,1,1,1,False,False
A2_W0::2023,0.25,5,4,4,True,False
A2_W0::2023,0.2857142857142857,2,39,39,True,False
A2_W0::2023,0.3333333333333333,2,36,36,True,False
A2_W0::2023,0.4,1,15,15,False,False
A2_W0::2023,0.4285714285714285,1,9,9,False,False
A2_W0::2023,0.5,6,11,10,True,False
A2_W0::2023,0.6,1,21,21,False,False
A2_W0::2023,0.6666666666666666,7,18,18,True,False
A2_W0::2023,0.75,1,0,0,False,False
A2_W0::2023,0.8,2,116,115,True,False
A2_W0::2023,1.0,6,10,8,True,False
